Run_ID,Algorytm,Metoda,DA_bazowa_%,DA_metody_%,Delta_DA_pp,b,c,p,p_Holm_rodzina,Rodzina_n,Istotne_005
1234567_poprawny_L1C_class,maximum likelihood,GMM,56.3164,56.4345,0.1181,11,12,1.0000,1.0000,102,nie
1234567_poprawny_L1C_class,maximum likelihood,Mahalanobis,56.3164,58.9138,2.5974,7,29,0.0005,0.0377,102,TAK
1234567_poprawny_L1C_class,maximum likelihood,IsolationForest,56.3164,56.3164,0.0000,12,12,1.0000,1.0000,102,nie
1234567_poprawny_L1C_class,maximum likelihood,PCA_Reconstruction,56.3164,56.1983,-0.1181,10,9,1.0000,1.0000,102,nie
1234567_poprawny_L1C_class,maximum likelihood,Robust_Mahalanobis,56.3164,26.8005,-29.5159,295,45,0.0000,0.0000,102,TAK
1234567_poprawny_L1C_class,maximum likelihood,SAM,56.3164,55.6080,-0.7084,12,6,0.2379,1.0000,102,nie
1234567_poprawny_L1C_class,maximum likelihood,HotellingT2,56.3164,59.0319,2.7155,8,31,0.0004,0.0354,102,TAK
1234567_poprawny_L1C_class,maximum likelihood,MAD,56.3164,43.2113,-13.1051,393,282,0.0000,0.0021,102,TAK
1234567_poprawny_L1C_class,maximum likelihood,IQR,56.3164,48.0519,-8.2645,113,43,0.0000,0.0000,102,TAK
1234567_poprawny_L1C_class,maximum likelihood,EllipticEnvelope,56.3164,56.4345,0.1181,9,10,1.0000,1.0000,102,nie
1234567_poprawny_L1C_class,maximum likelihood,OneClassSVM,56.3164,53.2468,-3.0697,51,25,0.0041,0.3060,102,nie
1234567_poprawny_L1C_class,maximum likelihood,LOF,56.3164,57.2609,0.9445,9,17,0.1698,1.0000,102,nie
1234567_poprawny_L1C_class,maximum likelihood,Erosion,56.3164,11.2161,-45.1004,408,26,0.0000,0.0000,102,TAK
1234567_poprawny_L1C_class,maximum likelihood,kNN,56.3164,55.6080,-0.7084,12,6,0.2379,1.0000,102,nie
1234567_poprawny_L1C_class,maximum likelihood,PCA,56.3164,43.8017,-12.5148,165,59,0.0000,0.0000,102,TAK
1234567_poprawny_L1C_class,maximum likelihood,Percentile,56.3164,57.6151,1.2987,28,39,0.2218,1.0000,102,nie
1234567_poprawny_L1C_class,maximum likelihood,Band_Z-score,56.3164,56.3164,0.0000,12,12,1.0000,1.0000,102,nie
1234567_poprawny_L1C_class,random forest,GMM,48.5242,46.6352,-1.8890,24,8,0.0080,0.5527,102,nie
1234567_poprawny_L1C_class,random forest,Robust_Mahalanobis,48.5242,41.7946,-6.7296,114,57,0.0000,0.0017,102,TAK
1234567_poprawny_L1C_class,random forest,Mahalanobis,48.5242,45.2184,-3.3058,32,4,0.0000,0.0006,102,TAK
1234567_poprawny_L1C_class,random forest,OneClassSVM,48.5242,46.3991,-2.1251,28,10,0.0058,0.4140,102,nie
1234567_poprawny_L1C_class,random forest,PCA,48.5242,41.0862,-7.4380,111,48,0.0000,0.0001,102,TAK
1234567_poprawny_L1C_class,random forest,SAM,48.5242,45.8087,-2.7155,31,8,0.0004,0.0354,102,TAK
1234567_poprawny_L1C_class,random forest,EllipticEnvelope,48.5242,45.1004,-3.4238,31,2,0.0000,0.0001,102,TAK
1234567_poprawny_L1C_class,random forest,kNN,48.5242,45.6907,-2.8335,26,2,0.0000,0.0013,102,TAK
1234567_poprawny_L1C_class,random forest,LOF,48.5242,46.0449,-2.4793,24,3,0.0001,0.0104,102,TAK
1234567_poprawny_L1C_class,random forest,Percentile,48.5242,45.8087,-2.7155,32,9,0.0006,0.0467,102,TAK
1234567_poprawny_L1C_class,random forest,IQR,48.5242,43.0933,-5.4309,66,20,0.0000,0.0001,102,TAK
1234567_poprawny_L1C_class,random forest,Erosion,48.5242,45.3365,-3.1877,37,10,0.0001,0.0128,102,TAK
1234567_poprawny_L1C_class,random forest,PCA_Reconstruction,48.5242,48.2881,-0.2361,16,14,0.8551,1.0000,102,nie
1234567_poprawny_L1C_class,random forest,Band_Z-score,48.5242,46.2810,-2.2432,26,7,0.0017,0.1348,102,nie
1234567_poprawny_L1C_class,random forest,IsolationForest,48.5242,45.4545,-3.0697,28,2,0.0000,0.0005,102,TAK
1234567_poprawny_L1C_class,random forest,MAD,48.5242,46.5171,-2.0071,43,26,0.0541,1.0000,102,nie
1234567_poprawny_L1C_class,random forest,HotellingT2,48.5242,45.6907,-2.8335,28,4,0.0000,0.0043,102,TAK
1234567_poprawny_L1C_class,multi-layer perceptron,Mahalanobis,76.7414,77.5679,0.8264,33,40,0.4825,1.0000,102,nie
1234567_poprawny_L1C_class,multi-layer perceptron,Band_Z-score,76.7414,74.2621,-2.4793,63,42,0.0510,1.0000,102,nie
1234567_poprawny_L1C_class,multi-layer perceptron,EllipticEnvelope,76.7414,76.6234,-0.1181,45,44,1.0000,1.0000,102,nie
1234567_poprawny_L1C_class,multi-layer perceptron,SAM,76.7414,79.2208,2.4793,37,58,0.0402,1.0000,102,nie
1234567_poprawny_L1C_class,multi-layer perceptron,PCA_Reconstruction,76.7414,78.1582,1.4168,34,46,0.2188,1.0000,102,nie
1234567_poprawny_L1C_class,multi-layer perceptron,IQR,76.7414,73.0815,-3.6600,66,35,0.0028,0.2183,102,nie
1234567_poprawny_L1C_class,multi-layer perceptron,MAD,76.7414,76.5053,-0.2361,38,36,0.9075,1.0000,102,nie
1234567_poprawny_L1C_class,multi-layer perceptron,kNN,76.7414,75.5608,-1.1806,25,15,0.1547,1.0000,102,nie
1234567_poprawny_L1C_class,multi-layer perceptron,LOF,76.7414,80.8737,4.1322,22,57,0.0001,0.0114,102,TAK
1234567_poprawny_L1C_class,multi-layer perceptron,HotellingT2,76.7414,78.3943,1.6529,34,48,0.1511,1.0000,102,nie
1234567_poprawny_L1C_class,multi-layer perceptron,Robust_Mahalanobis,76.7414,75.0885,-1.6529,75,61,0.2650,1.0000,102,nie
1234567_poprawny_L1C_class,multi-layer perceptron,Erosion,76.7414,68.9492,-7.7922,82,16,0.0000,0.0000,102,TAK
1234567_poprawny_L1C_class,multi-layer perceptron,IsolationForest,76.7414,79.9292,3.1877,15,42,0.0006,0.0459,102,TAK
1234567_poprawny_L1C_class,multi-layer perceptron,Percentile,76.7414,80.8737,4.1322,28,63,0.0004,0.0307,102,TAK
1234567_poprawny_L1C_class,multi-layer perceptron,OneClassSVM,76.7414,76.0331,-0.7084,59,53,0.6366,1.0000,102,nie
1234567_poprawny_L1C_class,multi-layer perceptron,GMM,76.7414,75.3247,-1.4168,46,34,0.2188,1.0000,102,nie
1234567_poprawny_L1C_class,multi-layer perceptron,PCA,76.7414,74.9705,-1.7710,101,86,0.3059,1.0000,102,nie
1234567_poprawny_L1C_class,support vector machine,MAD,78.7485,75.6789,-3.0697,36,10,0.0002,0.0194,102,TAK
1234567_poprawny_L1C_class,support vector machine,IQR,78.7485,77.5679,-1.1806,26,16,0.1649,1.0000,102,nie
1234567_poprawny_L1C_class,support vector machine,SAM,78.7485,78.9847,0.2361,7,9,0.8036,1.0000,102,nie
1234567_poprawny_L1C_class,support vector machine,PCA_Reconstruction,78.7485,78.6305,-0.1181,5,4,1.0000,1.0000,102,nie
1234567_poprawny_L1C_class,support vector machine,Mahalanobis,78.7485,77.2137,-1.5348,16,3,0.0044,0.3230,102,nie
1234567_poprawny_L1C_class,support vector machine,EllipticEnvelope,78.7485,78.8666,0.1181,6,7,1.0000,1.0000,102,nie
1234567_poprawny_L1C_class,support vector machine,Band_Z-score,78.7485,78.7485,0.0000,3,3,1.0000,1.0000,102,nie
1234567_poprawny_L1C_class,support vector machine,OneClassSVM,78.7485,78.6305,-0.1181,5,4,1.0000,1.0000,102,nie
1234567_poprawny_L1C_class,support vector machine,GMM,78.7485,78.3943,-0.3542,5,2,0.4531,1.0000,102,nie
1234567_poprawny_L1C_class,support vector machine,PCA,78.7485,78.1582,-0.5903,80,75,0.7480,1.0000,102,nie
1234567_poprawny_L1C_class,support vector machine,Percentile,78.7485,79.2208,0.4723,11,15,0.5563,1.0000,102,nie
1234567_poprawny_L1C_class,support vector machine,Erosion,78.7485,76.6234,-2.1251,26,8,0.0036,0.2664,102,nie
1234567_poprawny_L1C_class,support vector machine,IsolationForest,78.7485,78.9847,0.2361,7,9,0.8036,1.0000,102,nie
1234567_poprawny_L1C_class,support vector machine,HotellingT2,78.7485,77.4498,-1.2987,18,7,0.0455,1.0000,102,nie
1234567_poprawny_L1C_class,support vector machine,LOF,78.7485,78.8666,0.1181,4,5,1.0000,1.0000,102,nie
1234567_poprawny_L1C_class,support vector machine,kNN,78.7485,78.7485,0.0000,2,2,1.0000,1.0000,102,nie
1234567_poprawny_L1C_class,support vector machine,Robust_Mahalanobis,78.7485,74.9705,-3.7780,79,47,0.0058,0.4140,102,nie
1234567_poprawny_L1C_class,spectral angle mapping,PCA_Reconstruction,76.8595,77.2137,0.3542,3,6,0.5078,1.0000,102,nie
1234567_poprawny_L1C_class,spectral angle mapping,SAM,76.8595,77.2137,0.3542,3,6,0.5078,1.0000,102,nie
1234567_poprawny_L1C_class,spectral angle mapping,EllipticEnvelope,76.8595,76.9776,0.1181,3,4,1.0000,1.0000,102,nie
1234567_poprawny_L1C_class,spectral angle mapping,Band_Z-score,76.8595,77.0956,0.2361,2,4,0.6875,1.0000,102,nie
1234567_poprawny_L1C_class,spectral angle mapping,Mahalanobis,76.8595,77.2137,0.3542,4,7,0.5488,1.0000,102,nie
1234567_poprawny_L1C_class,spectral angle mapping,MAD,76.8595,74.7344,-2.1251,28,10,0.0058,0.4140,102,nie
1234567_poprawny_L1C_class,spectral angle mapping,IQR,76.8595,74.8524,-2.0071,30,13,0.0147,0.9988,102,nie
1234567_poprawny_L1C_class,spectral angle mapping,IsolationForest,76.8595,77.5679,0.7084,3,9,0.1460,1.0000,102,nie
1234567_poprawny_L1C_class,spectral angle mapping,Erosion,76.8595,76.1511,-0.7084,14,8,0.2863,1.0000,102,nie
1234567_poprawny_L1C_class,spectral angle mapping,Robust_Mahalanobis,76.8595,79.4569,2.5974,34,56,0.0269,1.0000,102,nie
1234567_poprawny_L1C_class,spectral angle mapping,HotellingT2,76.8595,77.5679,0.7084,3,9,0.1460,1.0000,102,nie
1234567_poprawny_L1C_class,spectral angle mapping,kNN,76.8595,76.8595,0.0000,2,2,1.0000,1.0000,102,nie
1234567_poprawny_L1C_class,spectral angle mapping,LOF,76.8595,77.0956,0.2361,3,5,0.7266,1.0000,102,nie
1234567_poprawny_L1C_class,spectral angle mapping,PCA,76.8595,80.8737,4.0142,45,79,0.0030,0.2312,102,nie
1234567_poprawny_L1C_class,spectral angle mapping,GMM,76.8595,76.8595,0.0000,3,3,1.0000,1.0000,102,nie
1234567_poprawny_L1C_class,spectral angle mapping,OneClassSVM,76.8595,76.8595,0.0000,3,3,1.0000,1.0000,102,nie
1234567_poprawny_L1C_class,spectral angle mapping,Percentile,76.8595,77.8040,0.9445,3,11,0.0574,1.0000,102,nie
1234567_poprawny_L1C_class,minimum distance,GMM,75.3247,75.2066,-0.1181,1,0,1.0000,1.0000,102,nie
1234567_poprawny_L1C_class,minimum distance,OneClassSVM,75.3247,75.0885,-0.2361,2,0,0.5000,1.0000,102,nie
1234567_poprawny_L1C_class,minimum distance,Erosion,75.3247,75.0885,-0.2361,6,4,0.7539,1.0000,102,nie
1234567_poprawny_L1C_class,minimum distance,PCA,75.3247,76.3872,1.0626,59,68,0.4778,1.0000,102,nie
1234567_poprawny_L1C_class,minimum distance,Percentile,75.3247,75.3247,0.0000,4,4,1.0000,1.0000,102,nie
1234567_poprawny_L1C_class,minimum distance,IsolationForest,75.3247,75.3247,0.0000,2,2,1.0000,1.0000,102,nie
1234567_poprawny_L1C_class,minimum distance,LOF,75.3247,75.0885,-0.2361,2,0,0.5000,1.0000,102,nie
1234567_poprawny_L1C_class,minimum distance,Mahalanobis,75.3247,75.3247,0.0000,2,2,1.0000,1.0000,102,nie
1234567_poprawny_L1C_class,minimum distance,EllipticEnvelope,75.3247,75.2066,-0.1181,1,0,1.0000,1.0000,102,nie
1234567_poprawny_L1C_class,minimum distance,PCA_Reconstruction,75.3247,75.2066,-0.1181,1,0,1.0000,1.0000,102,nie
1234567_poprawny_L1C_class,minimum distance,IQR,75.3247,76.1511,0.8264,19,26,0.3711,1.0000,102,nie
1234567_poprawny_L1C_class,minimum distance,Robust_Mahalanobis,75.3247,75.9150,0.5903,50,55,0.6963,1.0000,102,nie
1234567_poprawny_L1C_class,minimum distance,HotellingT2,75.3247,75.2066,-0.1181,3,2,1.0000,1.0000,102,nie
1234567_poprawny_L1C_class,minimum distance,kNN,75.3247,75.2066,-0.1181,1,0,1.0000,1.0000,102,nie
1234567_poprawny_L1C_class,minimum distance,Band_Z-score,75.3247,75.3247,0.0000,1,1,1.0000,1.0000,102,nie
1234567_poprawny_L1C_class,minimum distance,MAD,75.3247,73.1995,-2.1251,41,23,0.0336,1.0000,102,nie
1234567_poprawny_L1C_class,minimum distance,SAM,75.3247,75.3247,0.0000,1,1,1.0000,1.0000,102,nie
1234567_poprawny_L1C_roi,maximum likelihood,GMM,56.3164,55.6080,-0.7084,15,9,0.3075,1.0000,102,nie
1234567_poprawny_L1C_roi,maximum likelihood,Mahalanobis,56.3164,54.1913,-2.1251,56,38,0.0795,1.0000,102,nie
1234567_poprawny_L1C_roi,maximum likelihood,IsolationForest,56.3164,55.0177,-1.2987,12,1,0.0034,0.2871,102,nie
1234567_poprawny_L1C_roi,maximum likelihood,PCA_Reconstruction,56.3164,56.4345,0.1181,7,8,1.0000,1.0000,102,nie
1234567_poprawny_L1C_roi,maximum likelihood,Robust_Mahalanobis,56.3164,51.7119,-4.6045,116,77,0.0062,0.4924,102,nie
1234567_poprawny_L1C_roi,maximum likelihood,SAM,56.3164,55.0177,-1.2987,15,4,0.0192,1.0000,102,nie
1234567_poprawny_L1C_roi,maximum likelihood,HotellingT2,56.3164,53.0106,-3.3058,60,32,0.0049,0.4000,102,nie
1234567_poprawny_L1C_roi,maximum likelihood,MAD,56.3164,9.6812,-46.6352,411,16,0.0000,0.0000,102,TAK
1234567_poprawny_L1C_roi,maximum likelihood,IQR,56.3164,9.7993,-46.5171,410,16,0.0000,0.0000,102,TAK
1234567_poprawny_L1C_roi,maximum likelihood,EllipticEnvelope,56.3164,55.6080,-0.7084,12,6,0.2379,1.0000,102,nie
1234567_poprawny_L1C_roi,maximum likelihood,OneClassSVM,56.3164,57.2609,0.9445,9,17,0.1698,1.0000,102,nie
1234567_poprawny_L1C_roi,maximum likelihood,LOF,56.3164,55.8442,-0.4723,12,8,0.5034,1.0000,102,nie
1234567_poprawny_L1C_roi,maximum likelihood,Erosion,56.3164,11.2161,-45.1004,408,26,0.0000,0.0000,102,TAK
1234567_poprawny_L1C_roi,maximum likelihood,kNN,56.3164,55.3719,-0.9445,13,5,0.0963,1.0000,102,nie
1234567_poprawny_L1C_roi,maximum likelihood,PCA,56.3164,3.0697,-53.2468,465,14,0.0000,0.0000,102,TAK
1234567_poprawny_L1C_roi,maximum likelihood,Percentile,56.3164,53.1287,-3.1877,57,30,0.0053,0.4303,102,nie
1234567_poprawny_L1C_roi,maximum likelihood,Band_Z-score,56.3164,52.6564,-3.6600,61,30,0.0017,0.1429,102,nie
1234567_poprawny_L1C_roi,random forest,GMM,46.1629,46.1629,0.0000,9,9,1.0000,1.0000,102,nie
1234567_poprawny_L1C_roi,random forest,Robust_Mahalanobis,46.1629,43.8017,-2.3613,34,14,0.0061,0.4879,102,nie
1234567_poprawny_L1C_roi,random forest,Mahalanobis,46.1629,45.6907,-0.4723,14,10,0.5413,1.0000,102,nie
1234567_poprawny_L1C_roi,random forest,OneClassSVM,46.1629,45.4545,-0.7084,16,10,0.3268,1.0000,102,nie
1234567_poprawny_L1C_roi,random forest,PCA,46.1629,47.6978,1.5348,14,27,0.0609,1.0000,102,nie
1234567_poprawny_L1C_roi,random forest,SAM,46.1629,45.3365,-0.8264,12,5,0.1435,1.0000,102,nie
1234567_poprawny_L1C_roi,random forest,EllipticEnvelope,46.1629,45.9268,-0.2361,7,5,0.7744,1.0000,102,nie
1234567_poprawny_L1C_roi,random forest,kNN,46.1629,45.5726,-0.5903,12,7,0.3593,1.0000,102,nie
1234567_poprawny_L1C_roi,random forest,LOF,46.1629,44.8642,-1.2987,22,11,0.0817,1.0000,102,nie
1234567_poprawny_L1C_roi,random forest,Percentile,46.1629,46.8713,0.7084,7,13,0.2632,1.0000,102,nie
1234567_poprawny_L1C_roi,random forest,IQR,46.1629,44.8642,-1.2987,21,10,0.0725,1.0000,102,nie
1234567_poprawny_L1C_roi,random forest,Erosion,46.1629,44.5100,-1.6529,33,19,0.0714,1.0000,102,nie
1234567_poprawny_L1C_roi,random forest,PCA_Reconstruction,46.1629,46.6352,0.4723,12,16,0.5708,1.0000,102,nie
1234567_poprawny_L1C_roi,random forest,Band_Z-score,46.1629,44.9823,-1.1806,18,8,0.0776,1.0000,102,nie
1234567_poprawny_L1C_roi,random forest,IsolationForest,46.1629,45.6907,-0.4723,9,5,0.4240,1.0000,102,nie
1234567_poprawny_L1C_roi,random forest,MAD,46.1629,44.3920,-1.7710,23,8,0.0119,0.9298,102,nie
1234567_poprawny_L1C_roi,random forest,HotellingT2,46.1629,45.5726,-0.5903,12,7,0.3593,1.0000,102,nie
1234567_poprawny_L1C_roi,multi-layer perceptron,Mahalanobis,71.7828,77.4498,5.6671,39,87,0.0000,0.0025,102,TAK
1234567_poprawny_L1C_roi,multi-layer perceptron,Band_Z-score,71.7828,79.8111,8.0283,37,105,0.0000,0.0000,102,TAK
1234567_poprawny_L1C_roi,multi-layer perceptron,EllipticEnvelope,71.7828,74.3802,2.5974,43,65,0.0433,1.0000,102,nie
1234567_poprawny_L1C_roi,multi-layer perceptron,SAM,71.7828,76.1511,4.3684,9,46,0.0000,0.0001,102,TAK
1234567_poprawny_L1C_roi,multi-layer perceptron,PCA_Reconstruction,71.7828,80.9917,9.2090,26,104,0.0000,0.0000,102,TAK
1234567_poprawny_L1C_roi,multi-layer perceptron,IQR,71.7828,77.2137,5.4309,37,83,0.0000,0.0035,102,TAK
1234567_poprawny_L1C_roi,multi-layer perceptron,MAD,71.7828,79.6930,7.9103,28,95,0.0000,0.0000,102,TAK
1234567_poprawny_L1C_roi,multi-layer perceptron,kNN,71.7828,78.0401,6.2574,40,93,0.0000,0.0006,102,TAK
1234567_poprawny_L1C_roi,multi-layer perceptron,LOF,71.7828,79.1027,7.3200,29,91,0.0000,0.0000,102,TAK
1234567_poprawny_L1C_roi,multi-layer perceptron,HotellingT2,71.7828,72.9634,1.1806,60,70,0.4299,1.0000,102,nie
1234567_poprawny_L1C_roi,multi-layer perceptron,Robust_Mahalanobis,71.7828,77.9221,6.1393,34,86,0.0000,0.0003,102,TAK
1234567_poprawny_L1C_roi,multi-layer perceptron,Erosion,71.7828,68.9492,-2.8335,83,59,0.0536,1.0000,102,nie
1234567_poprawny_L1C_roi,multi-layer perceptron,IsolationForest,71.7828,77.5679,5.7851,17,66,0.0000,0.0000,102,TAK
1234567_poprawny_L1C_roi,multi-layer perceptron,Percentile,71.7828,77.4498,5.6671,11,59,0.0000,0.0000,102,TAK
1234567_poprawny_L1C_roi,multi-layer perceptron,OneClassSVM,71.7828,76.6234,4.8406,70,111,0.0029,0.2505,102,nie
1234567_poprawny_L1C_roi,multi-layer perceptron,GMM,71.7828,78.0401,6.2574,78,131,0.0003,0.0280,102,TAK
1234567_poprawny_L1C_roi,multi-layer perceptron,PCA,71.7828,74.6163,2.8335,66,90,0.0656,1.0000,102,nie
1234567_poprawny_L1C_roi,support vector machine,MAD,78.7485,77.4498,-1.2987,18,7,0.0455,1.0000,102,nie
1234567_poprawny_L1C_roi,support vector machine,IQR,78.7485,77.6860,-1.0626,19,10,0.1374,1.0000,102,nie
1234567_poprawny_L1C_roi,support vector machine,SAM,78.7485,78.2763,-0.4723,8,4,0.3877,1.0000,102,nie
1234567_poprawny_L1C_roi,support vector machine,PCA_Reconstruction,78.7485,78.6305,-0.1181,2,1,1.0000,1.0000,102,nie
1234567_poprawny_L1C_roi,support vector machine,Mahalanobis,78.7485,78.5124,-0.2361,6,4,0.7539,1.0000,102,nie
1234567_poprawny_L1C_roi,support vector machine,EllipticEnvelope,78.7485,78.6305,-0.1181,2,1,1.0000,1.0000,102,nie
1234567_poprawny_L1C_roi,support vector machine,Band_Z-score,78.7485,78.6305,-0.1181,6,5,1.0000,1.0000,102,nie
1234567_poprawny_L1C_roi,support vector machine,OneClassSVM,78.7485,78.2763,-0.4723,5,1,0.2188,1.0000,102,nie
1234567_poprawny_L1C_roi,support vector machine,GMM,78.7485,78.8666,0.1181,3,4,1.0000,1.0000,102,nie
1234567_poprawny_L1C_roi,support vector machine,PCA,78.7485,77.4498,-1.2987,21,10,0.0725,1.0000,102,nie
1234567_poprawny_L1C_roi,support vector machine,Percentile,78.7485,78.5124,-0.2361,7,5,0.7744,1.0000,102,nie
1234567_poprawny_L1C_roi,support vector machine,Erosion,78.7485,76.6234,-2.1251,26,8,0.0036,0.2948,102,nie
1234567_poprawny_L1C_roi,support vector machine,IsolationForest,78.7485,78.6305,-0.1181,4,3,1.0000,1.0000,102,nie
1234567_poprawny_L1C_roi,support vector machine,HotellingT2,78.7485,78.6305,-0.1181,6,5,1.0000,1.0000,102,nie
1234567_poprawny_L1C_roi,support vector machine,LOF,78.7485,78.7485,0.0000,4,4,1.0000,1.0000,102,nie
1234567_poprawny_L1C_roi,support vector machine,kNN,78.7485,78.6305,-0.1181,5,4,1.0000,1.0000,102,nie
1234567_poprawny_L1C_roi,support vector machine,Robust_Mahalanobis,78.7485,77.0956,-1.6529,29,15,0.0500,1.0000,102,nie
1234567_poprawny_L1C_roi,spectral angle mapping,PCA_Reconstruction,76.8595,76.6234,-0.2361,3,1,0.6250,1.0000,102,nie
1234567_poprawny_L1C_roi,spectral angle mapping,SAM,76.8595,76.6234,-0.2361,3,1,0.6250,1.0000,102,nie
1234567_poprawny_L1C_roi,spectral angle mapping,EllipticEnvelope,76.8595,76.6234,-0.2361,3,1,0.6250,1.0000,102,nie
1234567_poprawny_L1C_roi,spectral angle mapping,Band_Z-score,76.8595,76.9776,0.1181,3,4,1.0000,1.0000,102,nie
1234567_poprawny_L1C_roi,spectral angle mapping,Mahalanobis,76.8595,76.8595,0.0000,3,3,1.0000,1.0000,102,nie
1234567_poprawny_L1C_roi,spectral angle mapping,MAD,76.8595,77.4498,0.5903,5,10,0.3018,1.0000,102,nie
1234567_poprawny_L1C_roi,spectral angle mapping,IQR,76.8595,77.5679,0.7084,7,13,0.2632,1.0000,102,nie
1234567_poprawny_L1C_roi,spectral angle mapping,IsolationForest,76.8595,76.6234,-0.2361,3,1,0.6250,1.0000,102,nie
1234567_poprawny_L1C_roi,spectral angle mapping,Erosion,76.8595,76.1511,-0.7084,14,8,0.2863,1.0000,102,nie
1234567_poprawny_L1C_roi,spectral angle mapping,Robust_Mahalanobis,76.8595,77.0956,0.2361,13,15,0.8501,1.0000,102,nie
1234567_poprawny_L1C_roi,spectral angle mapping,HotellingT2,76.8595,77.0956,0.2361,3,5,0.7266,1.0000,102,nie
1234567_poprawny_L1C_roi,spectral angle mapping,kNN,76.8595,76.6234,-0.2361,3,1,0.6250,1.0000,102,nie
1234567_poprawny_L1C_roi,spectral angle mapping,LOF,76.8595,76.6234,-0.2361,3,1,0.6250,1.0000,102,nie
1234567_poprawny_L1C_roi,spectral angle mapping,PCA,76.8595,76.9776,0.1181,12,13,1.0000,1.0000,102,nie
1234567_poprawny_L1C_roi,spectral angle mapping,GMM,76.8595,76.6234,-0.2361,3,1,0.6250,1.0000,102,nie
1234567_poprawny_L1C_roi,spectral angle mapping,OneClassSVM,76.8595,76.3872,-0.4723,4,0,0.1250,1.0000,102,nie
1234567_poprawny_L1C_roi,spectral angle mapping,Percentile,76.8595,77.0956,0.2361,3,5,0.7266,1.0000,102,nie
1234567_poprawny_L1C_roi,minimum distance,GMM,75.3247,75.2066,-0.1181,1,0,1.0000,1.0000,102,nie
1234567_poprawny_L1C_roi,minimum distance,OneClassSVM,75.3247,75.2066,-0.1181,1,0,1.0000,1.0000,102,nie
1234567_poprawny_L1C_roi,minimum distance,Erosion,75.3247,75.0885,-0.2361,6,4,0.7539,1.0000,102,nie
1234567_poprawny_L1C_roi,minimum distance,PCA,75.3247,75.5608,0.2361,3,5,0.7266,1.0000,102,nie
1234567_poprawny_L1C_roi,minimum distance,Percentile,75.3247,75.2066,-0.1181,1,0,1.0000,1.0000,102,nie
1234567_poprawny_L1C_roi,minimum distance,IsolationForest,75.3247,75.0885,-0.2361,2,0,0.5000,1.0000,102,nie
1234567_poprawny_L1C_roi,minimum distance,LOF,75.3247,74.9705,-0.3542,3,0,0.2500,1.0000,102,nie
1234567_poprawny_L1C_roi,minimum distance,Mahalanobis,75.3247,75.2066,-0.1181,1,0,1.0000,1.0000,102,nie
1234567_poprawny_L1C_roi,minimum distance,EllipticEnvelope,75.3247,74.9705,-0.3542,3,0,0.2500,1.0000,102,nie
1234567_poprawny_L1C_roi,minimum distance,PCA_Reconstruction,75.3247,75.0885,-0.2361,2,0,0.5000,1.0000,102,nie
1234567_poprawny_L1C_roi,minimum distance,IQR,75.3247,75.7969,0.4723,1,5,0.2188,1.0000,102,nie
1234567_poprawny_L1C_roi,minimum distance,Robust_Mahalanobis,75.3247,75.2066,-0.1181,6,5,1.0000,1.0000,102,nie
1234567_poprawny_L1C_roi,minimum distance,HotellingT2,75.3247,75.2066,-0.1181,1,0,1.0000,1.0000,102,nie
1234567_poprawny_L1C_roi,minimum distance,kNN,75.3247,75.0885,-0.2361,2,0,0.5000,1.0000,102,nie
1234567_poprawny_L1C_roi,minimum distance,Band_Z-score,75.3247,75.2066,-0.1181,1,0,1.0000,1.0000,102,nie
1234567_poprawny_L1C_roi,minimum distance,MAD,75.3247,75.4427,0.1181,2,3,1.0000,1.0000,102,nie
1234567_poprawny_L1C_roi,minimum distance,SAM,75.3247,75.2066,-0.1181,1,0,1.0000,1.0000,102,nie
1234567_poprawny_L2A_class,maximum likelihood,GMM,60.3306,60.4486,0.1181,9,10,1.0000,1.0000,102,nie
1234567_poprawny_L2A_class,maximum likelihood,Mahalanobis,60.3306,61.1570,0.8264,14,21,0.3105,1.0000,102,nie
1234567_poprawny_L2A_class,maximum likelihood,IsolationForest,60.3306,61.3932,1.0626,7,16,0.0931,1.0000,102,nie
1234567_poprawny_L2A_class,maximum likelihood,PCA_Reconstruction,60.3306,59.3861,-0.9445,9,1,0.0215,1.0000,102,nie
1234567_poprawny_L2A_class,maximum likelihood,Robust_Mahalanobis,60.3306,12.1606,-48.1700,415,7,0.0000,0.0000,102,TAK
1234567_poprawny_L2A_class,maximum likelihood,SAM,60.3306,60.9209,0.5903,10,15,0.4237,1.0000,102,nie
1234567_poprawny_L2A_class,maximum likelihood,HotellingT2,60.3306,60.8028,0.4723,16,20,0.6171,1.0000,102,nie
1234567_poprawny_L2A_class,maximum likelihood,MAD,60.3306,60.9209,0.5903,17,22,0.5218,1.0000,102,nie
1234567_poprawny_L2A_class,maximum likelihood,IQR,60.3306,61.6293,1.2987,25,36,0.2004,1.0000,102,nie
1234567_poprawny_L2A_class,maximum likelihood,EllipticEnvelope,60.3306,60.0945,-0.2361,9,7,0.8036,1.0000,102,nie
1234567_poprawny_L2A_class,maximum likelihood,OneClassSVM,60.3306,60.2125,-0.1181,6,5,1.0000,1.0000,102,nie
1234567_poprawny_L2A_class,maximum likelihood,LOF,60.3306,60.6848,0.3542,8,11,0.6476,1.0000,102,nie
1234567_poprawny_L2A_class,maximum likelihood,Erosion,60.3306,55.6080,-4.7226,67,27,0.0001,0.0054,102,TAK
1234567_poprawny_L2A_class,maximum likelihood,kNN,60.3306,60.2125,-0.1181,8,7,1.0000,1.0000,102,nie
1234567_poprawny_L2A_class,maximum likelihood,PCA,60.3306,53.9551,-6.3754,79,25,0.0000,0.0000,102,TAK
1234567_poprawny_L2A_class,maximum likelihood,Percentile,60.3306,62.2196,1.8890,15,31,0.0270,1.0000,102,nie
1234567_poprawny_L2A_class,maximum likelihood,Band_Z-score,60.3306,60.0945,-0.2361,10,8,0.8145,1.0000,102,nie
1234567_poprawny_L2A_class,random forest,GMM,69.8937,70.4841,0.5903,5,10,0.3018,1.0000,102,nie
1234567_poprawny_L2A_class,random forest,Robust_Mahalanobis,69.8937,68.1228,-1.7710,110,95,0.3282,1.0000,102,nie
1234567_poprawny_L2A_class,random forest,Mahalanobis,69.8937,72.8453,2.9516,14,39,0.0010,0.0871,102,nie
1234567_poprawny_L2A_class,random forest,OneClassSVM,69.8937,73.1995,3.3058,9,37,0.0001,0.0064,102,TAK
1234567_poprawny_L2A_class,random forest,PCA,69.8937,65.9976,-3.8961,120,87,0.0261,1.0000,102,nie
1234567_poprawny_L2A_class,random forest,SAM,69.8937,73.1995,3.3058,6,34,0.0000,0.0019,102,TAK
1234567_poprawny_L2A_class,random forest,EllipticEnvelope,69.8937,71.3105,1.4168,7,19,0.0310,1.0000,102,nie
1234567_poprawny_L2A_class,random forest,kNN,69.8937,71.0744,1.1806,2,12,0.0129,1.0000,102,nie
1234567_poprawny_L2A_class,random forest,LOF,69.8937,70.2479,0.3542,7,10,0.6291,1.0000,102,nie
1234567_poprawny_L2A_class,random forest,Percentile,69.8937,73.4357,3.5419,10,40,0.0000,0.0039,102,TAK
1234567_poprawny_L2A_class,random forest,IQR,69.8937,68.9492,-0.9445,47,39,0.4504,1.0000,102,nie
1234567_poprawny_L2A_class,random forest,Erosion,69.8937,67.2963,-2.5974,73,51,0.0593,1.0000,102,nie
1234567_poprawny_L2A_class,random forest,PCA_Reconstruction,69.8937,71.4286,1.5348,3,16,0.0044,0.3761,102,nie
1234567_poprawny_L2A_class,random forest,Band_Z-score,69.8937,71.0744,1.1806,7,17,0.0639,1.0000,102,nie
1234567_poprawny_L2A_class,random forest,IsolationForest,69.8937,71.9008,2.0071,11,28,0.0104,0.8533,102,nie
1234567_poprawny_L2A_class,random forest,MAD,69.8937,66.9421,-2.9516,63,38,0.0169,1.0000,102,nie
1234567_poprawny_L2A_class,random forest,HotellingT2,69.8937,70.3660,0.4723,15,19,0.6069,1.0000,102,nie
1234567_poprawny_L2A_class,multi-layer perceptron,Mahalanobis,74.1440,75.4427,1.2987,75,86,0.4306,1.0000,102,nie
1234567_poprawny_L2A_class,multi-layer perceptron,Band_Z-score,74.1440,72.1370,-2.0071,76,59,0.1685,1.0000,102,nie
1234567_poprawny_L2A_class,multi-layer perceptron,EllipticEnvelope,74.1440,78.2763,4.1322,30,65,0.0005,0.0442,102,TAK
1234567_poprawny_L2A_class,multi-layer perceptron,SAM,74.1440,79.8111,5.6671,38,86,0.0000,0.0023,102,TAK
1234567_poprawny_L2A_class,multi-layer perceptron,PCA_Reconstruction,74.1440,76.1511,2.0071,47,64,0.1288,1.0000,102,nie
1234567_poprawny_L2A_class,multi-layer perceptron,IQR,74.1440,75.0885,0.9445,60,68,0.5361,1.0000,102,nie
1234567_poprawny_L2A_class,multi-layer perceptron,MAD,74.1440,66.8241,-7.3200,130,68,0.0000,0.0014,102,TAK
1234567_poprawny_L2A_class,multi-layer perceptron,kNN,74.1440,78.7485,4.6045,21,60,0.0000,0.0023,102,TAK
1234567_poprawny_L2A_class,multi-layer perceptron,LOF,74.1440,72.8453,-1.2987,65,54,0.3593,1.0000,102,nie
1234567_poprawny_L2A_class,multi-layer perceptron,HotellingT2,74.1440,73.1995,-0.9445,89,81,0.5914,1.0000,102,nie
1234567_poprawny_L2A_class,multi-layer perceptron,Robust_Mahalanobis,74.1440,76.8595,2.7155,72,95,0.0887,1.0000,102,nie
1234567_poprawny_L2A_class,multi-layer perceptron,Erosion,74.1440,78.0401,3.8961,32,65,0.0012,0.1019,102,nie
1234567_poprawny_L2A_class,multi-layer perceptron,IsolationForest,74.1440,77.0956,2.9516,39,64,0.0180,1.0000,102,nie
1234567_poprawny_L2A_class,multi-layer perceptron,Percentile,74.1440,79.2208,5.0767,39,82,0.0001,0.0124,102,TAK
1234567_poprawny_L2A_class,multi-layer perceptron,OneClassSVM,74.1440,70.9563,-3.1877,95,68,0.0417,1.0000,102,nie
1234567_poprawny_L2A_class,multi-layer perceptron,GMM,74.1440,75.9150,1.7710,65,80,0.2450,1.0000,102,nie
1234567_poprawny_L2A_class,multi-layer perceptron,PCA,74.1440,70.4841,-3.6600,82,51,0.0093,0.7708,102,nie
1234567_poprawny_L2A_class,support vector machine,MAD,74.7344,73.1995,-1.5348,29,16,0.0736,1.0000,102,nie
1234567_poprawny_L2A_class,support vector machine,IQR,74.7344,75.7969,1.0626,28,37,0.3211,1.0000,102,nie
1234567_poprawny_L2A_class,support vector machine,SAM,74.7344,75.5608,0.8264,5,12,0.1435,1.0000,102,nie
1234567_poprawny_L2A_class,support vector machine,PCA_Reconstruction,74.7344,74.7344,0.0000,3,3,1.0000,1.0000,102,nie
1234567_poprawny_L2A_class,support vector machine,Mahalanobis,74.7344,74.6163,-0.1181,12,11,1.0000,1.0000,102,nie
1234567_poprawny_L2A_class,support vector machine,EllipticEnvelope,74.7344,74.7344,0.0000,2,2,1.0000,1.0000,102,nie
1234567_poprawny_L2A_class,support vector machine,Band_Z-score,74.7344,74.9705,0.2361,2,4,0.6875,1.0000,102,nie
1234567_poprawny_L2A_class,support vector machine,OneClassSVM,74.7344,74.7344,0.0000,3,3,1.0000,1.0000,102,nie
1234567_poprawny_L2A_class,support vector machine,GMM,74.7344,74.9705,0.2361,2,4,0.6875,1.0000,102,nie
1234567_poprawny_L2A_class,support vector machine,PCA,74.7344,75.0885,0.3542,58,61,0.8545,1.0000,102,nie
1234567_poprawny_L2A_class,support vector machine,Percentile,74.7344,76.3872,1.6529,9,23,0.0216,1.0000,102,nie
1234567_poprawny_L2A_class,support vector machine,Erosion,74.7344,72.3731,-2.3613,28,8,0.0015,0.1342,102,nie
1234567_poprawny_L2A_class,support vector machine,IsolationForest,74.7344,75.4427,0.7084,5,11,0.2101,1.0000,102,nie
1234567_poprawny_L2A_class,support vector machine,HotellingT2,74.7344,74.7344,0.0000,11,11,1.0000,1.0000,102,nie
1234567_poprawny_L2A_class,support vector machine,LOF,74.7344,74.7344,0.0000,2,2,1.0000,1.0000,102,nie
1234567_poprawny_L2A_class,support vector machine,kNN,74.7344,74.7344,0.0000,3,3,1.0000,1.0000,102,nie
1234567_poprawny_L2A_class,support vector machine,Robust_Mahalanobis,74.7344,79.8111,5.0767,56,99,0.0007,0.0668,102,nie
1234567_poprawny_L2A_class,spectral angle mapping,PCA_Reconstruction,72.0189,72.0189,0.0000,0,0,1.0000,1.0000,102,nie
1234567_poprawny_L2A_class,spectral angle mapping,SAM,72.0189,72.3731,0.3542,0,3,0.2500,1.0000,102,nie
1234567_poprawny_L2A_class,spectral angle mapping,EllipticEnvelope,72.0189,72.1370,0.1181,1,2,1.0000,1.0000,102,nie
1234567_poprawny_L2A_class,spectral angle mapping,Band_Z-score,72.0189,71.9008,-0.1181,4,3,1.0000,1.0000,102,nie
1234567_poprawny_L2A_class,spectral angle mapping,Mahalanobis,72.0189,72.0189,0.0000,4,4,1.0000,1.0000,102,nie
1234567_poprawny_L2A_class,spectral angle mapping,MAD,72.0189,71.0744,-0.9445,13,5,0.0963,1.0000,102,nie
1234567_poprawny_L2A_class,spectral angle mapping,IQR,72.0189,70.4841,-1.5348,17,4,0.0072,0.6046,102,nie
1234567_poprawny_L2A_class,spectral angle mapping,IsolationForest,72.0189,72.2550,0.2361,2,4,0.6875,1.0000,102,nie
1234567_poprawny_L2A_class,spectral angle mapping,Erosion,72.0189,72.4911,0.4723,5,9,0.4240,1.0000,102,nie
1234567_poprawny_L2A_class,spectral angle mapping,Robust_Mahalanobis,72.0189,76.5053,4.4864,17,55,0.0000,0.0013,102,TAK
1234567_poprawny_L2A_class,spectral angle mapping,HotellingT2,72.0189,71.7828,-0.2361,7,5,0.7744,1.0000,102,nie
1234567_poprawny_L2A_class,spectral angle mapping,kNN,72.0189,72.1370,0.1181,0,1,1.0000,1.0000,102,nie
1234567_poprawny_L2A_class,spectral angle mapping,LOF,72.0189,72.1370,0.1181,0,1,1.0000,1.0000,102,nie
1234567_poprawny_L2A_class,spectral angle mapping,PCA,72.0189,73.5537,1.5348,25,38,0.1306,1.0000,102,nie
1234567_poprawny_L2A_class,spectral angle mapping,GMM,72.0189,72.1370,0.1181,0,1,1.0000,1.0000,102,nie
1234567_poprawny_L2A_class,spectral angle mapping,OneClassSVM,72.0189,72.0189,0.0000,0,0,1.0000,1.0000,102,nie
1234567_poprawny_L2A_class,spectral angle mapping,Percentile,72.0189,71.9008,-0.1181,4,3,1.0000,1.0000,102,nie
1234567_poprawny_L2A_class,minimum distance,GMM,72.7273,72.8453,0.1181,0,1,1.0000,1.0000,102,nie
1234567_poprawny_L2A_class,minimum distance,OneClassSVM,72.7273,72.8453,0.1181,0,1,1.0000,1.0000,102,nie
1234567_poprawny_L2A_class,minimum distance,Erosion,72.7273,73.0815,0.3542,7,10,0.6291,1.0000,102,nie
1234567_poprawny_L2A_class,minimum distance,PCA,72.7273,73.1995,0.4723,50,54,0.7686,1.0000,102,nie
1234567_poprawny_L2A_class,minimum distance,Percentile,72.7273,73.4357,0.7084,1,7,0.0703,1.0000,102,nie
1234567_poprawny_L2A_class,minimum distance,IsolationForest,72.7273,72.9634,0.2361,0,2,0.5000,1.0000,102,nie
1234567_poprawny_L2A_class,minimum distance,LOF,72.7273,72.9634,0.2361,0,2,0.5000,1.0000,102,nie
1234567_poprawny_L2A_class,minimum distance,Mahalanobis,72.7273,72.8453,0.1181,2,3,1.0000,1.0000,102,nie
1234567_poprawny_L2A_class,minimum distance,EllipticEnvelope,72.7273,72.7273,0.0000,1,1,1.0000,1.0000,102,nie
1234567_poprawny_L2A_class,minimum distance,PCA_Reconstruction,72.7273,72.8453,0.1181,0,1,1.0000,1.0000,102,nie
1234567_poprawny_L2A_class,minimum distance,IQR,72.7273,73.0815,0.3542,17,20,0.7423,1.0000,102,nie
1234567_poprawny_L2A_class,minimum distance,Robust_Mahalanobis,72.7273,76.8595,4.1322,47,82,0.0028,0.2372,102,nie
1234567_poprawny_L2A_class,minimum distance,HotellingT2,72.7273,72.8453,0.1181,2,3,1.0000,1.0000,102,nie
1234567_poprawny_L2A_class,minimum distance,kNN,72.7273,72.8453,0.1181,0,1,1.0000,1.0000,102,nie
1234567_poprawny_L2A_class,minimum distance,Band_Z-score,72.7273,72.9634,0.2361,0,2,0.5000,1.0000,102,nie
1234567_poprawny_L2A_class,minimum distance,MAD,72.7273,73.9079,1.1806,14,24,0.1443,1.0000,102,nie
1234567_poprawny_L2A_class,minimum distance,SAM,72.7273,72.9634,0.2361,0,2,0.5000,1.0000,102,nie
1234567_poprawny_L2A_roi,maximum likelihood,GMM,60.3306,59.6222,-0.7084,11,5,0.2101,1.0000,102,nie
1234567_poprawny_L2A_roi,maximum likelihood,Mahalanobis,60.3306,62.2196,1.8890,9,25,0.0101,0.9491,102,nie
1234567_poprawny_L2A_roi,maximum likelihood,IsolationForest,60.3306,59.9764,-0.3542,7,4,0.5488,1.0000,102,nie
1234567_poprawny_L2A_roi,maximum likelihood,PCA_Reconstruction,60.3306,59.5041,-0.8264,11,4,0.1185,1.0000,102,nie
1234567_poprawny_L2A_roi,maximum likelihood,Robust_Mahalanobis,60.3306,59.6222,-0.7084,64,58,0.6508,1.0000,102,nie
1234567_poprawny_L2A_roi,maximum likelihood,SAM,60.3306,60.3306,0.0000,8,8,1.0000,1.0000,102,nie
1234567_poprawny_L2A_roi,maximum likelihood,HotellingT2,60.3306,61.6293,1.2987,8,19,0.0543,1.0000,102,nie
1234567_poprawny_L2A_roi,maximum likelihood,MAD,60.3306,58.7957,-1.5348,35,22,0.1120,1.0000,102,nie
1234567_poprawny_L2A_roi,maximum likelihood,IQR,60.3306,61.9835,1.6529,24,38,0.0987,1.0000,102,nie
1234567_poprawny_L2A_roi,maximum likelihood,EllipticEnvelope,60.3306,60.4486,0.1181,8,9,1.0000,1.0000,102,nie
1234567_poprawny_L2A_roi,maximum likelihood,OneClassSVM,60.3306,60.2125,-0.1181,14,13,1.0000,1.0000,102,nie
1234567_poprawny_L2A_roi,maximum likelihood,LOF,60.3306,59.9764,-0.3542,10,7,0.6291,1.0000,102,nie
1234567_poprawny_L2A_roi,maximum likelihood,Erosion,60.3306,55.6080,-4.7226,67,27,0.0001,0.0058,102,TAK
1234567_poprawny_L2A_roi,maximum likelihood,kNN,60.3306,59.8583,-0.4723,11,7,0.4807,1.0000,102,nie
1234567_poprawny_L2A_roi,maximum likelihood,PCA,60.3306,59.8583,-0.4723,59,55,0.7787,1.0000,102,nie
1234567_poprawny_L2A_roi,maximum likelihood,Percentile,60.3306,61.0390,0.7084,11,17,0.3447,1.0000,102,nie
1234567_poprawny_L2A_roi,maximum likelihood,Band_Z-score,60.3306,60.9209,0.5903,14,19,0.4862,1.0000,102,nie
1234567_poprawny_L2A_roi,random forest,GMM,69.8937,71.1924,1.2987,6,17,0.0347,1.0000,102,nie
1234567_poprawny_L2A_roi,random forest,Robust_Mahalanobis,69.8937,70.8383,0.9445,31,39,0.4028,1.0000,102,nie
1234567_poprawny_L2A_roi,random forest,Mahalanobis,69.8937,71.3105,1.4168,8,20,0.0376,1.0000,102,nie
1234567_poprawny_L2A_roi,random forest,OneClassSVM,69.8937,71.5466,1.6529,6,20,0.0108,0.9924,102,nie
1234567_poprawny_L2A_roi,random forest,PCA,69.8937,70.3660,0.4723,45,49,0.7570,1.0000,102,nie
1234567_poprawny_L2A_roi,random forest,SAM,69.8937,71.1924,1.2987,6,17,0.0347,1.0000,102,nie
1234567_poprawny_L2A_roi,random forest,EllipticEnvelope,69.8937,70.8383,0.9445,6,14,0.1153,1.0000,102,nie
1234567_poprawny_L2A_roi,random forest,kNN,69.8937,70.8383,0.9445,7,15,0.1338,1.0000,102,nie
1234567_poprawny_L2A_roi,random forest,LOF,69.8937,72.6092,2.7155,3,26,0.0000,0.0045,102,TAK
1234567_poprawny_L2A_roi,random forest,Percentile,69.8937,69.8937,0.0000,21,21,0.8774,1.0000,102,nie
1234567_poprawny_L2A_roi,random forest,IQR,69.8937,70.1299,0.2361,21,23,0.8802,1.0000,102,nie
1234567_poprawny_L2A_roi,random forest,Erosion,69.8937,67.1783,-2.7155,79,56,0.0583,1.0000,102,nie
1234567_poprawny_L2A_roi,random forest,PCA_Reconstruction,69.8937,71.4286,1.5348,3,16,0.0044,0.4248,102,nie
1234567_poprawny_L2A_roi,random forest,Band_Z-score,69.8937,70.0118,0.1181,11,12,1.0000,1.0000,102,nie
1234567_poprawny_L2A_roi,random forest,IsolationForest,69.8937,70.0118,0.1181,14,15,1.0000,1.0000,102,nie
1234567_poprawny_L2A_roi,random forest,MAD,69.8937,70.9563,1.0626,21,30,0.2626,1.0000,102,nie
1234567_poprawny_L2A_roi,random forest,HotellingT2,69.8937,71.5466,1.6529,7,21,0.0140,1.0000,102,nie
1234567_poprawny_L2A_roi,multi-layer perceptron,Mahalanobis,74.1440,75.7969,1.6529,47,61,0.2110,1.0000,102,nie
1234567_poprawny_L2A_roi,multi-layer perceptron,Band_Z-score,74.1440,75.9150,1.7710,34,49,0.1244,1.0000,102,nie
1234567_poprawny_L2A_roi,multi-layer perceptron,EllipticEnvelope,74.1440,77.2137,3.0697,38,64,0.0133,1.0000,102,nie
1234567_poprawny_L2A_roi,multi-layer perceptron,SAM,74.1440,76.5053,2.3613,42,62,0.0624,1.0000,102,nie
1234567_poprawny_L2A_roi,multi-layer perceptron,PCA_Reconstruction,74.1440,78.0401,3.8961,37,70,0.0020,0.1938,102,nie
1234567_poprawny_L2A_roi,multi-layer perceptron,IQR,74.1440,77.9221,3.7780,42,74,0.0040,0.3879,102,nie
1234567_poprawny_L2A_roi,multi-layer perceptron,MAD,74.1440,77.5679,3.4238,40,69,0.0073,0.6954,102,nie
1234567_poprawny_L2A_roi,multi-layer perceptron,kNN,74.1440,73.9079,-0.2361,73,71,0.9336,1.0000,102,nie
1234567_poprawny_L2A_roi,multi-layer perceptron,LOF,74.1440,76.2692,2.1251,56,74,0.1360,1.0000,102,nie
1234567_poprawny_L2A_roi,multi-layer perceptron,HotellingT2,74.1440,76.7414,2.5974,42,64,0.0414,1.0000,102,nie
1234567_poprawny_L2A_roi,multi-layer perceptron,Robust_Mahalanobis,74.1440,75.6789,1.5348,57,70,0.2870,1.0000,102,nie
1234567_poprawny_L2A_roi,multi-layer perceptron,Erosion,74.1440,71.7828,-2.3613,78,58,0.1033,1.0000,102,nie
1234567_poprawny_L2A_roi,multi-layer perceptron,IsolationForest,74.1440,75.9150,1.7710,43,58,0.1636,1.0000,102,nie
1234567_poprawny_L2A_roi,multi-layer perceptron,Percentile,74.1440,74.2621,0.1181,78,79,1.0000,1.0000,102,nie
1234567_poprawny_L2A_roi,multi-layer perceptron,OneClassSVM,74.1440,78.1582,4.0142,29,63,0.0006,0.0581,102,nie
1234567_poprawny_L2A_roi,multi-layer perceptron,GMM,74.1440,75.6789,1.5348,74,87,0.3443,1.0000,102,nie
1234567_poprawny_L2A_roi,multi-layer perceptron,PCA,74.1440,70.9563,-3.1877,78,51,0.0221,1.0000,102,nie
1234567_poprawny_L2A_roi,support vector machine,MAD,74.7344,74.7344,0.0000,13,13,0.8445,1.0000,102,nie
1234567_poprawny_L2A_roi,support vector machine,IQR,74.7344,75.4427,0.7084,12,18,0.3613,1.0000,102,nie
1234567_poprawny_L2A_roi,support vector machine,SAM,74.7344,74.7344,0.0000,3,3,1.0000,1.0000,102,nie
1234567_poprawny_L2A_roi,support vector machine,PCA_Reconstruction,74.7344,74.9705,0.2361,1,3,0.6250,1.0000,102,nie
1234567_poprawny_L2A_roi,support vector machine,Mahalanobis,74.7344,74.4982,-0.2361,8,6,0.7905,1.0000,102,nie
1234567_poprawny_L2A_roi,support vector machine,EllipticEnvelope,74.7344,74.9705,0.2361,1,3,0.6250,1.0000,102,nie
1234567_poprawny_L2A_roi,support vector machine,Band_Z-score,74.7344,74.6163,-0.1181,6,5,1.0000,1.0000,102,nie
1234567_poprawny_L2A_roi,support vector machine,OneClassSVM,74.7344,74.4982,-0.2361,8,6,0.7905,1.0000,102,nie
1234567_poprawny_L2A_roi,support vector machine,GMM,74.7344,74.8524,0.1181,1,2,1.0000,1.0000,102,nie
1234567_poprawny_L2A_roi,support vector machine,PCA,74.7344,74.4982,-0.2361,23,21,0.8802,1.0000,102,nie
1234567_poprawny_L2A_roi,support vector machine,Percentile,74.7344,74.9705,0.2361,6,8,0.7905,1.0000,102,nie
1234567_poprawny_L2A_roi,support vector machine,Erosion,74.7344,72.3731,-2.3613,28,8,0.0015,0.1527,102,nie
1234567_poprawny_L2A_roi,support vector machine,IsolationForest,74.7344,74.7344,0.0000,2,2,1.0000,1.0000,102,nie
1234567_poprawny_L2A_roi,support vector machine,HotellingT2,74.7344,74.8524,0.1181,2,3,1.0000,1.0000,102,nie
1234567_poprawny_L2A_roi,support vector machine,LOF,74.7344,74.8524,0.1181,2,3,1.0000,1.0000,102,nie
1234567_poprawny_L2A_roi,support vector machine,kNN,74.7344,74.8524,0.1181,2,3,1.0000,1.0000,102,nie
1234567_poprawny_L2A_roi,support vector machine,Robust_Mahalanobis,74.7344,72.8453,-1.8890,25,9,0.0101,0.9491,102,nie
1234567_poprawny_L2A_roi,spectral angle mapping,PCA_Reconstruction,72.0189,71.9008,-0.1181,1,0,1.0000,1.0000,102,nie
1234567_poprawny_L2A_roi,spectral angle mapping,SAM,72.0189,72.1370,0.1181,0,1,1.0000,1.0000,102,nie
1234567_poprawny_L2A_roi,spectral angle mapping,EllipticEnvelope,72.0189,72.1370,0.1181,0,1,1.0000,1.0000,102,nie
1234567_poprawny_L2A_roi,spectral angle mapping,Band_Z-score,72.0189,72.0189,0.0000,1,1,1.0000,1.0000,102,nie
1234567_poprawny_L2A_roi,spectral angle mapping,Mahalanobis,72.0189,72.0189,0.0000,2,2,1.0000,1.0000,102,nie
1234567_poprawny_L2A_roi,spectral angle mapping,MAD,72.0189,72.2550,0.2361,6,8,0.7905,1.0000,102,nie
1234567_poprawny_L2A_roi,spectral angle mapping,IQR,72.0189,72.3731,0.3542,5,8,0.5811,1.0000,102,nie
1234567_poprawny_L2A_roi,spectral angle mapping,IsolationForest,72.0189,72.2550,0.2361,0,2,0.5000,1.0000,102,nie
1234567_poprawny_L2A_roi,spectral angle mapping,Erosion,72.0189,72.4911,0.4723,5,9,0.4240,1.0000,102,nie
1234567_poprawny_L2A_roi,spectral angle mapping,Robust_Mahalanobis,72.0189,71.7828,-0.2361,10,8,0.8145,1.0000,102,nie
1234567_poprawny_L2A_roi,spectral angle mapping,HotellingT2,72.0189,72.0189,0.0000,2,2,1.0000,1.0000,102,nie
1234567_poprawny_L2A_roi,spectral angle mapping,kNN,72.0189,72.2550,0.2361,0,2,0.5000,1.0000,102,nie
1234567_poprawny_L2A_roi,spectral angle mapping,LOF,72.0189,72.1370,0.1181,0,1,1.0000,1.0000,102,nie
1234567_poprawny_L2A_roi,spectral angle mapping,PCA,72.0189,72.4911,0.4723,13,17,0.5839,1.0000,102,nie
1234567_poprawny_L2A_roi,spectral angle mapping,GMM,72.0189,71.9008,-0.1181,1,0,1.0000,1.0000,102,nie
1234567_poprawny_L2A_roi,spectral angle mapping,OneClassSVM,72.0189,72.3731,0.3542,1,4,0.3750,1.0000,102,nie
1234567_poprawny_L2A_roi,spectral angle mapping,Percentile,72.0189,72.2550,0.2361,0,2,0.5000,1.0000,102,nie
1234567_poprawny_L2A_roi,minimum distance,GMM,72.7273,72.9634,0.2361,0,2,0.5000,1.0000,102,nie
1234567_poprawny_L2A_roi,minimum distance,OneClassSVM,72.7273,73.0815,0.3542,2,5,0.4531,1.0000,102,nie
1234567_poprawny_L2A_roi,minimum distance,Erosion,72.7273,73.0815,0.3542,7,10,0.6291,1.0000,102,nie
1234567_poprawny_L2A_roi,minimum distance,PCA,72.7273,73.3176,0.5903,5,10,0.3018,1.0000,102,nie
1234567_poprawny_L2A_roi,minimum distance,Percentile,72.7273,73.0815,0.3542,0,3,0.2500,1.0000,102,nie
1234567_poprawny_L2A_roi,minimum distance,IsolationForest,72.7273,72.8453,0.1181,0,1,1.0000,1.0000,102,nie
1234567_poprawny_L2A_roi,minimum distance,LOF,72.7273,72.8453,0.1181,0,1,1.0000,1.0000,102,nie
1234567_poprawny_L2A_roi,minimum distance,Mahalanobis,72.7273,72.7273,0.0000,0,0,1.0000,1.0000,102,nie
1234567_poprawny_L2A_roi,minimum distance,EllipticEnvelope,72.7273,72.8453,0.1181,0,1,1.0000,1.0000,102,nie
1234567_poprawny_L2A_roi,minimum distance,PCA_Reconstruction,72.7273,72.8453,0.1181,1,2,1.0000,1.0000,102,nie
1234567_poprawny_L2A_roi,minimum distance,IQR,72.7273,72.9634,0.2361,1,3,0.6250,1.0000,102,nie
1234567_poprawny_L2A_roi,minimum distance,Robust_Mahalanobis,72.7273,73.1995,0.4723,3,7,0.3438,1.0000,102,nie
1234567_poprawny_L2A_roi,minimum distance,HotellingT2,72.7273,72.8453,0.1181,0,1,1.0000,1.0000,102,nie
1234567_poprawny_L2A_roi,minimum distance,kNN,72.7273,72.9634,0.2361,0,2,0.5000,1.0000,102,nie
1234567_poprawny_L2A_roi,minimum distance,Band_Z-score,72.7273,72.8453,0.1181,0,1,1.0000,1.0000,102,nie
1234567_poprawny_L2A_roi,minimum distance,MAD,72.7273,73.1995,0.4723,0,4,0.1250,1.0000,102,nie
1234567_poprawny_L2A_roi,minimum distance,SAM,72.7273,72.9634,0.2361,0,2,0.5000,1.0000,102,nie
1234567_zbledami_L1C_class,maximum likelihood,GMM,46.3991,45.6907,-0.7084,13,7,0.2632,1.0000,102,nie
1234567_zbledami_L1C_class,maximum likelihood,Mahalanobis,46.3991,47.8158,1.4168,22,34,0.1416,1.0000,102,nie
1234567_zbledami_L1C_class,maximum likelihood,IsolationForest,46.3991,45.8087,-0.5903,10,5,0.3018,1.0000,102,nie
1234567_zbledami_L1C_class,maximum likelihood,PCA_Reconstruction,46.3991,45.6907,-0.7084,7,1,0.0703,1.0000,102,nie
1234567_zbledami_L1C_class,maximum likelihood,Robust_Mahalanobis,46.3991,57.4970,11.0980,38,132,0.0000,0.0000,102,TAK
1234567_zbledami_L1C_class,maximum likelihood,SAM,46.3991,46.5171,0.1181,8,9,1.0000,1.0000,102,nie
1234567_zbledami_L1C_class,maximum likelihood,HotellingT2,46.3991,49.8229,3.4238,22,51,0.0010,0.0849,102,nie
1234567_zbledami_L1C_class,maximum likelihood,MAD,46.3991,46.7532,0.3542,25,28,0.7835,1.0000,102,nie
1234567_zbledami_L1C_class,maximum likelihood,IQR,46.3991,44.2739,-2.1251,60,42,0.0923,1.0000,102,nie
1234567_zbledami_L1C_class,maximum likelihood,EllipticEnvelope,46.3991,46.2810,-0.1181,10,9,1.0000,1.0000,102,nie
1234567_zbledami_L1C_class,maximum likelihood,OneClassSVM,46.3991,45.8087,-0.5903,7,2,0.1797,1.0000,102,nie
1234567_zbledami_L1C_class,maximum likelihood,LOF,46.3991,46.6352,0.2361,7,9,0.8036,1.0000,102,nie
1234567_zbledami_L1C_class,maximum likelihood,Erosion,46.3991,47.6978,1.2987,37,48,0.2781,1.0000,102,nie
1234567_zbledami_L1C_class,maximum likelihood,kNN,46.3991,45.2184,-1.1806,12,2,0.0129,0.9575,102,nie
1234567_zbledami_L1C_class,maximum likelihood,PCA,46.3991,9.3270,-37.0720,323,9,0.0000,0.0000,102,TAK
1234567_zbledami_L1C_class,maximum likelihood,Percentile,46.3991,47.6978,1.2987,12,23,0.0910,1.0000,102,nie
1234567_zbledami_L1C_class,maximum likelihood,Band_Z-score,46.3991,45.1004,-1.2987,18,7,0.0455,1.0000,102,nie
1234567_zbledami_L1C_class,random forest,GMM,42.7391,44.2739,1.5348,14,27,0.0609,1.0000,102,nie
1234567_zbledami_L1C_class,random forest,Robust_Mahalanobis,42.7391,45.5726,2.8335,51,75,0.0405,1.0000,102,nie
1234567_zbledami_L1C_class,random forest,Mahalanobis,42.7391,44.3920,1.6529,35,49,0.1561,1.0000,102,nie
1234567_zbledami_L1C_class,random forest,OneClassSVM,42.7391,43.5655,0.8264,13,20,0.2963,1.0000,102,nie
1234567_zbledami_L1C_class,random forest,PCA,42.7391,47.5797,4.8406,41,82,0.0003,0.0264,102,TAK
1234567_zbledami_L1C_class,random forest,SAM,42.7391,46.3991,3.6600,13,44,0.0001,0.0063,102,TAK
1234567_zbledami_L1C_class,random forest,EllipticEnvelope,42.7391,45.2184,2.4793,16,37,0.0060,0.4628,102,nie
1234567_zbledami_L1C_class,random forest,kNN,42.7391,44.6281,1.8890,11,27,0.0150,1.0000,102,nie
1234567_zbledami_L1C_class,random forest,LOF,42.7391,43.9197,1.1806,17,27,0.1748,1.0000,102,nie
1234567_zbledami_L1C_class,random forest,Percentile,42.7391,44.5100,1.7710,25,40,0.0825,1.0000,102,nie
1234567_zbledami_L1C_class,random forest,IQR,42.7391,48.1700,5.4309,52,98,0.0002,0.0205,102,TAK
1234567_zbledami_L1C_class,random forest,Erosion,42.7391,45.4545,2.7155,39,62,0.0286,1.0000,102,nie
1234567_zbledami_L1C_class,random forest,PCA_Reconstruction,42.7391,42.7391,0.0000,20,20,0.8744,1.0000,102,nie
1234567_zbledami_L1C_class,random forest,Band_Z-score,42.7391,46.9894,4.2503,18,54,0.0000,0.0035,102,TAK
1234567_zbledami_L1C_class,random forest,IsolationForest,42.7391,44.6281,1.8890,17,33,0.0339,1.0000,102,nie
1234567_zbledami_L1C_class,random forest,MAD,42.7391,59.2680,16.5289,38,178,0.0000,0.0000,102,TAK
1234567_zbledami_L1C_class,random forest,HotellingT2,42.7391,44.9823,2.2432,33,52,0.0509,1.0000,102,nie
1234567_zbledami_L1C_class,multi-layer perceptron,Mahalanobis,78.8666,81.8182,2.9516,33,58,0.0119,0.8905,102,nie
1234567_zbledami_L1C_class,multi-layer perceptron,Band_Z-score,78.8666,76.3872,-2.4793,69,48,0.0645,1.0000,102,nie
1234567_zbledami_L1C_class,multi-layer perceptron,EllipticEnvelope,78.8666,80.9917,2.1251,36,54,0.0731,1.0000,102,nie
1234567_zbledami_L1C_class,multi-layer perceptron,SAM,78.8666,80.2834,1.4168,18,30,0.1124,1.0000,102,nie
1234567_zbledami_L1C_class,multi-layer perceptron,PCA_Reconstruction,78.8666,78.1582,-0.7084,35,29,0.5320,1.0000,102,nie
1234567_zbledami_L1C_class,multi-layer perceptron,IQR,78.8666,77.8040,-1.0626,75,66,0.5005,1.0000,102,nie
1234567_zbledami_L1C_class,multi-layer perceptron,MAD,78.8666,71.7828,-7.0838,108,48,0.0000,0.0002,102,TAK
1234567_zbledami_L1C_class,multi-layer perceptron,kNN,78.8666,78.9847,0.1181,45,46,1.0000,1.0000,102,nie
1234567_zbledami_L1C_class,multi-layer perceptron,LOF,78.8666,73.6718,-5.1948,58,14,0.0000,0.0000,102,TAK
1234567_zbledami_L1C_class,multi-layer perceptron,HotellingT2,78.8666,76.5053,-2.3613,82,62,0.1133,1.0000,102,nie
1234567_zbledami_L1C_class,multi-layer perceptron,Robust_Mahalanobis,78.8666,79.4569,0.5903,62,67,0.7247,1.0000,102,nie
1234567_zbledami_L1C_class,multi-layer perceptron,Erosion,78.8666,74.9705,-3.8961,79,46,0.0042,0.3282,102,nie
1234567_zbledami_L1C_class,multi-layer perceptron,IsolationForest,78.8666,82.2904,3.4238,21,50,0.0009,0.0730,102,nie
1234567_zbledami_L1C_class,multi-layer perceptron,Percentile,78.8666,82.8808,4.0142,27,61,0.0004,0.0366,102,TAK
1234567_zbledami_L1C_class,multi-layer perceptron,OneClassSVM,78.8666,70.6021,-8.2645,118,48,0.0000,0.0000,102,TAK
1234567_zbledami_L1C_class,multi-layer perceptron,GMM,78.8666,66.9421,-11.9244,142,41,0.0000,0.0000,102,TAK
1234567_zbledami_L1C_class,multi-layer perceptron,PCA,78.8666,76.0331,-2.8335,77,53,0.0437,1.0000,102,nie
1234567_zbledami_L1C_class,support vector machine,MAD,81.7001,83.4711,1.7710,19,34,0.0545,1.0000,102,nie
1234567_zbledami_L1C_class,support vector machine,IQR,81.7001,84.5336,2.8335,24,48,0.0067,0.5105,102,nie
1234567_zbledami_L1C_class,support vector machine,SAM,81.7001,81.7001,0.0000,6,6,1.0000,1.0000,102,nie
1234567_zbledami_L1C_class,support vector machine,PCA_Reconstruction,81.7001,81.2279,-0.4723,8,4,0.3877,1.0000,102,nie
1234567_zbledami_L1C_class,support vector machine,Mahalanobis,81.7001,81.1098,-0.5903,21,16,0.5108,1.0000,102,nie
1234567_zbledami_L1C_class,support vector machine,EllipticEnvelope,81.7001,81.4640,-0.2361,3,1,0.6250,1.0000,102,nie
1234567_zbledami_L1C_class,support vector machine,Band_Z-score,81.7001,83.1169,1.4168,10,22,0.0518,1.0000,102,nie
1234567_zbledami_L1C_class,support vector machine,OneClassSVM,81.7001,81.4640,-0.2361,5,3,0.7266,1.0000,102,nie
1234567_zbledami_L1C_class,support vector machine,GMM,81.7001,81.2279,-0.4723,6,2,0.2891,1.0000,102,nie
1234567_zbledami_L1C_class,support vector machine,PCA,81.7001,81.2279,-0.4723,39,35,0.7273,1.0000,102,nie
1234567_zbledami_L1C_class,support vector machine,Percentile,81.7001,82.6446,0.9445,11,19,0.2012,1.0000,102,nie
1234567_zbledami_L1C_class,support vector machine,Erosion,81.7001,82.2904,0.5903,19,24,0.5419,1.0000,102,nie
1234567_zbledami_L1C_class,support vector machine,IsolationForest,81.7001,81.7001,0.0000,8,8,1.0000,1.0000,102,nie
1234567_zbledami_L1C_class,support vector machine,HotellingT2,81.7001,81.2279,-0.4723,20,16,0.6171,1.0000,102,nie
1234567_zbledami_L1C_class,support vector machine,LOF,81.7001,81.3459,-0.3542,6,3,0.5078,1.0000,102,nie
1234567_zbledami_L1C_class,support vector machine,kNN,81.7001,81.3459,-0.3542,5,2,0.4531,1.0000,102,nie
1234567_zbledami_L1C_class,support vector machine,Robust_Mahalanobis,81.7001,76.1511,-5.5490,70,23,0.0000,0.0002,102,TAK
1234567_zbledami_L1C_class,spectral angle mapping,PCA_Reconstruction,81.8182,80.9917,-0.8264,9,2,0.0654,1.0000,102,nie
1234567_zbledami_L1C_class,spectral angle mapping,SAM,81.8182,81.3459,-0.4723,8,4,0.3877,1.0000,102,nie
1234567_zbledami_L1C_class,spectral angle mapping,EllipticEnvelope,81.8182,80.6375,-1.1806,14,4,0.0309,1.0000,102,nie
1234567_zbledami_L1C_class,spectral angle mapping,Band_Z-score,81.8182,81.3459,-0.4723,11,7,0.4807,1.0000,102,nie
1234567_zbledami_L1C_class,spectral angle mapping,Mahalanobis,81.8182,78.2763,-3.5419,40,10,0.0000,0.0038,102,TAK
1234567_zbledami_L1C_class,spectral angle mapping,MAD,81.8182,81.2279,-0.5903,19,14,0.4862,1.0000,102,nie
1234567_zbledami_L1C_class,spectral angle mapping,IQR,81.8182,81.2279,-0.5903,23,18,0.5322,1.0000,102,nie
1234567_zbledami_L1C_class,spectral angle mapping,IsolationForest,81.8182,81.7001,-0.1181,6,5,1.0000,1.0000,102,nie
1234567_zbledami_L1C_class,spectral angle mapping,Erosion,81.8182,78.0401,-3.7780,46,14,0.0001,0.0057,102,TAK
1234567_zbledami_L1C_class,spectral angle mapping,Robust_Mahalanobis,81.8182,77.9221,-3.8961,53,20,0.0002,0.0157,102,TAK
1234567_zbledami_L1C_class,spectral angle mapping,HotellingT2,81.8182,78.0401,-3.7780,42,10,0.0000,0.0016,102,TAK
1234567_zbledami_L1C_class,spectral angle mapping,kNN,81.8182,80.9917,-0.8264,13,6,0.1671,1.0000,102,nie
1234567_zbledami_L1C_class,spectral angle mapping,LOF,81.8182,80.5195,-1.2987,12,1,0.0034,0.2700,102,nie
1234567_zbledami_L1C_class,spectral angle mapping,PCA,81.8182,78.0401,-3.7780,46,14,0.0001,0.0057,102,TAK
1234567_zbledami_L1C_class,spectral angle mapping,GMM,81.8182,81.1098,-0.7084,9,3,0.1460,1.0000,102,nie
1234567_zbledami_L1C_class,spectral angle mapping,OneClassSVM,81.8182,81.8182,0.0000,4,4,1.0000,1.0000,102,nie
1234567_zbledami_L1C_class,spectral angle mapping,Percentile,81.8182,80.5195,-1.2987,16,5,0.0266,1.0000,102,nie
1234567_zbledami_L1C_class,minimum distance,GMM,79.4569,78.6305,-0.8264,10,3,0.0923,1.0000,102,nie
1234567_zbledami_L1C_class,minimum distance,OneClassSVM,79.4569,79.1027,-0.3542,5,2,0.4531,1.0000,102,nie
1234567_zbledami_L1C_class,minimum distance,Erosion,79.4569,76.7414,-2.7155,28,5,0.0001,0.0113,102,TAK
1234567_zbledami_L1C_class,minimum distance,PCA,79.4569,78.1582,-1.2987,39,28,0.2218,1.0000,102,nie
1234567_zbledami_L1C_class,minimum distance,Percentile,79.4569,78.5124,-0.9445,12,4,0.0768,1.0000,102,nie
1234567_zbledami_L1C_class,minimum distance,IsolationForest,79.4569,78.6305,-0.8264,8,1,0.0391,1.0000,102,nie
1234567_zbledami_L1C_class,minimum distance,LOF,79.4569,79.1027,-0.3542,4,1,0.3750,1.0000,102,nie
1234567_zbledami_L1C_class,minimum distance,Mahalanobis,79.4569,77.4498,-2.0071,22,5,0.0021,0.1660,102,nie
1234567_zbledami_L1C_class,minimum distance,EllipticEnvelope,79.4569,78.8666,-0.5903,10,5,0.3018,1.0000,102,nie
1234567_zbledami_L1C_class,minimum distance,PCA_Reconstruction,79.4569,78.8666,-0.5903,9,4,0.2668,1.0000,102,nie
1234567_zbledami_L1C_class,minimum distance,IQR,79.4569,80.6375,1.1806,25,35,0.2453,1.0000,102,nie
1234567_zbledami_L1C_class,minimum distance,Robust_Mahalanobis,79.4569,77.0956,-2.3613,43,23,0.0193,1.0000,102,nie
1234567_zbledami_L1C_class,minimum distance,HotellingT2,79.4569,77.0956,-2.3613,25,5,0.0005,0.0434,102,TAK
1234567_zbledami_L1C_class,minimum distance,kNN,79.4569,78.8666,-0.5903,9,4,0.2668,1.0000,102,nie
1234567_zbledami_L1C_class,minimum distance,Band_Z-score,79.4569,78.5124,-0.9445,13,5,0.0963,1.0000,102,nie
1234567_zbledami_L1C_class,minimum distance,MAD,79.4569,79.2208,-0.2361,24,22,0.8828,1.0000,102,nie
1234567_zbledami_L1C_class,minimum distance,SAM,79.4569,78.7485,-0.7084,7,1,0.0703,1.0000,102,nie
1234567_zbledami_L1C_roi,maximum likelihood,GMM,46.3991,45.9268,-0.4723,8,4,0.3877,1.0000,102,nie
1234567_zbledami_L1C_roi,maximum likelihood,Mahalanobis,46.3991,44.9823,-1.4168,42,30,0.1949,1.0000,102,nie
1234567_zbledami_L1C_roi,maximum likelihood,IsolationForest,46.3991,45.5726,-0.8264,15,8,0.2100,1.0000,102,nie
1234567_zbledami_L1C_roi,maximum likelihood,PCA_Reconstruction,46.3991,45.3365,-1.0626,12,3,0.0352,1.0000,102,nie
1234567_zbledami_L1C_roi,maximum likelihood,Robust_Mahalanobis,46.3991,1.4168,-44.9823,388,7,0.0000,0.0000,102,TAK
1234567_zbledami_L1C_roi,maximum likelihood,SAM,46.3991,46.7532,0.3542,7,10,0.6291,1.0000,102,nie
1234567_zbledami_L1C_roi,maximum likelihood,HotellingT2,46.3991,45.4545,-0.9445,32,24,0.3496,1.0000,102,nie
1234567_zbledami_L1C_roi,maximum likelihood,MAD,46.3991,8.5006,-37.8985,367,46,0.0000,0.0000,102,TAK
1234567_zbledami_L1C_roi,maximum likelihood,IQR,46.3991,9.7993,-36.5998,319,9,0.0000,0.0000,102,TAK
1234567_zbledami_L1C_roi,maximum likelihood,EllipticEnvelope,46.3991,46.0449,-0.3542,15,12,0.7003,1.0000,102,nie
1234567_zbledami_L1C_roi,maximum likelihood,OneClassSVM,46.3991,45.1004,-1.2987,18,7,0.0455,1.0000,102,nie
1234567_zbledami_L1C_roi,maximum likelihood,LOF,46.3991,45.8087,-0.5903,10,5,0.3018,1.0000,102,nie
1234567_zbledami_L1C_roi,maximum likelihood,Erosion,46.3991,47.6978,1.2987,37,48,0.2781,1.0000,102,nie
1234567_zbledami_L1C_roi,maximum likelihood,kNN,46.3991,45.6907,-0.7084,15,9,0.3075,1.0000,102,nie
1234567_zbledami_L1C_roi,maximum likelihood,PCA,46.3991,5.5490,-40.8501,364,18,0.0000,0.0000,102,TAK
1234567_zbledami_L1C_roi,maximum likelihood,Percentile,46.3991,46.7532,0.3542,20,23,0.7604,1.0000,102,nie
1234567_zbledami_L1C_roi,maximum likelihood,Band_Z-score,46.3991,45.5726,-0.8264,18,11,0.2652,1.0000,102,nie
1234567_zbledami_L1C_roi,random forest,GMM,42.7391,42.8571,0.1181,22,23,1.0000,1.0000,102,nie
1234567_zbledami_L1C_roi,random forest,Robust_Mahalanobis,42.7391,43.9197,1.1806,48,58,0.3820,1.0000,102,nie
1234567_zbledami_L1C_roi,random forest,Mahalanobis,42.7391,43.2113,0.4723,40,44,0.7434,1.0000,102,nie
1234567_zbledami_L1C_roi,random forest,OneClassSVM,42.7391,43.4475,0.7084,28,34,0.5254,1.0000,102,nie
1234567_zbledami_L1C_roi,random forest,PCA,42.7391,42.3849,-0.3542,67,64,0.8613,1.0000,102,nie
1234567_zbledami_L1C_roi,random forest,SAM,42.7391,44.2739,1.5348,19,32,0.0929,1.0000,102,nie
1234567_zbledami_L1C_roi,random forest,EllipticEnvelope,42.7391,43.5655,0.8264,22,29,0.4008,1.0000,102,nie
1234567_zbledami_L1C_roi,random forest,kNN,42.7391,42.5030,-0.2361,20,18,0.8711,1.0000,102,nie
1234567_zbledami_L1C_roi,random forest,LOF,42.7391,42.5030,-0.2361,20,18,0.8711,1.0000,102,nie
1234567_zbledami_L1C_roi,random forest,Percentile,42.7391,45.3365,2.5974,22,44,0.0097,0.7110,102,nie
1234567_zbledami_L1C_roi,random forest,IQR,42.7391,45.3365,2.5974,39,61,0.0357,1.0000,102,nie
1234567_zbledami_L1C_roi,random forest,Erosion,42.7391,46.6352,3.8961,42,75,0.0031,0.2350,102,nie
1234567_zbledami_L1C_roi,random forest,PCA_Reconstruction,42.7391,44.2739,1.5348,15,28,0.0673,1.0000,102,nie
1234567_zbledami_L1C_roi,random forest,Band_Z-score,42.7391,44.9823,2.2432,27,46,0.0351,1.0000,102,nie
1234567_zbledami_L1C_roi,random forest,IsolationForest,42.7391,43.6836,0.9445,20,28,0.3123,1.0000,102,nie
1234567_zbledami_L1C_roi,random forest,MAD,42.7391,50.6494,7.9103,40,107,0.0000,0.0000,102,TAK
1234567_zbledami_L1C_roi,random forest,HotellingT2,42.7391,44.2739,1.5348,23,36,0.1182,1.0000,102,nie
1234567_zbledami_L1C_roi,multi-layer perceptron,Mahalanobis,77.0956,79.5750,2.4793,54,75,0.0783,1.0000,102,nie
1234567_zbledami_L1C_roi,multi-layer perceptron,Band_Z-score,77.0956,79.8111,2.7155,29,52,0.0145,1.0000,102,nie
1234567_zbledami_L1C_roi,multi-layer perceptron,EllipticEnvelope,77.0956,83.9433,6.8477,41,99,0.0000,0.0001,102,TAK
1234567_zbledami_L1C_roi,multi-layer perceptron,SAM,77.0956,80.1653,3.0697,38,64,0.0133,0.9317,102,nie
1234567_zbledami_L1C_roi,multi-layer perceptron,PCA_Reconstruction,77.0956,75.5608,-1.5348,60,47,0.2460,1.0000,102,nie
1234567_zbledami_L1C_roi,multi-layer perceptron,IQR,77.0956,75.3247,-1.7710,74,59,0.2248,1.0000,102,nie
1234567_zbledami_L1C_roi,multi-layer perceptron,MAD,77.0956,74.9705,-2.1251,107,89,0.2246,1.0000,102,nie
1234567_zbledami_L1C_roi,multi-layer perceptron,kNN,77.0956,77.5679,0.4723,51,55,0.7708,1.0000,102,nie
1234567_zbledami_L1C_roi,multi-layer perceptron,LOF,77.0956,83.2349,6.1393,33,85,0.0000,0.0002,102,TAK
1234567_zbledami_L1C_roi,multi-layer perceptron,HotellingT2,77.0956,80.5195,3.4238,30,59,0.0030,0.2308,102,nie
1234567_zbledami_L1C_roi,multi-layer perceptron,Robust_Mahalanobis,77.0956,76.8595,-0.2361,63,61,0.9284,1.0000,102,nie
1234567_zbledami_L1C_roi,multi-layer perceptron,Erosion,77.0956,77.6860,0.5903,64,69,0.7287,1.0000,102,nie
1234567_zbledami_L1C_roi,multi-layer perceptron,IsolationForest,77.0956,73.5537,-3.5419,60,30,0.0022,0.1745,102,nie
1234567_zbledami_L1C_roi,multi-layer perceptron,Percentile,77.0956,72.7273,-4.3684,72,35,0.0005,0.0401,102,TAK
1234567_zbledami_L1C_roi,multi-layer perceptron,OneClassSVM,77.0956,67.2963,-9.7993,141,58,0.0000,0.0000,102,TAK
1234567_zbledami_L1C_roi,multi-layer perceptron,GMM,77.0956,80.1653,3.0697,48,74,0.0236,1.0000,102,nie
1234567_zbledami_L1C_roi,multi-layer perceptron,PCA,77.0956,73.5537,-3.5419,92,62,0.0194,1.0000,102,nie
1234567_zbledami_L1C_roi,support vector machine,MAD,81.7001,77.6860,-4.0142,50,16,0.0000,0.0042,102,TAK
1234567_zbledami_L1C_roi,support vector machine,IQR,81.7001,80.1653,-1.5348,30,17,0.0801,1.0000,102,nie
1234567_zbledami_L1C_roi,support vector machine,SAM,81.7001,81.5821,-0.1181,4,3,1.0000,1.0000,102,nie
1234567_zbledami_L1C_roi,support vector machine,PCA_Reconstruction,81.7001,81.1098,-0.5903,6,1,0.1250,1.0000,102,nie
1234567_zbledami_L1C_roi,support vector machine,Mahalanobis,81.7001,80.8737,-0.8264,16,9,0.2301,1.0000,102,nie
1234567_zbledami_L1C_roi,support vector machine,EllipticEnvelope,81.7001,81.5821,-0.1181,4,3,1.0000,1.0000,102,nie
1234567_zbledami_L1C_roi,support vector machine,Band_Z-score,81.7001,81.8182,0.1181,10,11,1.0000,1.0000,102,nie
1234567_zbledami_L1C_roi,support vector machine,OneClassSVM,81.7001,80.8737,-0.8264,10,3,0.0923,1.0000,102,nie
1234567_zbledami_L1C_roi,support vector machine,GMM,81.7001,81.2279,-0.4723,5,1,0.2188,1.0000,102,nie
1234567_zbledami_L1C_roi,support vector machine,PCA,81.7001,74.7344,-6.9658,75,16,0.0000,0.0000,102,TAK
1234567_zbledami_L1C_roi,support vector machine,Percentile,81.7001,81.8182,0.1181,6,7,1.0000,1.0000,102,nie
1234567_zbledami_L1C_roi,support vector machine,Erosion,81.7001,82.2904,0.5903,19,24,0.5419,1.0000,102,nie
1234567_zbledami_L1C_roi,support vector machine,IsolationForest,81.7001,81.7001,0.0000,4,4,1.0000,1.0000,102,nie
1234567_zbledami_L1C_roi,support vector machine,HotellingT2,81.7001,80.8737,-0.8264,15,8,0.2100,1.0000,102,nie
1234567_zbledami_L1C_roi,support vector machine,LOF,81.7001,81.1098,-0.5903,7,2,0.1797,1.0000,102,nie
1234567_zbledami_L1C_roi,support vector machine,kNN,81.7001,81.4640,-0.2361,5,3,0.7266,1.0000,102,nie
1234567_zbledami_L1C_roi,support vector machine,Robust_Mahalanobis,81.7001,77.5679,-4.1322,50,15,0.0000,0.0022,102,TAK
1234567_zbledami_L1C_roi,spectral angle mapping,PCA_Reconstruction,81.8182,81.2279,-0.5903,7,2,0.1797,1.0000,102,nie
1234567_zbledami_L1C_roi,spectral angle mapping,SAM,81.8182,80.6375,-1.1806,13,3,0.0213,1.0000,102,nie
1234567_zbledami_L1C_roi,spectral angle mapping,EllipticEnvelope,81.8182,80.9917,-0.8264,10,3,0.0923,1.0000,102,nie
1234567_zbledami_L1C_roi,spectral angle mapping,Band_Z-score,81.8182,79.1027,-2.7155,30,7,0.0003,0.0242,102,TAK
1234567_zbledami_L1C_roi,spectral angle mapping,Mahalanobis,81.8182,80.6375,-1.1806,23,13,0.1336,1.0000,102,nie
1234567_zbledami_L1C_roi,spectral angle mapping,MAD,81.8182,77.4498,-4.3684,56,19,0.0000,0.0028,102,TAK
1234567_zbledami_L1C_roi,spectral angle mapping,IQR,81.8182,79.6930,-2.1251,39,21,0.0282,1.0000,102,nie
1234567_zbledami_L1C_roi,spectral angle mapping,IsolationForest,81.8182,80.5195,-1.2987,13,2,0.0074,0.5465,102,nie
1234567_zbledami_L1C_roi,spectral angle mapping,Erosion,81.8182,78.0401,-3.7780,46,14,0.0001,0.0053,102,TAK
1234567_zbledami_L1C_roi,spectral angle mapping,Robust_Mahalanobis,81.8182,76.3872,-5.4309,65,19,0.0000,0.0001,102,TAK
1234567_zbledami_L1C_roi,spectral angle mapping,HotellingT2,81.8182,80.7556,-1.0626,22,13,0.1763,1.0000,102,nie
1234567_zbledami_L1C_roi,spectral angle mapping,kNN,81.8182,80.7556,-1.0626,11,2,0.0225,1.0000,102,nie
1234567_zbledami_L1C_roi,spectral angle mapping,LOF,81.8182,80.7556,-1.0626,10,1,0.0117,0.8438,102,nie
1234567_zbledami_L1C_roi,spectral angle mapping,PCA,81.8182,74.9705,-6.8477,79,21,0.0000,0.0000,102,TAK
1234567_zbledami_L1C_roi,spectral angle mapping,GMM,81.8182,80.7556,-1.0626,10,1,0.0117,0.8438,102,nie
1234567_zbledami_L1C_roi,spectral angle mapping,OneClassSVM,81.8182,80.9917,-0.8264,15,8,0.2100,1.0000,102,nie
1234567_zbledami_L1C_roi,spectral angle mapping,Percentile,81.8182,80.4014,-1.4168,17,5,0.0169,1.0000,102,nie
1234567_zbledami_L1C_roi,minimum distance,GMM,79.4569,79.2208,-0.2361,5,3,0.7266,1.0000,102,nie
1234567_zbledami_L1C_roi,minimum distance,OneClassSVM,79.4569,78.5124,-0.9445,10,2,0.0386,1.0000,102,nie
1234567_zbledami_L1C_roi,minimum distance,Erosion,79.4569,76.7414,-2.7155,28,5,0.0001,0.0105,102,TAK
1234567_zbledami_L1C_roi,minimum distance,PCA,79.4569,74.9705,-4.4864,57,19,0.0000,0.0020,102,TAK
1234567_zbledami_L1C_roi,minimum distance,Percentile,79.4569,78.2763,-1.1806,13,3,0.0213,1.0000,102,nie
1234567_zbledami_L1C_roi,minimum distance,IsolationForest,79.4569,78.6305,-0.8264,10,3,0.0923,1.0000,102,nie
1234567_zbledami_L1C_roi,minimum distance,LOF,79.4569,79.4569,0.0000,5,5,1.0000,1.0000,102,nie
1234567_zbledami_L1C_roi,minimum distance,Mahalanobis,79.4569,76.8595,-2.5974,22,0,0.0000,0.0000,102,TAK
1234567_zbledami_L1C_roi,minimum distance,EllipticEnvelope,79.4569,78.8666,-0.5903,7,2,0.1797,1.0000,102,nie
1234567_zbledami_L1C_roi,minimum distance,PCA_Reconstruction,79.4569,78.8666,-0.5903,7,2,0.1797,1.0000,102,nie
1234567_zbledami_L1C_roi,minimum distance,IQR,79.4569,76.1511,-3.3058,34,6,0.0000,0.0018,102,TAK
1234567_zbledami_L1C_roi,minimum distance,Robust_Mahalanobis,79.4569,76.8595,-2.5974,40,18,0.0058,0.4369,102,nie
1234567_zbledami_L1C_roi,minimum distance,HotellingT2,79.4569,77.2137,-2.2432,21,2,0.0001,0.0055,102,TAK
1234567_zbledami_L1C_roi,minimum distance,kNN,79.4569,78.8666,-0.5903,8,3,0.2266,1.0000,102,nie
1234567_zbledami_L1C_roi,minimum distance,Band_Z-score,79.4569,77.3318,-2.1251,22,4,0.0009,0.0676,102,nie
1234567_zbledami_L1C_roi,minimum distance,MAD,79.4569,75.7969,-3.6600,44,13,0.0001,0.0059,102,TAK
1234567_zbledami_L1C_roi,minimum distance,SAM,79.4569,78.5124,-0.9445,11,3,0.0574,1.0000,102,nie
1234567_zbledami_L2A_class,maximum likelihood,GMM,62.4557,62.9280,0.4723,12,16,0.5708,1.0000,102,nie
1234567_zbledami_L2A_class,maximum likelihood,Mahalanobis,62.4557,64.4628,2.0071,30,47,0.0682,1.0000,102,nie
1234567_zbledami_L2A_class,maximum likelihood,IsolationForest,62.4557,63.1641,0.7084,14,20,0.3912,1.0000,102,nie
1234567_zbledami_L2A_class,maximum likelihood,PCA_Reconstruction,62.4557,63.4002,0.9445,13,21,0.2299,1.0000,102,nie
1234567_zbledami_L2A_class,maximum likelihood,Robust_Mahalanobis,62.4557,61.6293,-0.8264,112,105,0.6838,1.0000,102,nie
1234567_zbledami_L2A_class,maximum likelihood,SAM,62.4557,63.7544,1.2987,13,24,0.1002,1.0000,102,nie
1234567_zbledami_L2A_class,maximum likelihood,HotellingT2,62.4557,65.1712,2.7155,33,56,0.0197,1.0000,102,nie
1234567_zbledami_L2A_class,maximum likelihood,MAD,62.4557,60.4486,-2.0071,46,29,0.0647,1.0000,102,nie
1234567_zbledami_L2A_class,maximum likelihood,IQR,62.4557,52.8926,-9.5632,110,29,0.0000,0.0000,102,TAK
1234567_zbledami_L2A_class,maximum likelihood,EllipticEnvelope,62.4557,64.9351,2.4793,9,30,0.0014,0.1212,102,nie
1234567_zbledami_L2A_class,maximum likelihood,OneClassSVM,62.4557,64.3447,1.8890,9,25,0.0101,0.8482,102,nie
1234567_zbledami_L2A_class,maximum likelihood,LOF,62.4557,64.1086,1.6529,3,17,0.0026,0.2268,102,nie
1234567_zbledami_L2A_class,maximum likelihood,Erosion,62.4557,62.5738,0.1181,42,43,1.0000,1.0000,102,nie
1234567_zbledami_L2A_class,maximum likelihood,kNN,62.4557,63.4002,0.9445,12,20,0.2159,1.0000,102,nie
1234567_zbledami_L2A_class,maximum likelihood,PCA,62.4557,58.9138,-3.5419,88,58,0.0164,1.0000,102,nie
1234567_zbledami_L2A_class,maximum likelihood,Percentile,62.4557,65.1712,2.7155,20,43,0.0056,0.4739,102,nie
1234567_zbledami_L2A_class,maximum likelihood,Band_Z-score,62.4557,63.5183,1.0626,18,27,0.2330,1.0000,102,nie
1234567_zbledami_L2A_class,random forest,GMM,75.5608,74.1440,-1.4168,40,28,0.1822,1.0000,102,nie
1234567_zbledami_L2A_class,random forest,Robust_Mahalanobis,75.5608,67.0602,-8.5006,120,48,0.0000,0.0000,102,TAK
1234567_zbledami_L2A_class,random forest,Mahalanobis,75.5608,76.9776,1.4168,53,65,0.3112,1.0000,102,nie
1234567_zbledami_L2A_class,random forest,OneClassSVM,75.5608,74.2621,-1.2987,41,30,0.2353,1.0000,102,nie
1234567_zbledami_L2A_class,random forest,PCA,75.5608,72.6092,-2.9516,96,71,0.0633,1.0000,102,nie
1234567_zbledami_L2A_class,random forest,SAM,75.5608,75.2066,-0.3542,44,41,0.8283,1.0000,102,nie
1234567_zbledami_L2A_class,random forest,EllipticEnvelope,75.5608,75.4427,-0.1181,30,29,1.0000,1.0000,102,nie
1234567_zbledami_L2A_class,random forest,kNN,75.5608,73.9079,-1.6529,39,25,0.1042,1.0000,102,nie
1234567_zbledami_L2A_class,random forest,LOF,75.5608,75.3247,-0.2361,31,29,0.8973,1.0000,102,nie
1234567_zbledami_L2A_class,random forest,Percentile,75.5608,74.7344,-0.8264,60,53,0.5725,1.0000,102,nie
1234567_zbledami_L2A_class,random forest,IQR,75.5608,75.4427,-0.1181,65,64,1.0000,1.0000,102,nie
1234567_zbledami_L2A_class,random forest,Erosion,75.5608,74.9705,-0.5903,72,67,0.7344,1.0000,102,nie
1234567_zbledami_L2A_class,random forest,PCA_Reconstruction,75.5608,74.4982,-1.0626,41,32,0.3491,1.0000,102,nie
1234567_zbledami_L2A_class,random forest,Band_Z-score,75.5608,78.0401,2.4793,38,59,0.0423,1.0000,102,nie
1234567_zbledami_L2A_class,random forest,IsolationForest,75.5608,74.8524,-0.7084,48,42,0.5982,1.0000,102,nie
1234567_zbledami_L2A_class,random forest,MAD,75.5608,74.1440,-1.4168,68,56,0.3232,1.0000,102,nie
1234567_zbledami_L2A_class,random forest,HotellingT2,75.5608,76.3872,0.8264,55,62,0.5791,1.0000,102,nie
1234567_zbledami_L2A_class,multi-layer perceptron,Mahalanobis,66.7060,70.8383,4.1322,87,122,0.0187,1.0000,102,nie
1234567_zbledami_L2A_class,multi-layer perceptron,Band_Z-score,66.7060,68.2409,1.5348,91,104,0.3902,1.0000,102,nie
1234567_zbledami_L2A_class,multi-layer perceptron,EllipticEnvelope,66.7060,73.7898,7.0838,38,98,0.0000,0.0000,102,TAK
1234567_zbledami_L2A_class,multi-layer perceptron,SAM,66.7060,73.9079,7.2019,31,92,0.0000,0.0000,102,TAK
1234567_zbledami_L2A_class,multi-layer perceptron,PCA_Reconstruction,66.7060,74.6163,7.9103,41,108,0.0000,0.0000,102,TAK
1234567_zbledami_L2A_class,multi-layer perceptron,IQR,66.7060,73.1995,6.4935,44,99,0.0000,0.0006,102,TAK
1234567_zbledami_L2A_class,multi-layer perceptron,MAD,66.7060,73.3176,6.6116,57,113,0.0000,0.0022,102,TAK
1234567_zbledami_L2A_class,multi-layer perceptron,kNN,66.7060,75.5608,8.8548,38,113,0.0000,0.0000,102,TAK
1234567_zbledami_L2A_class,multi-layer perceptron,LOF,66.7060,66.5880,-0.1181,77,76,1.0000,1.0000,102,nie
1234567_zbledami_L2A_class,multi-layer perceptron,HotellingT2,66.7060,74.7344,8.0283,48,116,0.0000,0.0000,102,TAK
1234567_zbledami_L2A_class,multi-layer perceptron,Robust_Mahalanobis,66.7060,74.4982,7.7922,62,128,0.0000,0.0002,102,TAK
1234567_zbledami_L2A_class,multi-layer perceptron,Erosion,66.7060,66.8241,0.1181,59,60,1.0000,1.0000,102,nie
1234567_zbledami_L2A_class,multi-layer perceptron,IsolationForest,66.7060,75.4427,8.7367,24,98,0.0000,0.0000,102,TAK
1234567_zbledami_L2A_class,multi-layer perceptron,Percentile,66.7060,78.8666,12.1606,35,138,0.0000,0.0000,102,TAK
1234567_zbledami_L2A_class,multi-layer perceptron,OneClassSVM,66.7060,68.8312,2.1251,42,60,0.0923,1.0000,102,nie
1234567_zbledami_L2A_class,multi-layer perceptron,GMM,66.7060,72.4911,5.7851,37,86,0.0000,0.0014,102,TAK
1234567_zbledami_L2A_class,multi-layer perceptron,PCA,66.7060,65.6434,-1.0626,78,69,0.5094,1.0000,102,nie
1234567_zbledami_L2A_class,support vector machine,MAD,81.9362,82.4085,0.4723,24,28,0.6774,1.0000,102,nie
1234567_zbledami_L2A_class,support vector machine,IQR,81.9362,83.9433,2.0071,22,39,0.0405,1.0000,102,nie
1234567_zbledami_L2A_class,support vector machine,SAM,81.9362,81.3459,-0.5903,12,7,0.3593,1.0000,102,nie
1234567_zbledami_L2A_class,support vector machine,PCA_Reconstruction,81.9362,80.2834,-1.6529,17,3,0.0026,0.2268,102,nie
1234567_zbledami_L2A_class,support vector machine,Mahalanobis,81.9362,80.6375,-1.2987,25,14,0.1093,1.0000,102,nie
1234567_zbledami_L2A_class,support vector machine,EllipticEnvelope,81.9362,81.3459,-0.5903,9,4,0.2668,1.0000,102,nie
1234567_zbledami_L2A_class,support vector machine,Band_Z-score,81.9362,81.4640,-0.4723,23,19,0.6434,1.0000,102,nie
1234567_zbledami_L2A_class,support vector machine,OneClassSVM,81.9362,81.4640,-0.4723,9,5,0.4240,1.0000,102,nie
1234567_zbledami_L2A_class,support vector machine,GMM,81.9362,80.8737,-1.0626,14,5,0.0636,1.0000,102,nie
1234567_zbledami_L2A_class,support vector machine,PCA,81.9362,80.6375,-1.2987,54,43,0.3099,1.0000,102,nie
1234567_zbledami_L2A_class,support vector machine,Percentile,81.9362,81.8182,-0.1181,18,17,1.0000,1.0000,102,nie
1234567_zbledami_L2A_class,support vector machine,Erosion,81.9362,81.8182,-0.1181,26,25,1.0000,1.0000,102,nie
1234567_zbledami_L2A_class,support vector machine,IsolationForest,81.9362,81.3459,-0.5903,11,6,0.3323,1.0000,102,nie
1234567_zbledami_L2A_class,support vector machine,HotellingT2,81.9362,81.3459,-0.5903,22,17,0.5218,1.0000,102,nie
1234567_zbledami_L2A_class,support vector machine,LOF,81.9362,81.1098,-0.8264,8,1,0.0391,1.0000,102,nie
1234567_zbledami_L2A_class,support vector machine,kNN,81.9362,80.8737,-1.0626,13,4,0.0490,1.0000,102,nie
1234567_zbledami_L2A_class,support vector machine,Robust_Mahalanobis,81.9362,80.1653,-1.7710,48,33,0.1198,1.0000,102,nie
1234567_zbledami_L2A_class,spectral angle mapping,PCA_Reconstruction,74.3802,74.1440,-0.2361,8,6,0.7905,1.0000,102,nie
1234567_zbledami_L2A_class,spectral angle mapping,SAM,74.3802,74.6163,0.2361,5,7,0.7744,1.0000,102,nie
1234567_zbledami_L2A_class,spectral angle mapping,EllipticEnvelope,74.3802,73.9079,-0.4723,11,7,0.4807,1.0000,102,nie
1234567_zbledami_L2A_class,spectral angle mapping,Band_Z-score,74.3802,75.0885,0.7084,9,15,0.3075,1.0000,102,nie
1234567_zbledami_L2A_class,spectral angle mapping,Mahalanobis,74.3802,73.7898,-0.5903,19,14,0.4862,1.0000,102,nie
1234567_zbledami_L2A_class,spectral angle mapping,MAD,74.3802,75.4427,1.0626,11,20,0.1508,1.0000,102,nie
1234567_zbledami_L2A_class,spectral angle mapping,IQR,74.3802,75.7969,1.4168,13,25,0.0744,1.0000,102,nie
1234567_zbledami_L2A_class,spectral angle mapping,IsolationForest,74.3802,74.2621,-0.1181,8,7,1.0000,1.0000,102,nie
1234567_zbledami_L2A_class,spectral angle mapping,Erosion,74.3802,73.5537,-0.8264,19,12,0.2812,1.0000,102,nie
1234567_zbledami_L2A_class,spectral angle mapping,Robust_Mahalanobis,74.3802,72.4911,-1.8890,42,26,0.0689,1.0000,102,nie
1234567_zbledami_L2A_class,spectral angle mapping,HotellingT2,74.3802,74.1440,-0.2361,18,16,0.8638,1.0000,102,nie
1234567_zbledami_L2A_class,spectral angle mapping,kNN,74.3802,74.1440,-0.2361,8,6,0.7905,1.0000,102,nie
1234567_zbledami_L2A_class,spectral angle mapping,LOF,74.3802,73.7898,-0.5903,6,1,0.1250,1.0000,102,nie
1234567_zbledami_L2A_class,spectral angle mapping,PCA,74.3802,73.1995,-1.1806,35,25,0.2453,1.0000,102,nie
1234567_zbledami_L2A_class,spectral angle mapping,GMM,74.3802,73.9079,-0.4723,9,5,0.4240,1.0000,102,nie
1234567_zbledami_L2A_class,spectral angle mapping,OneClassSVM,74.3802,74.3802,0.0000,7,7,1.0000,1.0000,102,nie
1234567_zbledami_L2A_class,spectral angle mapping,Percentile,74.3802,75.2066,0.8264,8,15,0.2100,1.0000,102,nie
1234567_zbledami_L2A_class,minimum distance,GMM,77.2137,76.9776,-0.2361,4,2,0.6875,1.0000,102,nie
1234567_zbledami_L2A_class,minimum distance,OneClassSVM,77.2137,77.2137,0.0000,2,2,1.0000,1.0000,102,nie
1234567_zbledami_L2A_class,minimum distance,Erosion,77.2137,76.8595,-0.3542,15,12,0.7003,1.0000,102,nie
1234567_zbledami_L2A_class,minimum distance,PCA,77.2137,79.5750,2.3613,13,33,0.0051,0.4376,102,nie
1234567_zbledami_L2A_class,minimum distance,Percentile,77.2137,76.8595,-0.3542,7,4,0.5488,1.0000,102,nie
1234567_zbledami_L2A_class,minimum distance,IsolationForest,77.2137,76.9776,-0.2361,5,3,0.7266,1.0000,102,nie
1234567_zbledami_L2A_class,minimum distance,LOF,77.2137,76.8595,-0.3542,3,0,0.2500,1.0000,102,nie
1234567_zbledami_L2A_class,minimum distance,Mahalanobis,77.2137,76.3872,-0.8264,13,6,0.1671,1.0000,102,nie
1234567_zbledami_L2A_class,minimum distance,EllipticEnvelope,77.2137,76.9776,-0.2361,3,1,0.6250,1.0000,102,nie
1234567_zbledami_L2A_class,minimum distance,PCA_Reconstruction,77.2137,76.5053,-0.7084,6,0,0.0312,1.0000,102,nie
1234567_zbledami_L2A_class,minimum distance,IQR,77.2137,77.2137,0.0000,14,14,0.8501,1.0000,102,nie
1234567_zbledami_L2A_class,minimum distance,Robust_Mahalanobis,77.2137,75.0885,-2.1251,35,17,0.0184,1.0000,102,nie
1234567_zbledami_L2A_class,minimum distance,HotellingT2,77.2137,76.5053,-0.7084,14,8,0.2863,1.0000,102,nie
1234567_zbledami_L2A_class,minimum distance,kNN,77.2137,77.0956,-0.1181,4,3,1.0000,1.0000,102,nie
1234567_zbledami_L2A_class,minimum distance,Band_Z-score,77.2137,77.4498,0.2361,6,8,0.7905,1.0000,102,nie
1234567_zbledami_L2A_class,minimum distance,MAD,77.2137,76.9776,-0.2361,11,9,0.8238,1.0000,102,nie
1234567_zbledami_L2A_class,minimum distance,SAM,77.2137,76.8595,-0.3542,5,2,0.4531,1.0000,102,nie
1234567_zbledami_L2A_roi,maximum likelihood,GMM,62.4557,63.6364,1.1806,6,16,0.0525,1.0000,102,nie
1234567_zbledami_L2A_roi,maximum likelihood,Mahalanobis,62.4557,62.1015,-0.3542,37,34,0.8124,1.0000,102,nie
1234567_zbledami_L2A_roi,maximum likelihood,IsolationForest,62.4557,64.2267,1.7710,7,22,0.0093,0.7464,102,nie
1234567_zbledami_L2A_roi,maximum likelihood,PCA_Reconstruction,62.4557,63.0460,0.5903,8,13,0.3833,1.0000,102,nie
1234567_zbledami_L2A_roi,maximum likelihood,Robust_Mahalanobis,62.4557,60.5667,-1.8890,108,92,0.2888,1.0000,102,nie
1234567_zbledami_L2A_roi,maximum likelihood,SAM,62.4557,63.9906,1.5348,9,22,0.0311,1.0000,102,nie
1234567_zbledami_L2A_roi,maximum likelihood,HotellingT2,62.4557,61.2751,-1.1806,39,29,0.2751,1.0000,102,nie
1234567_zbledami_L2A_roi,maximum likelihood,MAD,62.4557,55.1358,-7.3200,108,46,0.0000,0.0001,102,TAK
1234567_zbledami_L2A_roi,maximum likelihood,IQR,62.4557,57.1429,-5.3129,78,33,0.0000,0.0025,102,TAK
1234567_zbledami_L2A_roi,maximum likelihood,EllipticEnvelope,62.4557,63.4002,0.9445,8,16,0.1516,1.0000,102,nie
1234567_zbledami_L2A_roi,maximum likelihood,OneClassSVM,62.4557,63.7544,1.2987,15,26,0.1183,1.0000,102,nie
1234567_zbledami_L2A_roi,maximum likelihood,LOF,62.4557,63.1641,0.7084,9,15,0.3075,1.0000,102,nie
1234567_zbledami_L2A_roi,maximum likelihood,Erosion,62.4557,62.5738,0.1181,42,43,1.0000,1.0000,102,nie
1234567_zbledami_L2A_roi,maximum likelihood,kNN,62.4557,63.2822,0.8264,7,14,0.1892,1.0000,102,nie
1234567_zbledami_L2A_roi,maximum likelihood,PCA,62.4557,53.9551,-8.5006,118,46,0.0000,0.0000,102,TAK
1234567_zbledami_L2A_roi,maximum likelihood,Percentile,62.4557,62.5738,0.1181,27,28,1.0000,1.0000,102,nie
1234567_zbledami_L2A_roi,maximum likelihood,Band_Z-score,62.4557,61.7473,-0.7084,28,22,0.4795,1.0000,102,nie
1234567_zbledami_L2A_roi,random forest,GMM,75.4427,77.4498,2.0071,20,37,0.0341,1.0000,102,nie
1234567_zbledami_L2A_roi,random forest,Robust_Mahalanobis,75.4427,75.4427,0.0000,96,96,0.9425,1.0000,102,nie
1234567_zbledami_L2A_roi,random forest,Mahalanobis,75.4427,72.9634,-2.4793,76,55,0.0806,1.0000,102,nie
1234567_zbledami_L2A_roi,random forest,OneClassSVM,75.4427,76.9776,1.5348,38,51,0.2034,1.0000,102,nie
1234567_zbledami_L2A_roi,random forest,PCA,75.4427,69.0673,-6.3754,129,75,0.0002,0.0176,102,TAK
1234567_zbledami_L2A_roi,random forest,SAM,75.4427,76.0331,0.5903,38,43,0.6567,1.0000,102,nie
1234567_zbledami_L2A_roi,random forest,EllipticEnvelope,75.4427,75.7969,0.3542,37,40,0.8197,1.0000,102,nie
1234567_zbledami_L2A_roi,random forest,kNN,75.4427,76.6234,1.1806,24,34,0.2373,1.0000,102,nie
1234567_zbledami_L2A_roi,random forest,LOF,75.4427,76.9776,1.5348,26,39,0.1366,1.0000,102,nie
1234567_zbledami_L2A_roi,random forest,Percentile,75.4427,78.5124,3.0697,35,61,0.0107,0.8472,102,nie
1234567_zbledami_L2A_roi,random forest,IQR,75.4427,74.9705,-0.4723,74,70,0.8026,1.0000,102,nie
1234567_zbledami_L2A_roi,random forest,Erosion,75.4427,74.9705,-0.4723,76,72,0.8052,1.0000,102,nie
1234567_zbledami_L2A_roi,random forest,PCA_Reconstruction,75.4427,74.6163,-0.8264,44,37,0.5050,1.0000,102,nie
1234567_zbledami_L2A_roi,random forest,Band_Z-score,75.4427,77.5679,2.1251,34,52,0.0668,1.0000,102,nie
1234567_zbledami_L2A_roi,random forest,IsolationForest,75.4427,75.7969,0.3542,37,40,0.8197,1.0000,102,nie
1234567_zbledami_L2A_roi,random forest,MAD,75.4427,72.1370,-3.3058,106,78,0.0465,1.0000,102,nie
1234567_zbledami_L2A_roi,random forest,HotellingT2,75.4427,74.0260,-1.4168,54,42,0.2616,1.0000,102,nie
1234567_zbledami_L2A_roi,multi-layer perceptron,Mahalanobis,58.9138,74.6163,15.7025,40,173,0.0000,0.0000,102,TAK
1234567_zbledami_L2A_roi,multi-layer perceptron,Band_Z-score,58.9138,69.0673,10.1535,33,119,0.0000,0.0000,102,TAK
1234567_zbledami_L2A_roi,multi-layer perceptron,EllipticEnvelope,58.9138,71.5466,12.6328,97,204,0.0000,0.0000,102,TAK
1234567_zbledami_L2A_roi,multi-layer perceptron,SAM,58.9138,75.6789,16.7651,45,187,0.0000,0.0000,102,TAK
1234567_zbledami_L2A_roi,multi-layer perceptron,PCA_Reconstruction,58.9138,63.1641,4.2503,70,106,0.0083,0.6751,102,nie
1234567_zbledami_L2A_roi,multi-layer perceptron,IQR,58.9138,73.4357,14.5218,92,215,0.0000,0.0000,102,TAK
1234567_zbledami_L2A_roi,multi-layer perceptron,MAD,58.9138,58.5596,-0.3542,128,125,0.8999,1.0000,102,nie
1234567_zbledami_L2A_roi,multi-layer perceptron,kNN,58.9138,60.4486,1.5348,111,124,0.4337,1.0000,102,nie
1234567_zbledami_L2A_roi,multi-layer perceptron,LOF,58.9138,76.1511,17.2373,60,206,0.0000,0.0000,102,TAK
1234567_zbledami_L2A_roi,multi-layer perceptron,HotellingT2,58.9138,61.2751,2.3613,105,125,0.2103,1.0000,102,nie
1234567_zbledami_L2A_roi,multi-layer perceptron,Robust_Mahalanobis,58.9138,70.4841,11.5702,140,238,0.0000,0.0001,102,TAK
1234567_zbledami_L2A_roi,multi-layer perceptron,Erosion,58.9138,66.8241,7.9103,68,135,0.0000,0.0003,102,TAK
1234567_zbledami_L2A_roi,multi-layer perceptron,IsolationForest,58.9138,77.5679,18.6541,73,231,0.0000,0.0000,102,TAK
1234567_zbledami_L2A_roi,multi-layer perceptron,Percentile,58.9138,72.3731,13.4593,72,186,0.0000,0.0000,102,TAK
1234567_zbledami_L2A_roi,multi-layer perceptron,OneClassSVM,58.9138,65.4073,6.4935,53,108,0.0000,0.0018,102,TAK
1234567_zbledami_L2A_roi,multi-layer perceptron,GMM,58.9138,56.7887,-2.1251,149,131,0.3097,1.0000,102,nie
1234567_zbledami_L2A_roi,multi-layer perceptron,PCA,58.9138,70.4841,11.5702,98,196,0.0000,0.0000,102,TAK
1234567_zbledami_L2A_roi,support vector machine,MAD,81.9362,76.6234,-5.3129,57,12,0.0000,0.0000,102,TAK
1234567_zbledami_L2A_roi,support vector machine,IQR,81.9362,80.4014,-1.5348,36,23,0.1182,1.0000,102,nie
1234567_zbledami_L2A_roi,support vector machine,SAM,81.9362,81.9362,0.0000,6,6,1.0000,1.0000,102,nie
1234567_zbledami_L2A_roi,support vector machine,PCA_Reconstruction,81.9362,81.4640,-0.4723,7,3,0.3438,1.0000,102,nie
1234567_zbledami_L2A_roi,support vector machine,Mahalanobis,81.9362,79.6930,-2.2432,31,12,0.0061,0.5023,102,nie
1234567_zbledami_L2A_roi,support vector machine,EllipticEnvelope,81.9362,81.8182,-0.1181,7,6,1.0000,1.0000,102,nie
1234567_zbledami_L2A_roi,support vector machine,Band_Z-score,81.9362,80.9917,-0.9445,18,10,0.1859,1.0000,102,nie
1234567_zbledami_L2A_roi,support vector machine,OneClassSVM,81.9362,80.8737,-1.0626,15,6,0.0784,1.0000,102,nie
1234567_zbledami_L2A_roi,support vector machine,GMM,81.9362,81.2279,-0.7084,6,0,0.0312,1.0000,102,nie
1234567_zbledami_L2A_roi,support vector machine,PCA,81.9362,75.5608,-6.3754,73,19,0.0000,0.0000,102,TAK
1234567_zbledami_L2A_roi,support vector machine,Percentile,81.9362,82.1724,0.2361,10,12,0.8318,1.0000,102,nie
1234567_zbledami_L2A_roi,support vector machine,Erosion,81.9362,81.8182,-0.1181,26,25,1.0000,1.0000,102,nie
1234567_zbledami_L2A_roi,support vector machine,IsolationForest,81.9362,82.0543,0.1181,5,6,1.0000,1.0000,102,nie
1234567_zbledami_L2A_roi,support vector machine,HotellingT2,81.9362,79.6930,-2.2432,31,12,0.0061,0.5023,102,nie
1234567_zbledami_L2A_roi,support vector machine,LOF,81.9362,81.5821,-0.3542,8,5,0.5811,1.0000,102,nie
1234567_zbledami_L2A_roi,support vector machine,kNN,81.9362,81.8182,-0.1181,7,6,1.0000,1.0000,102,nie
1234567_zbledami_L2A_roi,support vector machine,Robust_Mahalanobis,81.9362,79.2208,-2.7155,50,27,0.0122,0.9494,102,nie
1234567_zbledami_L2A_roi,spectral angle mapping,PCA_Reconstruction,74.3802,73.9079,-0.4723,6,2,0.2891,1.0000,102,nie
1234567_zbledami_L2A_roi,spectral angle mapping,SAM,74.3802,73.5537,-0.8264,11,4,0.1185,1.0000,102,nie
1234567_zbledami_L2A_roi,spectral angle mapping,EllipticEnvelope,74.3802,73.4357,-0.9445,12,4,0.0768,1.0000,102,nie
1234567_zbledami_L2A_roi,spectral angle mapping,Band_Z-score,74.3802,73.6718,-0.7084,15,9,0.3075,1.0000,102,nie
1234567_zbledami_L2A_roi,spectral angle mapping,Mahalanobis,74.3802,74.1440,-0.2361,16,14,0.8551,1.0000,102,nie
1234567_zbledami_L2A_roi,spectral angle mapping,MAD,74.3802,72.8453,-1.5348,39,26,0.1366,1.0000,102,nie
1234567_zbledami_L2A_roi,spectral angle mapping,IQR,74.3802,73.0815,-1.2987,34,23,0.1853,1.0000,102,nie
1234567_zbledami_L2A_roi,spectral angle mapping,IsolationForest,74.3802,73.4357,-0.9445,11,3,0.0574,1.0000,102,nie
1234567_zbledami_L2A_roi,spectral angle mapping,Erosion,74.3802,73.5537,-0.8264,19,12,0.2812,1.0000,102,nie
1234567_zbledami_L2A_roi,spectral angle mapping,Robust_Mahalanobis,74.3802,72.9634,-1.4168,40,28,0.1822,1.0000,102,nie
1234567_zbledami_L2A_roi,spectral angle mapping,HotellingT2,74.3802,74.0260,-0.3542,16,13,0.7103,1.0000,102,nie
1234567_zbledami_L2A_roi,spectral angle mapping,kNN,74.3802,73.6718,-0.7084,8,2,0.1094,1.0000,102,nie
1234567_zbledami_L2A_roi,spectral angle mapping,LOF,74.3802,73.5537,-0.8264,10,3,0.0923,1.0000,102,nie
1234567_zbledami_L2A_roi,spectral angle mapping,PCA,74.3802,72.7273,-1.6529,40,26,0.1096,1.0000,102,nie
1234567_zbledami_L2A_roi,spectral angle mapping,GMM,74.3802,73.9079,-0.4723,7,3,0.3438,1.0000,102,nie
1234567_zbledami_L2A_roi,spectral angle mapping,OneClassSVM,74.3802,74.0260,-0.3542,7,4,0.5488,1.0000,102,nie
1234567_zbledami_L2A_roi,spectral angle mapping,Percentile,74.3802,73.3176,-1.0626,14,5,0.0636,1.0000,102,nie
1234567_zbledami_L2A_roi,minimum distance,GMM,77.2137,76.9776,-0.2361,3,1,0.6250,1.0000,102,nie
1234567_zbledami_L2A_roi,minimum distance,OneClassSVM,77.2137,76.8595,-0.3542,3,0,0.2500,1.0000,102,nie
1234567_zbledami_L2A_roi,minimum distance,Erosion,77.2137,76.8595,-0.3542,15,12,0.7003,1.0000,102,nie
1234567_zbledami_L2A_roi,minimum distance,PCA,77.2137,75.5608,-1.6529,38,24,0.0987,1.0000,102,nie
1234567_zbledami_L2A_roi,minimum distance,Percentile,77.2137,76.9776,-0.2361,5,3,0.7266,1.0000,102,nie
1234567_zbledami_L2A_roi,minimum distance,IsolationForest,77.2137,76.9776,-0.2361,2,0,0.5000,1.0000,102,nie
1234567_zbledami_L2A_roi,minimum distance,LOF,77.2137,77.2137,0.0000,2,2,1.0000,1.0000,102,nie
1234567_zbledami_L2A_roi,minimum distance,Mahalanobis,77.2137,76.0331,-1.1806,18,8,0.0776,1.0000,102,nie
1234567_zbledami_L2A_roi,minimum distance,EllipticEnvelope,77.2137,76.8595,-0.3542,3,0,0.2500,1.0000,102,nie
1234567_zbledami_L2A_roi,minimum distance,PCA_Reconstruction,77.2137,76.9776,-0.2361,2,0,0.5000,1.0000,102,nie
1234567_zbledami_L2A_roi,minimum distance,IQR,77.2137,75.0885,-2.1251,27,9,0.0046,0.3869,102,nie
1234567_zbledami_L2A_roi,minimum distance,Robust_Mahalanobis,77.2137,74.9705,-2.2432,41,22,0.0233,1.0000,102,nie
1234567_zbledami_L2A_roi,minimum distance,HotellingT2,77.2137,75.6789,-1.5348,19,6,0.0164,1.0000,102,nie
1234567_zbledami_L2A_roi,minimum distance,kNN,77.2137,76.8595,-0.3542,4,1,0.3750,1.0000,102,nie
1234567_zbledami_L2A_roi,minimum distance,Band_Z-score,77.2137,75.9150,-1.2987,14,3,0.0127,0.9672,102,nie
1234567_zbledami_L2A_roi,minimum distance,MAD,77.2137,75.0885,-2.1251,32,14,0.0122,0.9494,102,nie
1234567_zbledami_L2A_roi,minimum distance,SAM,77.2137,76.9776,-0.2361,3,1,0.6250,1.0000,102,nie
123456_poprawny_L1C_class,maximum likelihood,GMM,70.1299,69.0673,-1.0626,25,16,0.2115,1.0000,102,nie
123456_poprawny_L1C_class,maximum likelihood,Mahalanobis,70.1299,73.3176,3.1877,11,38,0.0002,0.0149,102,TAK
123456_poprawny_L1C_class,maximum likelihood,IsolationForest,70.1299,71.0744,0.9445,11,19,0.2012,1.0000,102,nie
123456_poprawny_L1C_class,maximum likelihood,PCA_Reconstruction,70.1299,70.1299,0.0000,13,13,0.8445,1.0000,102,nie
123456_poprawny_L1C_class,maximum likelihood,Robust_Mahalanobis,70.1299,28.5714,-41.5584,403,51,0.0000,0.0000,102,TAK
123456_poprawny_L1C_class,maximum likelihood,SAM,70.1299,69.6576,-0.4723,13,9,0.5235,1.0000,102,nie
123456_poprawny_L1C_class,maximum likelihood,HotellingT2,70.1299,73.7898,3.6600,10,41,0.0000,0.0021,102,TAK
123456_poprawny_L1C_class,maximum likelihood,MAD,70.1299,66.4699,-3.6600,114,83,0.0326,1.0000,102,nie
123456_poprawny_L1C_class,maximum likelihood,IQR,70.1299,64.5809,-5.5490,113,66,0.0006,0.0422,102,TAK
123456_poprawny_L1C_class,maximum likelihood,EllipticEnvelope,70.1299,70.2479,0.1181,12,13,1.0000,1.0000,102,nie
123456_poprawny_L1C_class,maximum likelihood,OneClassSVM,70.1299,69.0673,-1.0626,50,41,0.4017,1.0000,102,nie
123456_poprawny_L1C_class,maximum likelihood,LOF,70.1299,69.7757,-0.3542,22,19,0.7548,1.0000,102,nie
123456_poprawny_L1C_class,maximum likelihood,Erosion,70.1299,11.2161,-58.9138,525,26,0.0000,0.0000,102,TAK
123456_poprawny_L1C_class,maximum likelihood,kNN,70.1299,68.4770,-1.6529,24,10,0.0258,1.0000,102,nie
123456_poprawny_L1C_class,maximum likelihood,PCA,70.1299,55.6080,-14.5218,199,76,0.0000,0.0000,102,TAK
123456_poprawny_L1C_class,maximum likelihood,Percentile,70.1299,72.2550,2.1251,33,51,0.0636,1.0000,102,nie
123456_poprawny_L1C_class,maximum likelihood,Band_Z-score,70.1299,70.6021,0.4723,14,18,0.5959,1.0000,102,nie
123456_poprawny_L1C_class,random forest,GMM,70.1299,63.0460,-7.0838,72,12,0.0000,0.0000,102,TAK
123456_poprawny_L1C_class,random forest,Robust_Mahalanobis,70.1299,67.5325,-2.5974,155,133,0.2159,1.0000,102,nie
123456_poprawny_L1C_class,random forest,Mahalanobis,70.1299,71.4286,1.2987,13,24,0.1002,1.0000,102,nie
123456_poprawny_L1C_class,random forest,OneClassSVM,70.1299,61.0390,-9.0909,88,11,0.0000,0.0000,102,TAK
123456_poprawny_L1C_class,random forest,PCA,70.1299,54.1913,-15.9386,221,86,0.0000,0.0000,102,TAK
123456_poprawny_L1C_class,random forest,SAM,70.1299,56.4345,-13.6954,129,13,0.0000,0.0000,102,TAK
123456_poprawny_L1C_class,random forest,EllipticEnvelope,70.1299,60.5667,-9.5632,93,12,0.0000,0.0000,102,TAK
123456_poprawny_L1C_class,random forest,kNN,70.1299,59.1499,-10.9799,114,21,0.0000,0.0000,102,TAK
123456_poprawny_L1C_class,random forest,LOF,70.1299,59.6222,-10.5077,110,21,0.0000,0.0000,102,TAK
123456_poprawny_L1C_class,random forest,Percentile,70.1299,60.2125,-9.9174,119,35,0.0000,0.0000,102,TAK
123456_poprawny_L1C_class,random forest,IQR,70.1299,61.3932,-8.7367,134,60,0.0000,0.0000,102,TAK
123456_poprawny_L1C_class,random forest,Erosion,70.1299,59.6222,-10.5077,106,17,0.0000,0.0000,102,TAK
123456_poprawny_L1C_class,random forest,PCA_Reconstruction,70.1299,67.5325,-2.5974,51,29,0.0189,1.0000,102,nie
123456_poprawny_L1C_class,random forest,Band_Z-score,70.1299,73.0815,2.9516,15,40,0.0012,0.0812,102,nie
123456_poprawny_L1C_class,random forest,IsolationForest,70.1299,72.6092,2.4793,8,29,0.0010,0.0696,102,nie
123456_poprawny_L1C_class,random forest,MAD,70.1299,65.0531,-5.0767,127,84,0.0038,0.2493,102,nie
123456_poprawny_L1C_class,random forest,HotellingT2,70.1299,63.2822,-6.8477,74,16,0.0000,0.0000,102,TAK
123456_poprawny_L1C_class,multi-layer perceptron,Mahalanobis,83.5891,80.6375,-2.9516,66,41,0.0203,1.0000,102,nie
123456_poprawny_L1C_class,multi-layer perceptron,Band_Z-score,83.5891,78.7485,-4.8406,55,14,0.0000,0.0001,102,TAK
123456_poprawny_L1C_class,multi-layer perceptron,EllipticEnvelope,83.5891,84.8878,1.2987,36,47,0.2724,1.0000,102,nie
123456_poprawny_L1C_class,multi-layer perceptron,SAM,83.5891,79.4569,-4.1322,57,22,0.0001,0.0097,102,TAK
123456_poprawny_L1C_class,multi-layer perceptron,PCA_Reconstruction,83.5891,79.8111,-3.7780,61,29,0.0011,0.0737,102,nie
123456_poprawny_L1C_class,multi-layer perceptron,IQR,83.5891,77.2137,-6.3754,109,55,0.0000,0.0027,102,TAK
123456_poprawny_L1C_class,multi-layer perceptron,MAD,83.5891,82.9988,-0.5903,57,52,0.7016,1.0000,102,nie
123456_poprawny_L1C_class,multi-layer perceptron,kNN,83.5891,81.9362,-1.6529,41,27,0.1149,1.0000,102,nie
123456_poprawny_L1C_class,multi-layer perceptron,LOF,83.5891,80.8737,-2.7155,36,13,0.0017,0.1104,102,nie
123456_poprawny_L1C_class,multi-layer perceptron,HotellingT2,83.5891,78.0401,-5.5490,64,17,0.0000,0.0000,102,TAK
123456_poprawny_L1C_class,multi-layer perceptron,Robust_Mahalanobis,83.5891,78.2763,-5.3129,81,36,0.0000,0.0036,102,TAK
123456_poprawny_L1C_class,multi-layer perceptron,Erosion,83.5891,77.8040,-5.7851,71,22,0.0000,0.0001,102,TAK
123456_poprawny_L1C_class,multi-layer perceptron,IsolationForest,83.5891,80.2834,-3.3058,46,18,0.0007,0.0517,102,nie
123456_poprawny_L1C_class,multi-layer perceptron,Percentile,83.5891,82.0543,-1.5348,67,54,0.2753,1.0000,102,nie
123456_poprawny_L1C_class,multi-layer perceptron,OneClassSVM,83.5891,82.2904,-1.2987,59,48,0.3337,1.0000,102,nie
123456_poprawny_L1C_class,multi-layer perceptron,GMM,83.5891,82.8808,-0.7084,40,34,0.5611,1.0000,102,nie
123456_poprawny_L1C_class,multi-layer perceptron,PCA,83.5891,77.4498,-6.1393,89,37,0.0000,0.0004,102,TAK
123456_poprawny_L1C_class,support vector machine,MAD,87.7214,84.4156,-3.3058,30,2,0.0000,0.0001,102,TAK
123456_poprawny_L1C_class,support vector machine,IQR,87.7214,86.0685,-1.6529,21,7,0.0140,0.8832,102,nie
123456_poprawny_L1C_class,support vector machine,SAM,87.7214,87.3672,-0.3542,3,0,0.2500,1.0000,102,nie
123456_poprawny_L1C_class,support vector machine,PCA_Reconstruction,87.7214,87.4852,-0.2361,2,0,0.5000,1.0000,102,nie
123456_poprawny_L1C_class,support vector machine,Mahalanobis,87.7214,87.6033,-0.1181,2,1,1.0000,1.0000,102,nie
123456_poprawny_L1C_class,support vector machine,EllipticEnvelope,87.7214,87.3672,-0.3542,3,0,0.2500,1.0000,102,nie
123456_poprawny_L1C_class,support vector machine,Band_Z-score,87.7214,87.4852,-0.2361,2,0,0.5000,1.0000,102,nie
123456_poprawny_L1C_class,support vector machine,OneClassSVM,87.7214,87.7214,0.0000,1,1,1.0000,1.0000,102,nie
123456_poprawny_L1C_class,support vector machine,GMM,87.7214,87.8394,0.1181,0,1,1.0000,1.0000,102,nie
123456_poprawny_L1C_class,support vector machine,PCA,87.7214,76.5053,-11.2161,103,8,0.0000,0.0000,102,TAK
123456_poprawny_L1C_class,support vector machine,Percentile,87.7214,86.6588,-1.0626,11,2,0.0225,1.0000,102,nie
123456_poprawny_L1C_class,support vector machine,Erosion,87.7214,84.5336,-3.1877,29,2,0.0000,0.0002,102,TAK
123456_poprawny_L1C_class,support vector machine,IsolationForest,87.7214,87.3672,-0.3542,4,1,0.3750,1.0000,102,nie
123456_poprawny_L1C_class,support vector machine,HotellingT2,87.7214,87.3672,-0.3542,4,1,0.3750,1.0000,102,nie
123456_poprawny_L1C_class,support vector machine,LOF,87.7214,87.7214,0.0000,1,1,1.0000,1.0000,102,nie
123456_poprawny_L1C_class,support vector machine,kNN,87.7214,87.7214,0.0000,1,1,1.0000,1.0000,102,nie
123456_poprawny_L1C_class,support vector machine,Robust_Mahalanobis,87.7214,80.7556,-6.9658,64,5,0.0000,0.0000,102,TAK
123456_poprawny_L1C_class,spectral angle mapping,PCA_Reconstruction,85.7143,85.5962,-0.1181,3,2,1.0000,1.0000,102,nie
123456_poprawny_L1C_class,spectral angle mapping,SAM,85.7143,85.3601,-0.3542,3,0,0.2500,1.0000,102,nie
123456_poprawny_L1C_class,spectral angle mapping,EllipticEnvelope,85.7143,85.3601,-0.3542,3,0,0.2500,1.0000,102,nie
123456_poprawny_L1C_class,spectral angle mapping,Band_Z-score,85.7143,85.8323,0.1181,2,3,1.0000,1.0000,102,nie
123456_poprawny_L1C_class,spectral angle mapping,Mahalanobis,85.7143,85.5962,-0.1181,4,3,1.0000,1.0000,102,nie
123456_poprawny_L1C_class,spectral angle mapping,MAD,85.7143,83.2349,-2.4793,28,7,0.0007,0.0513,102,nie
123456_poprawny_L1C_class,spectral angle mapping,IQR,85.7143,83.5891,-2.1251,30,12,0.0087,0.5576,102,nie
123456_poprawny_L1C_class,spectral angle mapping,IsolationForest,85.7143,85.5962,-0.1181,3,2,1.0000,1.0000,102,nie
123456_poprawny_L1C_class,spectral angle mapping,Erosion,85.7143,84.8878,-0.8264,14,7,0.1892,1.0000,102,nie
123456_poprawny_L1C_class,spectral angle mapping,Robust_Mahalanobis,85.7143,84.2975,-1.4168,37,25,0.1624,1.0000,102,nie
123456_poprawny_L1C_class,spectral angle mapping,HotellingT2,85.7143,85.5962,-0.1181,5,4,1.0000,1.0000,102,nie
123456_poprawny_L1C_class,spectral angle mapping,kNN,85.7143,85.4782,-0.2361,3,1,0.6250,1.0000,102,nie
123456_poprawny_L1C_class,spectral angle mapping,LOF,85.7143,85.4782,-0.2361,3,1,0.6250,1.0000,102,nie
123456_poprawny_L1C_class,spectral angle mapping,PCA,85.7143,80.4014,-5.3129,64,19,0.0000,0.0001,102,TAK
123456_poprawny_L1C_class,spectral angle mapping,GMM,85.7143,85.5962,-0.1181,3,2,1.0000,1.0000,102,nie
123456_poprawny_L1C_class,spectral angle mapping,OneClassSVM,85.7143,85.4782,-0.2361,3,1,0.6250,1.0000,102,nie
123456_poprawny_L1C_class,spectral angle mapping,Percentile,85.7143,85.5962,-0.1181,4,3,1.0000,1.0000,102,nie
123456_poprawny_L1C_class,minimum distance,GMM,81.9362,81.7001,-0.2361,2,0,0.5000,1.0000,102,nie
123456_poprawny_L1C_class,minimum distance,OneClassSVM,81.9362,81.7001,-0.2361,2,0,0.5000,1.0000,102,nie
123456_poprawny_L1C_class,minimum distance,Erosion,81.9362,81.5821,-0.3542,7,4,0.5488,1.0000,102,nie
123456_poprawny_L1C_class,minimum distance,PCA,81.9362,75.5608,-6.3754,81,27,0.0000,0.0000,102,TAK
123456_poprawny_L1C_class,minimum distance,Percentile,81.9362,81.8182,-0.1181,4,3,1.0000,1.0000,102,nie
123456_poprawny_L1C_class,minimum distance,IsolationForest,81.9362,81.8182,-0.1181,2,1,1.0000,1.0000,102,nie
123456_poprawny_L1C_class,minimum distance,LOF,81.9362,81.5821,-0.3542,3,0,0.2500,1.0000,102,nie
123456_poprawny_L1C_class,minimum distance,Mahalanobis,81.9362,81.7001,-0.2361,3,1,0.6250,1.0000,102,nie
123456_poprawny_L1C_class,minimum distance,EllipticEnvelope,81.9362,81.8182,-0.1181,1,0,1.0000,1.0000,102,nie
123456_poprawny_L1C_class,minimum distance,PCA_Reconstruction,81.9362,81.8182,-0.1181,1,0,1.0000,1.0000,102,nie
123456_poprawny_L1C_class,minimum distance,IQR,81.9362,83.3530,1.4168,12,24,0.0668,1.0000,102,nie
123456_poprawny_L1C_class,minimum distance,Robust_Mahalanobis,81.9362,78.3943,-3.5419,41,11,0.0001,0.0043,102,TAK
123456_poprawny_L1C_class,minimum distance,HotellingT2,81.9362,81.5821,-0.3542,4,1,0.3750,1.0000,102,nie
123456_poprawny_L1C_class,minimum distance,kNN,81.9362,81.7001,-0.2361,2,0,0.5000,1.0000,102,nie
123456_poprawny_L1C_class,minimum distance,Band_Z-score,81.9362,81.9362,0.0000,1,1,1.0000,1.0000,102,nie
123456_poprawny_L1C_class,minimum distance,MAD,81.9362,80.4014,-1.5348,32,19,0.0929,1.0000,102,nie
123456_poprawny_L1C_class,minimum distance,SAM,81.9362,81.8182,-0.1181,1,0,1.0000,1.0000,102,nie
123456_poprawny_L1C_roi,maximum likelihood,GMM,70.1299,70.0118,-0.1181,17,16,1.0000,1.0000,102,nie
123456_poprawny_L1C_roi,maximum likelihood,Mahalanobis,70.1299,70.7202,0.5903,60,65,0.7205,1.0000,102,nie
123456_poprawny_L1C_roi,maximum likelihood,IsolationForest,70.1299,68.9492,-1.1806,15,5,0.0414,1.0000,102,nie
123456_poprawny_L1C_roi,maximum likelihood,PCA_Reconstruction,70.1299,70.2479,0.1181,13,14,1.0000,1.0000,102,nie
123456_poprawny_L1C_roi,maximum likelihood,Robust_Mahalanobis,70.1299,64.5809,-5.5490,130,83,0.0016,0.1217,102,nie
123456_poprawny_L1C_roi,maximum likelihood,SAM,70.1299,68.7131,-1.4168,19,7,0.0310,1.0000,102,nie
123456_poprawny_L1C_roi,maximum likelihood,HotellingT2,70.1299,68.1228,-2.0071,66,49,0.1357,1.0000,102,nie
123456_poprawny_L1C_roi,maximum likelihood,MAD,70.1299,9.6812,-60.4486,528,16,0.0000,0.0000,102,TAK
123456_poprawny_L1C_roi,maximum likelihood,IQR,70.1299,9.7993,-60.3306,527,16,0.0000,0.0000,102,TAK
123456_poprawny_L1C_roi,maximum likelihood,EllipticEnvelope,70.1299,70.0118,-0.1181,15,14,1.0000,1.0000,102,nie
123456_poprawny_L1C_roi,maximum likelihood,OneClassSVM,70.1299,72.4911,2.3613,9,29,0.0021,0.1500,102,nie
123456_poprawny_L1C_roi,maximum likelihood,LOF,70.1299,69.6576,-0.4723,16,12,0.5708,1.0000,102,nie
123456_poprawny_L1C_roi,maximum likelihood,Erosion,70.1299,11.2161,-58.9138,525,26,0.0000,0.0000,102,TAK
123456_poprawny_L1C_roi,maximum likelihood,kNN,70.1299,69.1854,-0.9445,17,9,0.1698,1.0000,102,nie
123456_poprawny_L1C_roi,maximum likelihood,PCA,70.1299,3.0697,-67.0602,582,14,0.0000,0.0000,102,TAK
123456_poprawny_L1C_roi,maximum likelihood,Percentile,70.1299,67.2963,-2.8335,64,40,0.0241,1.0000,102,nie
123456_poprawny_L1C_roi,maximum likelihood,Band_Z-score,70.1299,66.9421,-3.1877,71,44,0.0153,1.0000,102,nie
123456_poprawny_L1C_roi,random forest,GMM,70.4841,63.7544,-6.7296,85,28,0.0000,0.0000,102,TAK
123456_poprawny_L1C_roi,random forest,Robust_Mahalanobis,70.4841,55.1358,-15.3483,151,21,0.0000,0.0000,102,TAK
123456_poprawny_L1C_roi,random forest,Mahalanobis,70.4841,58.7957,-11.6883,119,20,0.0000,0.0000,102,TAK
123456_poprawny_L1C_roi,random forest,OneClassSVM,70.4841,60.0945,-10.3896,110,22,0.0000,0.0000,102,TAK
123456_poprawny_L1C_roi,random forest,PCA,70.4841,56.3164,-14.1677,142,22,0.0000,0.0000,102,TAK
123456_poprawny_L1C_roi,random forest,SAM,70.4841,60.6848,-9.7993,112,29,0.0000,0.0000,102,TAK
123456_poprawny_L1C_roi,random forest,EllipticEnvelope,70.4841,63.9906,-6.4935,78,23,0.0000,0.0000,102,TAK
123456_poprawny_L1C_roi,random forest,kNN,70.4841,62.5738,-7.9103,88,21,0.0000,0.0000,102,TAK
123456_poprawny_L1C_roi,random forest,LOF,70.4841,58.7957,-11.6883,129,30,0.0000,0.0000,102,TAK
123456_poprawny_L1C_roi,random forest,Percentile,70.4841,60.5667,-9.9174,114,30,0.0000,0.0000,102,TAK
123456_poprawny_L1C_roi,random forest,IQR,70.4841,56.5525,-13.9315,135,17,0.0000,0.0000,102,TAK
123456_poprawny_L1C_roi,random forest,Erosion,70.4841,59.6222,-10.8619,106,14,0.0000,0.0000,102,TAK
123456_poprawny_L1C_roi,random forest,PCA_Reconstruction,70.4841,71.7828,1.2987,8,19,0.0543,1.0000,102,nie
123456_poprawny_L1C_roi,random forest,Band_Z-score,70.4841,59.3861,-11.0980,110,16,0.0000,0.0000,102,TAK
123456_poprawny_L1C_roi,random forest,IsolationForest,70.4841,61.9835,-8.5006,92,20,0.0000,0.0000,102,TAK
123456_poprawny_L1C_roi,random forest,MAD,70.4841,54.0732,-16.4109,152,13,0.0000,0.0000,102,TAK
123456_poprawny_L1C_roi,random forest,HotellingT2,70.4841,64.5809,-5.9032,71,21,0.0000,0.0000,102,TAK
123456_poprawny_L1C_roi,multi-layer perceptron,Mahalanobis,82.4085,80.5195,-1.8890,73,57,0.1883,1.0000,102,nie
123456_poprawny_L1C_roi,multi-layer perceptron,Band_Z-score,82.4085,82.1724,-0.2361,57,55,0.9247,1.0000,102,nie
123456_poprawny_L1C_roi,multi-layer perceptron,EllipticEnvelope,82.4085,81.8182,-0.5903,61,56,0.7115,1.0000,102,nie
123456_poprawny_L1C_roi,multi-layer perceptron,SAM,82.4085,79.3388,-3.0697,55,29,0.0064,0.4528,102,nie
123456_poprawny_L1C_roi,multi-layer perceptron,PCA_Reconstruction,82.4085,80.9917,-1.4168,47,35,0.2245,1.0000,102,nie
123456_poprawny_L1C_roi,multi-layer perceptron,IQR,82.4085,76.5053,-5.9032,80,30,0.0000,0.0002,102,TAK
123456_poprawny_L1C_roi,multi-layer perceptron,MAD,82.4085,80.6375,-1.7710,57,42,0.1594,1.0000,102,nie
123456_poprawny_L1C_roi,multi-layer perceptron,kNN,82.4085,80.4014,-2.0071,61,44,0.1184,1.0000,102,nie
123456_poprawny_L1C_roi,multi-layer perceptron,LOF,82.4085,81.2279,-1.1806,73,63,0.4403,1.0000,102,nie
123456_poprawny_L1C_roi,multi-layer perceptron,HotellingT2,82.4085,81.8182,-0.5903,56,51,0.6990,1.0000,102,nie
123456_poprawny_L1C_roi,multi-layer perceptron,Robust_Mahalanobis,82.4085,77.2137,-5.1948,96,52,0.0004,0.0310,102,TAK
123456_poprawny_L1C_roi,multi-layer perceptron,Erosion,82.4085,76.1511,-6.2574,112,59,0.0001,0.0055,102,TAK
123456_poprawny_L1C_roi,multi-layer perceptron,IsolationForest,82.4085,80.9917,-1.4168,70,58,0.3309,1.0000,102,nie
123456_poprawny_L1C_roi,multi-layer perceptron,Percentile,82.4085,79.8111,-2.5974,79,57,0.0717,1.0000,102,nie
123456_poprawny_L1C_roi,multi-layer perceptron,OneClassSVM,82.4085,84.0614,1.6529,41,55,0.1846,1.0000,102,nie
123456_poprawny_L1C_roi,multi-layer perceptron,GMM,82.4085,68.3589,-14.0496,136,17,0.0000,0.0000,102,TAK
123456_poprawny_L1C_roi,multi-layer perceptron,PCA,82.4085,81.9362,-0.4723,37,33,0.7199,1.0000,102,nie
123456_poprawny_L1C_roi,support vector machine,MAD,87.7214,86.4227,-1.2987,12,1,0.0034,0.2461,102,nie
123456_poprawny_L1C_roi,support vector machine,IQR,87.7214,86.3046,-1.4168,13,1,0.0018,0.1355,102,nie
123456_poprawny_L1C_roi,support vector machine,SAM,87.7214,87.3672,-0.3542,4,1,0.3750,1.0000,102,nie
123456_poprawny_L1C_roi,support vector machine,PCA_Reconstruction,87.7214,87.7214,0.0000,0,0,1.0000,1.0000,102,nie
123456_poprawny_L1C_roi,support vector machine,Mahalanobis,87.7214,87.4852,-0.2361,2,0,0.5000,1.0000,102,nie
123456_poprawny_L1C_roi,support vector machine,EllipticEnvelope,87.7214,87.6033,-0.1181,1,0,1.0000,1.0000,102,nie
123456_poprawny_L1C_roi,support vector machine,Band_Z-score,87.7214,87.1311,-0.5903,5,0,0.0625,1.0000,102,nie
123456_poprawny_L1C_roi,support vector machine,OneClassSVM,87.7214,87.2491,-0.4723,5,1,0.2188,1.0000,102,nie
123456_poprawny_L1C_roi,support vector machine,GMM,87.7214,87.7214,0.0000,0,0,1.0000,1.0000,102,nie
123456_poprawny_L1C_roi,support vector machine,PCA,87.7214,85.7143,-2.0071,18,1,0.0001,0.0059,102,TAK
123456_poprawny_L1C_roi,support vector machine,Percentile,87.7214,87.4852,-0.2361,4,2,0.6875,1.0000,102,nie
123456_poprawny_L1C_roi,support vector machine,Erosion,87.7214,84.5336,-3.1877,29,2,0.0000,0.0002,102,TAK
123456_poprawny_L1C_roi,support vector machine,IsolationForest,87.7214,87.4852,-0.2361,2,0,0.5000,1.0000,102,nie
123456_poprawny_L1C_roi,support vector machine,HotellingT2,87.7214,87.4852,-0.2361,2,0,0.5000,1.0000,102,nie
123456_poprawny_L1C_roi,support vector machine,LOF,87.7214,87.7214,0.0000,1,1,1.0000,1.0000,102,nie
123456_poprawny_L1C_roi,support vector machine,kNN,87.7214,87.7214,0.0000,1,1,1.0000,1.0000,102,nie
123456_poprawny_L1C_roi,support vector machine,Robust_Mahalanobis,87.7214,85.0059,-2.7155,25,2,0.0000,0.0018,102,TAK
123456_poprawny_L1C_roi,spectral angle mapping,PCA_Reconstruction,85.7143,85.4782,-0.2361,3,1,0.6250,1.0000,102,nie
123456_poprawny_L1C_roi,spectral angle mapping,SAM,85.7143,85.3601,-0.3542,3,0,0.2500,1.0000,102,nie
123456_poprawny_L1C_roi,spectral angle mapping,EllipticEnvelope,85.7143,85.3601,-0.3542,3,0,0.2500,1.0000,102,nie
123456_poprawny_L1C_roi,spectral angle mapping,Band_Z-score,85.7143,85.4782,-0.2361,3,1,0.6250,1.0000,102,nie
123456_poprawny_L1C_roi,spectral angle mapping,Mahalanobis,85.7143,85.4782,-0.2361,3,1,0.6250,1.0000,102,nie
123456_poprawny_L1C_roi,spectral angle mapping,MAD,85.7143,85.7143,0.0000,5,5,1.0000,1.0000,102,nie
123456_poprawny_L1C_roi,spectral angle mapping,IQR,85.7143,85.7143,0.0000,7,7,1.0000,1.0000,102,nie
123456_poprawny_L1C_roi,spectral angle mapping,IsolationForest,85.7143,85.3601,-0.3542,3,0,0.2500,1.0000,102,nie
123456_poprawny_L1C_roi,spectral angle mapping,Erosion,85.7143,84.8878,-0.8264,14,7,0.1892,1.0000,102,nie
123456_poprawny_L1C_roi,spectral angle mapping,Robust_Mahalanobis,85.7143,85.0059,-0.7084,13,7,0.2632,1.0000,102,nie
123456_poprawny_L1C_roi,spectral angle mapping,HotellingT2,85.7143,85.4782,-0.2361,3,1,0.6250,1.0000,102,nie
123456_poprawny_L1C_roi,spectral angle mapping,kNN,85.7143,85.3601,-0.3542,3,0,0.2500,1.0000,102,nie
123456_poprawny_L1C_roi,spectral angle mapping,LOF,85.7143,85.3601,-0.3542,3,0,0.2500,1.0000,102,nie
123456_poprawny_L1C_roi,spectral angle mapping,PCA,85.7143,85.1240,-0.5903,12,7,0.3593,1.0000,102,nie
123456_poprawny_L1C_roi,spectral angle mapping,GMM,85.7143,85.3601,-0.3542,3,0,0.2500,1.0000,102,nie
123456_poprawny_L1C_roi,spectral angle mapping,OneClassSVM,85.7143,85.2420,-0.4723,4,0,0.1250,1.0000,102,nie
123456_poprawny_L1C_roi,spectral angle mapping,Percentile,85.7143,85.4782,-0.2361,3,1,0.6250,1.0000,102,nie
123456_poprawny_L1C_roi,minimum distance,GMM,81.9362,81.8182,-0.1181,1,0,1.0000,1.0000,102,nie
123456_poprawny_L1C_roi,minimum distance,OneClassSVM,81.9362,81.8182,-0.1181,1,0,1.0000,1.0000,102,nie
123456_poprawny_L1C_roi,minimum distance,Erosion,81.9362,81.5821,-0.3542,7,4,0.5488,1.0000,102,nie
123456_poprawny_L1C_roi,minimum distance,PCA,81.9362,81.9362,0.0000,4,4,1.0000,1.0000,102,nie
123456_poprawny_L1C_roi,minimum distance,Percentile,81.9362,81.8182,-0.1181,1,0,1.0000,1.0000,102,nie
123456_poprawny_L1C_roi,minimum distance,IsolationForest,81.9362,81.7001,-0.2361,2,0,0.5000,1.0000,102,nie
123456_poprawny_L1C_roi,minimum distance,LOF,81.9362,81.5821,-0.3542,3,0,0.2500,1.0000,102,nie
123456_poprawny_L1C_roi,minimum distance,Mahalanobis,81.9362,81.7001,-0.2361,2,0,0.5000,1.0000,102,nie
123456_poprawny_L1C_roi,minimum distance,EllipticEnvelope,81.9362,81.5821,-0.3542,3,0,0.2500,1.0000,102,nie
123456_poprawny_L1C_roi,minimum distance,PCA_Reconstruction,81.9362,81.7001,-0.2361,2,0,0.5000,1.0000,102,nie
123456_poprawny_L1C_roi,minimum distance,IQR,81.9362,82.1724,0.2361,2,4,0.6875,1.0000,102,nie
123456_poprawny_L1C_roi,minimum distance,Robust_Mahalanobis,81.9362,81.5821,-0.3542,7,4,0.5488,1.0000,102,nie
123456_poprawny_L1C_roi,minimum distance,HotellingT2,81.9362,81.7001,-0.2361,2,0,0.5000,1.0000,102,nie
123456_poprawny_L1C_roi,minimum distance,kNN,81.9362,81.7001,-0.2361,2,0,0.5000,1.0000,102,nie
123456_poprawny_L1C_roi,minimum distance,Band_Z-score,81.9362,81.8182,-0.1181,1,0,1.0000,1.0000,102,nie
123456_poprawny_L1C_roi,minimum distance,MAD,81.9362,81.9362,0.0000,2,2,1.0000,1.0000,102,nie
123456_poprawny_L1C_roi,minimum distance,SAM,81.9362,81.8182,-0.1181,1,0,1.0000,1.0000,102,nie
123456_poprawny_L2A_class,maximum likelihood,GMM,74.7344,74.9705,0.2361,8,10,0.8145,1.0000,102,nie
123456_poprawny_L2A_class,maximum likelihood,Mahalanobis,74.7344,76.3872,1.6529,8,22,0.0176,1.0000,102,nie
123456_poprawny_L2A_class,maximum likelihood,IsolationForest,74.7344,75.3247,0.5903,6,11,0.3323,1.0000,102,nie
123456_poprawny_L2A_class,maximum likelihood,PCA_Reconstruction,74.7344,74.3802,-0.3542,7,4,0.5488,1.0000,102,nie
123456_poprawny_L2A_class,maximum likelihood,Robust_Mahalanobis,74.7344,12.1606,-62.5738,537,7,0.0000,0.0000,102,TAK
123456_poprawny_L2A_class,maximum likelihood,SAM,74.7344,74.2621,-0.4723,10,6,0.4545,1.0000,102,nie
123456_poprawny_L2A_class,maximum likelihood,HotellingT2,74.7344,75.9150,1.1806,10,20,0.1003,1.0000,102,nie
123456_poprawny_L2A_class,maximum likelihood,MAD,74.7344,78.0401,3.3058,15,43,0.0004,0.0361,102,TAK
123456_poprawny_L2A_class,maximum likelihood,IQR,74.7344,76.3872,1.6529,22,36,0.0878,1.0000,102,nie
123456_poprawny_L2A_class,maximum likelihood,EllipticEnvelope,74.7344,74.9705,0.2361,8,10,0.8145,1.0000,102,nie
123456_poprawny_L2A_class,maximum likelihood,OneClassSVM,74.7344,75.3247,0.5903,4,9,0.2668,1.0000,102,nie
123456_poprawny_L2A_class,maximum likelihood,LOF,74.7344,75.5608,0.8264,6,13,0.1671,1.0000,102,nie
123456_poprawny_L2A_class,maximum likelihood,Erosion,74.7344,71.1924,-3.5419,62,32,0.0028,0.2418,102,nie
123456_poprawny_L2A_class,maximum likelihood,kNN,74.7344,75.2066,0.4723,7,11,0.4807,1.0000,102,nie
123456_poprawny_L2A_class,maximum likelihood,PCA,74.7344,69.3034,-5.4309,78,32,0.0000,0.0017,102,TAK
123456_poprawny_L2A_class,maximum likelihood,Percentile,74.7344,75.6789,0.9445,14,22,0.2433,1.0000,102,nie
123456_poprawny_L2A_class,maximum likelihood,Band_Z-score,74.7344,75.2066,0.4723,9,13,0.5235,1.0000,102,nie
123456_poprawny_L2A_class,random forest,GMM,80.4014,80.7556,0.3542,9,12,0.6636,1.0000,102,nie
123456_poprawny_L2A_class,random forest,Robust_Mahalanobis,80.4014,70.6021,-9.7993,96,13,0.0000,0.0000,102,TAK
123456_poprawny_L2A_class,random forest,Mahalanobis,80.4014,80.0472,-0.3542,20,17,0.7423,1.0000,102,nie
123456_poprawny_L2A_class,random forest,OneClassSVM,80.4014,80.5195,0.1181,7,8,1.0000,1.0000,102,nie
123456_poprawny_L2A_class,random forest,PCA,80.4014,75.7969,-4.6045,54,15,0.0000,0.0005,102,TAK
123456_poprawny_L2A_class,random forest,SAM,80.4014,81.3459,0.9445,9,17,0.1698,1.0000,102,nie
123456_poprawny_L2A_class,random forest,EllipticEnvelope,80.4014,79.8111,-0.5903,21,16,0.5108,1.0000,102,nie
123456_poprawny_L2A_class,random forest,kNN,80.4014,80.4014,0.0000,8,8,1.0000,1.0000,102,nie
123456_poprawny_L2A_class,random forest,LOF,80.4014,80.2834,-0.1181,10,9,1.0000,1.0000,102,nie
123456_poprawny_L2A_class,random forest,Percentile,80.4014,77.4498,-2.9516,36,11,0.0005,0.0422,102,TAK
123456_poprawny_L2A_class,random forest,IQR,80.4014,77.6860,-2.7155,40,17,0.0036,0.3069,102,nie
123456_poprawny_L2A_class,random forest,Erosion,80.4014,75.6789,-4.7226,55,15,0.0000,0.0003,102,TAK
123456_poprawny_L2A_class,random forest,PCA_Reconstruction,80.4014,80.5195,0.1181,5,6,1.0000,1.0000,102,nie
123456_poprawny_L2A_class,random forest,Band_Z-score,80.4014,81.2279,0.8264,5,12,0.1435,1.0000,102,nie
123456_poprawny_L2A_class,random forest,IsolationForest,80.4014,78.6305,-1.7710,21,6,0.0071,0.5925,102,nie
123456_poprawny_L2A_class,random forest,MAD,80.4014,77.3318,-3.0697,36,10,0.0002,0.0212,102,TAK
123456_poprawny_L2A_class,random forest,HotellingT2,80.4014,80.0472,-0.3542,18,15,0.7277,1.0000,102,nie
123456_poprawny_L2A_class,multi-layer perceptron,Mahalanobis,80.0472,78.9847,-1.0626,37,28,0.3211,1.0000,102,nie
123456_poprawny_L2A_class,multi-layer perceptron,Band_Z-score,80.0472,82.2904,2.2432,20,39,0.0191,1.0000,102,nie
123456_poprawny_L2A_class,multi-layer perceptron,EllipticEnvelope,80.0472,78.5124,-1.5348,52,39,0.2084,1.0000,102,nie
123456_poprawny_L2A_class,multi-layer perceptron,SAM,80.0472,79.8111,-0.2361,42,40,0.9121,1.0000,102,nie
123456_poprawny_L2A_class,multi-layer perceptron,PCA_Reconstruction,80.0472,77.6860,-2.3613,50,30,0.0336,1.0000,102,nie
123456_poprawny_L2A_class,multi-layer perceptron,IQR,80.0472,78.6305,-1.4168,58,46,0.2807,1.0000,102,nie
123456_poprawny_L2A_class,multi-layer perceptron,MAD,80.0472,81.8182,1.7710,26,41,0.0872,1.0000,102,nie
123456_poprawny_L2A_class,multi-layer perceptron,kNN,80.0472,78.9847,-1.0626,28,19,0.2432,1.0000,102,nie
123456_poprawny_L2A_class,multi-layer perceptron,LOF,80.0472,80.0472,0.0000,46,46,0.9170,1.0000,102,nie
123456_poprawny_L2A_class,multi-layer perceptron,HotellingT2,80.0472,80.1653,0.1181,32,33,1.0000,1.0000,102,nie
123456_poprawny_L2A_class,multi-layer perceptron,Robust_Mahalanobis,80.0472,75.6789,-4.3684,90,53,0.0026,0.2295,102,nie
123456_poprawny_L2A_class,multi-layer perceptron,Erosion,80.0472,74.9705,-5.0767,72,29,0.0000,0.0028,102,TAK
123456_poprawny_L2A_class,multi-layer perceptron,IsolationForest,80.0472,78.2763,-1.7710,34,19,0.0545,1.0000,102,nie
123456_poprawny_L2A_class,multi-layer perceptron,Percentile,80.0472,80.1653,0.1181,24,25,1.0000,1.0000,102,nie
123456_poprawny_L2A_class,multi-layer perceptron,OneClassSVM,80.0472,82.4085,2.3613,48,68,0.0777,1.0000,102,nie
123456_poprawny_L2A_class,multi-layer perceptron,GMM,80.0472,79.2208,-0.8264,45,38,0.5102,1.0000,102,nie
123456_poprawny_L2A_class,multi-layer perceptron,PCA,80.0472,75.5608,-4.4864,80,42,0.0008,0.0728,102,nie
123456_poprawny_L2A_class,support vector machine,MAD,85.2420,82.5266,-2.7155,27,4,0.0001,0.0073,102,TAK
123456_poprawny_L2A_class,support vector machine,IQR,85.2420,83.8253,-1.4168,24,12,0.0668,1.0000,102,nie
123456_poprawny_L2A_class,support vector machine,SAM,85.2420,85.4782,0.2361,1,3,0.6250,1.0000,102,nie
123456_poprawny_L2A_class,support vector machine,PCA_Reconstruction,85.2420,85.1240,-0.1181,2,1,1.0000,1.0000,102,nie
123456_poprawny_L2A_class,support vector machine,Mahalanobis,85.2420,84.6517,-0.5903,8,3,0.2266,1.0000,102,nie
123456_poprawny_L2A_class,support vector machine,EllipticEnvelope,85.2420,85.1240,-0.1181,1,0,1.0000,1.0000,102,nie
123456_poprawny_L2A_class,support vector machine,Band_Z-score,85.2420,85.4782,0.2361,0,2,0.5000,1.0000,102,nie
123456_poprawny_L2A_class,support vector machine,OneClassSVM,85.2420,85.1240,-0.1181,1,0,1.0000,1.0000,102,nie
123456_poprawny_L2A_class,support vector machine,GMM,85.2420,85.3601,0.1181,1,2,1.0000,1.0000,102,nie
123456_poprawny_L2A_class,support vector machine,PCA,85.2420,83.1169,-2.1251,72,54,0.1299,1.0000,102,nie
123456_poprawny_L2A_class,support vector machine,Percentile,85.2420,84.2975,-0.9445,10,2,0.0386,1.0000,102,nie
123456_poprawny_L2A_class,support vector machine,Erosion,85.2420,81.5821,-3.6600,32,1,0.0000,0.0000,102,TAK
123456_poprawny_L2A_class,support vector machine,IsolationForest,85.2420,84.8878,-0.3542,3,0,0.2500,1.0000,102,nie
123456_poprawny_L2A_class,support vector machine,HotellingT2,85.2420,84.1795,-1.0626,12,3,0.0352,1.0000,102,nie
123456_poprawny_L2A_class,support vector machine,LOF,85.2420,85.3601,0.1181,0,1,1.0000,1.0000,102,nie
123456_poprawny_L2A_class,support vector machine,kNN,85.2420,85.1240,-0.1181,1,0,1.0000,1.0000,102,nie
123456_poprawny_L2A_class,support vector machine,Robust_Mahalanobis,85.2420,81.3459,-3.8961,64,31,0.0010,0.0914,102,nie
123456_poprawny_L2A_class,spectral angle mapping,PCA_Reconstruction,81.8182,81.8182,0.0000,0,0,1.0000,1.0000,102,nie
123456_poprawny_L2A_class,spectral angle mapping,SAM,81.8182,82.0543,0.2361,0,2,0.5000,1.0000,102,nie
123456_poprawny_L2A_class,spectral angle mapping,EllipticEnvelope,81.8182,81.9362,0.1181,1,2,1.0000,1.0000,102,nie
123456_poprawny_L2A_class,spectral angle mapping,Band_Z-score,81.8182,81.7001,-0.1181,4,3,1.0000,1.0000,102,nie
123456_poprawny_L2A_class,spectral angle mapping,Mahalanobis,81.8182,81.9362,0.1181,3,4,1.0000,1.0000,102,nie
123456_poprawny_L2A_class,spectral angle mapping,MAD,81.8182,80.7556,-1.0626,14,5,0.0636,1.0000,102,nie
123456_poprawny_L2A_class,spectral angle mapping,IQR,81.8182,80.6375,-1.1806,14,4,0.0309,1.0000,102,nie
123456_poprawny_L2A_class,spectral angle mapping,IsolationForest,81.8182,81.9362,0.1181,2,3,1.0000,1.0000,102,nie
123456_poprawny_L2A_class,spectral angle mapping,Erosion,81.8182,82.2904,0.4723,5,9,0.4240,1.0000,102,nie
123456_poprawny_L2A_class,spectral angle mapping,Robust_Mahalanobis,81.8182,75.4427,-6.3754,72,18,0.0000,0.0000,102,TAK
123456_poprawny_L2A_class,spectral angle mapping,HotellingT2,81.8182,81.8182,0.0000,5,5,1.0000,1.0000,102,nie
123456_poprawny_L2A_class,spectral angle mapping,kNN,81.8182,81.9362,0.1181,0,1,1.0000,1.0000,102,nie
123456_poprawny_L2A_class,spectral angle mapping,LOF,81.8182,81.9362,0.1181,0,1,1.0000,1.0000,102,nie
123456_poprawny_L2A_class,spectral angle mapping,PCA,81.8182,83.3530,1.5348,25,38,0.1306,1.0000,102,nie
123456_poprawny_L2A_class,spectral angle mapping,GMM,81.8182,81.9362,0.1181,0,1,1.0000,1.0000,102,nie
123456_poprawny_L2A_class,spectral angle mapping,OneClassSVM,81.8182,81.8182,0.0000,0,0,1.0000,1.0000,102,nie
123456_poprawny_L2A_class,spectral angle mapping,Percentile,81.8182,81.7001,-0.1181,4,3,1.0000,1.0000,102,nie
123456_poprawny_L2A_class,minimum distance,GMM,80.2834,80.2834,0.0000,1,1,1.0000,1.0000,102,nie
123456_poprawny_L2A_class,minimum distance,OneClassSVM,80.2834,80.4014,0.1181,0,1,1.0000,1.0000,102,nie
123456_poprawny_L2A_class,minimum distance,Erosion,80.2834,80.6375,0.3542,7,10,0.6291,1.0000,102,nie
123456_poprawny_L2A_class,minimum distance,PCA,80.2834,81.2279,0.9445,46,54,0.4839,1.0000,102,nie
123456_poprawny_L2A_class,minimum distance,Percentile,80.2834,80.7556,0.4723,1,5,0.2188,1.0000,102,nie
123456_poprawny_L2A_class,minimum distance,IsolationForest,80.2834,80.2834,0.0000,1,1,1.0000,1.0000,102,nie
123456_poprawny_L2A_class,minimum distance,LOF,80.2834,80.5195,0.2361,0,2,0.5000,1.0000,102,nie
123456_poprawny_L2A_class,minimum distance,Mahalanobis,80.2834,80.2834,0.0000,3,3,1.0000,1.0000,102,nie
123456_poprawny_L2A_class,minimum distance,EllipticEnvelope,80.2834,80.2834,0.0000,1,1,1.0000,1.0000,102,nie
123456_poprawny_L2A_class,minimum distance,PCA_Reconstruction,80.2834,80.4014,0.1181,0,1,1.0000,1.0000,102,nie
123456_poprawny_L2A_class,minimum distance,IQR,80.2834,81.1098,0.8264,11,18,0.2652,1.0000,102,nie
123456_poprawny_L2A_class,minimum distance,Robust_Mahalanobis,80.2834,77.0956,-3.1877,55,28,0.0043,0.3671,102,nie
123456_poprawny_L2A_class,minimum distance,HotellingT2,80.2834,80.2834,0.0000,3,3,1.0000,1.0000,102,nie
123456_poprawny_L2A_class,minimum distance,kNN,80.2834,80.4014,0.1181,0,1,1.0000,1.0000,102,nie
123456_poprawny_L2A_class,minimum distance,Band_Z-score,80.2834,80.5195,0.2361,0,2,0.5000,1.0000,102,nie
123456_poprawny_L2A_class,minimum distance,MAD,80.2834,81.4640,1.1806,12,22,0.1227,1.0000,102,nie
123456_poprawny_L2A_class,minimum distance,SAM,80.2834,80.2834,0.0000,1,1,1.0000,1.0000,102,nie
123456_poprawny_L2A_roi,maximum likelihood,GMM,74.7344,74.7344,0.0000,9,9,1.0000,1.0000,102,nie
123456_poprawny_L2A_roi,maximum likelihood,Mahalanobis,74.7344,76.3872,1.6529,8,22,0.0176,1.0000,102,nie
123456_poprawny_L2A_roi,maximum likelihood,IsolationForest,74.7344,74.7344,0.0000,6,6,1.0000,1.0000,102,nie
123456_poprawny_L2A_roi,maximum likelihood,PCA_Reconstruction,74.7344,74.2621,-0.4723,10,6,0.4545,1.0000,102,nie
123456_poprawny_L2A_roi,maximum likelihood,Robust_Mahalanobis,74.7344,75.0885,0.3542,63,66,0.8602,1.0000,102,nie
123456_poprawny_L2A_roi,maximum likelihood,SAM,74.7344,75.0885,0.3542,7,10,0.6291,1.0000,102,nie
123456_poprawny_L2A_roi,maximum likelihood,HotellingT2,74.7344,75.9150,1.1806,8,18,0.0776,1.0000,102,nie
123456_poprawny_L2A_roi,maximum likelihood,MAD,74.7344,73.1995,-1.5348,35,22,0.1120,1.0000,102,nie
123456_poprawny_L2A_roi,maximum likelihood,IQR,74.7344,73.4357,-1.2987,38,27,0.2148,1.0000,102,nie
123456_poprawny_L2A_roi,maximum likelihood,EllipticEnvelope,74.7344,74.9705,0.2361,8,10,0.8145,1.0000,102,nie
123456_poprawny_L2A_roi,maximum likelihood,OneClassSVM,74.7344,74.6163,-0.1181,15,14,1.0000,1.0000,102,nie
123456_poprawny_L2A_roi,maximum likelihood,LOF,74.7344,74.9705,0.2361,8,10,0.8145,1.0000,102,nie
123456_poprawny_L2A_roi,maximum likelihood,Erosion,74.7344,71.1924,-3.5419,62,32,0.0028,0.2585,102,nie
123456_poprawny_L2A_roi,maximum likelihood,kNN,74.7344,74.6163,-0.1181,10,9,1.0000,1.0000,102,nie
123456_poprawny_L2A_roi,maximum likelihood,PCA,74.7344,70.2479,-4.4864,83,45,0.0011,0.1010,102,nie
123456_poprawny_L2A_roi,maximum likelihood,Percentile,74.7344,74.8524,0.1181,13,14,1.0000,1.0000,102,nie
123456_poprawny_L2A_roi,maximum likelihood,Band_Z-score,74.7344,75.5608,0.8264,15,22,0.3239,1.0000,102,nie
123456_poprawny_L2A_roi,random forest,GMM,80.1653,81.1098,0.9445,9,17,0.1698,1.0000,102,nie
123456_poprawny_L2A_roi,random forest,Robust_Mahalanobis,80.1653,76.7414,-3.4238,49,20,0.0007,0.0712,102,nie
123456_poprawny_L2A_roi,random forest,Mahalanobis,80.1653,80.5195,0.3542,8,11,0.6476,1.0000,102,nie
123456_poprawny_L2A_roi,random forest,OneClassSVM,80.1653,79.8111,-0.3542,16,13,0.7103,1.0000,102,nie
123456_poprawny_L2A_roi,random forest,PCA,80.1653,78.3943,-1.7710,31,16,0.0411,1.0000,102,nie
123456_poprawny_L2A_roi,random forest,SAM,80.1653,80.1653,0.0000,9,9,1.0000,1.0000,102,nie
123456_poprawny_L2A_roi,random forest,EllipticEnvelope,80.1653,80.2834,0.1181,11,12,1.0000,1.0000,102,nie
123456_poprawny_L2A_roi,random forest,kNN,80.1653,80.4014,0.2361,10,12,0.8318,1.0000,102,nie
123456_poprawny_L2A_roi,random forest,LOF,80.1653,79.9292,-0.2361,14,12,0.8445,1.0000,102,nie
123456_poprawny_L2A_roi,random forest,Percentile,80.1653,80.1653,0.0000,8,8,1.0000,1.0000,102,nie
123456_poprawny_L2A_roi,random forest,IQR,80.1653,78.8666,-1.2987,27,16,0.1273,1.0000,102,nie
123456_poprawny_L2A_roi,random forest,Erosion,80.1653,75.6789,-4.4864,55,17,0.0000,0.0013,102,TAK
123456_poprawny_L2A_roi,random forest,PCA_Reconstruction,80.1653,80.7556,0.5903,5,10,0.3018,1.0000,102,nie
123456_poprawny_L2A_roi,random forest,Band_Z-score,80.1653,79.9292,-0.2361,10,8,0.8145,1.0000,102,nie
123456_poprawny_L2A_roi,random forest,IsolationForest,80.1653,80.5195,0.3542,6,9,0.6072,1.0000,102,nie
123456_poprawny_L2A_roi,random forest,MAD,80.1653,78.1582,-2.0071,32,15,0.0196,1.0000,102,nie
123456_poprawny_L2A_roi,random forest,HotellingT2,80.1653,80.4014,0.2361,9,11,0.8238,1.0000,102,nie
123456_poprawny_L2A_roi,multi-layer perceptron,Mahalanobis,80.0472,78.7485,-1.2987,39,28,0.2218,1.0000,102,nie
123456_poprawny_L2A_roi,multi-layer perceptron,Band_Z-score,80.0472,80.0472,0.0000,48,48,0.9187,1.0000,102,nie
123456_poprawny_L2A_roi,multi-layer perceptron,EllipticEnvelope,80.0472,79.4569,-0.5903,19,14,0.4862,1.0000,102,nie
123456_poprawny_L2A_roi,multi-layer perceptron,SAM,80.0472,79.1027,-0.9445,36,28,0.3816,1.0000,102,nie
123456_poprawny_L2A_roi,multi-layer perceptron,PCA_Reconstruction,80.0472,80.1653,0.1181,29,30,1.0000,1.0000,102,nie
123456_poprawny_L2A_roi,multi-layer perceptron,IQR,80.0472,76.2692,-3.7780,75,43,0.0043,0.3975,102,nie
123456_poprawny_L2A_roi,multi-layer perceptron,MAD,80.0472,79.3388,-0.7084,39,33,0.5557,1.0000,102,nie
123456_poprawny_L2A_roi,multi-layer perceptron,kNN,80.0472,79.2208,-0.8264,24,17,0.3487,1.0000,102,nie
123456_poprawny_L2A_roi,multi-layer perceptron,LOF,80.0472,78.5124,-1.5348,57,44,0.2325,1.0000,102,nie
123456_poprawny_L2A_roi,multi-layer perceptron,HotellingT2,80.0472,78.1582,-1.8890,38,22,0.0528,1.0000,102,nie
123456_poprawny_L2A_roi,multi-layer perceptron,Robust_Mahalanobis,80.0472,76.3872,-3.6600,53,22,0.0005,0.0511,102,nie
123456_poprawny_L2A_roi,multi-layer perceptron,Erosion,80.0472,74.9705,-5.0767,72,29,0.0000,0.0028,102,TAK
123456_poprawny_L2A_roi,multi-layer perceptron,IsolationForest,80.0472,76.9776,-3.0697,29,3,0.0000,0.0010,102,TAK
123456_poprawny_L2A_roi,multi-layer perceptron,Percentile,80.0472,77.6860,-2.3613,48,28,0.0293,1.0000,102,nie
123456_poprawny_L2A_roi,multi-layer perceptron,OneClassSVM,80.0472,80.4014,0.3542,34,37,0.8124,1.0000,102,nie
123456_poprawny_L2A_roi,multi-layer perceptron,GMM,80.0472,80.6375,0.5903,22,27,0.5677,1.0000,102,nie
123456_poprawny_L2A_roi,multi-layer perceptron,PCA,80.0472,78.8666,-1.1806,32,22,0.2207,1.0000,102,nie
123456_poprawny_L2A_roi,support vector machine,MAD,85.2420,84.1795,-1.0626,15,6,0.0784,1.0000,102,nie
123456_poprawny_L2A_roi,support vector machine,IQR,85.2420,84.2975,-0.9445,14,6,0.1153,1.0000,102,nie
123456_poprawny_L2A_roi,support vector machine,SAM,85.2420,85.1240,-0.1181,1,0,1.0000,1.0000,102,nie
123456_poprawny_L2A_roi,support vector machine,PCA_Reconstruction,85.2420,85.3601,0.1181,0,1,1.0000,1.0000,102,nie
123456_poprawny_L2A_roi,support vector machine,Mahalanobis,85.2420,84.7698,-0.4723,6,2,0.2891,1.0000,102,nie
123456_poprawny_L2A_roi,support vector machine,EllipticEnvelope,85.2420,85.2420,0.0000,0,0,1.0000,1.0000,102,nie
123456_poprawny_L2A_roi,support vector machine,Band_Z-score,85.2420,85.0059,-0.2361,3,1,0.6250,1.0000,102,nie
123456_poprawny_L2A_roi,support vector machine,OneClassSVM,85.2420,84.6517,-0.5903,6,1,0.1250,1.0000,102,nie
123456_poprawny_L2A_roi,support vector machine,GMM,85.2420,85.2420,0.0000,0,0,1.0000,1.0000,102,nie
123456_poprawny_L2A_roi,support vector machine,PCA,85.2420,82.0543,-3.1877,31,4,0.0000,0.0011,102,TAK
123456_poprawny_L2A_roi,support vector machine,Percentile,85.2420,84.7698,-0.4723,4,0,0.1250,1.0000,102,nie
123456_poprawny_L2A_roi,support vector machine,Erosion,85.2420,81.5821,-3.6600,32,1,0.0000,0.0000,102,TAK
123456_poprawny_L2A_roi,support vector machine,IsolationForest,85.2420,85.1240,-0.1181,1,0,1.0000,1.0000,102,nie
123456_poprawny_L2A_roi,support vector machine,HotellingT2,85.2420,85.1240,-0.1181,1,0,1.0000,1.0000,102,nie
123456_poprawny_L2A_roi,support vector machine,LOF,85.2420,85.2420,0.0000,0,0,1.0000,1.0000,102,nie
123456_poprawny_L2A_roi,support vector machine,kNN,85.2420,85.1240,-0.1181,1,0,1.0000,1.0000,102,nie
123456_poprawny_L2A_roi,support vector machine,Robust_Mahalanobis,85.2420,82.4085,-2.8335,27,3,0.0000,0.0026,102,TAK
123456_poprawny_L2A_roi,spectral angle mapping,PCA_Reconstruction,81.8182,81.7001,-0.1181,1,0,1.0000,1.0000,102,nie
123456_poprawny_L2A_roi,spectral angle mapping,SAM,81.8182,81.9362,0.1181,0,1,1.0000,1.0000,102,nie
123456_poprawny_L2A_roi,spectral angle mapping,EllipticEnvelope,81.8182,81.9362,0.1181,0,1,1.0000,1.0000,102,nie
123456_poprawny_L2A_roi,spectral angle mapping,Band_Z-score,81.8182,81.8182,0.0000,1,1,1.0000,1.0000,102,nie
123456_poprawny_L2A_roi,spectral angle mapping,Mahalanobis,81.8182,81.8182,0.0000,2,2,1.0000,1.0000,102,nie
123456_poprawny_L2A_roi,spectral angle mapping,MAD,81.8182,81.9362,0.1181,6,7,1.0000,1.0000,102,nie
123456_poprawny_L2A_roi,spectral angle mapping,IQR,81.8182,82.1724,0.3542,5,8,0.5811,1.0000,102,nie
123456_poprawny_L2A_roi,spectral angle mapping,IsolationForest,81.8182,82.0543,0.2361,0,2,0.5000,1.0000,102,nie
123456_poprawny_L2A_roi,spectral angle mapping,Erosion,81.8182,82.2904,0.4723,5,9,0.4240,1.0000,102,nie
123456_poprawny_L2A_roi,spectral angle mapping,Robust_Mahalanobis,81.8182,81.7001,-0.1181,10,9,1.0000,1.0000,102,nie
123456_poprawny_L2A_roi,spectral angle mapping,HotellingT2,81.8182,81.8182,0.0000,2,2,1.0000,1.0000,102,nie
123456_poprawny_L2A_roi,spectral angle mapping,kNN,81.8182,82.0543,0.2361,0,2,0.5000,1.0000,102,nie
123456_poprawny_L2A_roi,spectral angle mapping,LOF,81.8182,81.9362,0.1181,0,1,1.0000,1.0000,102,nie
123456_poprawny_L2A_roi,spectral angle mapping,PCA,81.8182,82.1724,0.3542,13,16,0.7103,1.0000,102,nie
123456_poprawny_L2A_roi,spectral angle mapping,GMM,81.8182,81.7001,-0.1181,1,0,1.0000,1.0000,102,nie
123456_poprawny_L2A_roi,spectral angle mapping,OneClassSVM,81.8182,82.1724,0.3542,1,4,0.3750,1.0000,102,nie
123456_poprawny_L2A_roi,spectral angle mapping,Percentile,81.8182,82.0543,0.2361,0,2,0.5000,1.0000,102,nie
123456_poprawny_L2A_roi,minimum distance,GMM,80.2834,80.5195,0.2361,0,2,0.5000,1.0000,102,nie
123456_poprawny_L2A_roi,minimum distance,OneClassSVM,80.2834,80.6375,0.3542,2,5,0.4531,1.0000,102,nie
123456_poprawny_L2A_roi,minimum distance,Erosion,80.2834,80.6375,0.3542,7,10,0.6291,1.0000,102,nie
123456_poprawny_L2A_roi,minimum distance,PCA,80.2834,80.6375,0.3542,5,8,0.5811,1.0000,102,nie
123456_poprawny_L2A_roi,minimum distance,Percentile,80.2834,80.6375,0.3542,0,3,0.2500,1.0000,102,nie
123456_poprawny_L2A_roi,minimum distance,IsolationForest,80.2834,80.4014,0.1181,0,1,1.0000,1.0000,102,nie
123456_poprawny_L2A_roi,minimum distance,LOF,80.2834,80.4014,0.1181,0,1,1.0000,1.0000,102,nie
123456_poprawny_L2A_roi,minimum distance,Mahalanobis,80.2834,80.2834,0.0000,0,0,1.0000,1.0000,102,nie
123456_poprawny_L2A_roi,minimum distance,EllipticEnvelope,80.2834,80.4014,0.1181,0,1,1.0000,1.0000,102,nie
123456_poprawny_L2A_roi,minimum distance,PCA_Reconstruction,80.2834,80.4014,0.1181,1,2,1.0000,1.0000,102,nie
123456_poprawny_L2A_roi,minimum distance,IQR,80.2834,80.4014,0.1181,1,2,1.0000,1.0000,102,nie
123456_poprawny_L2A_roi,minimum distance,Robust_Mahalanobis,80.2834,80.7556,0.4723,3,7,0.3438,1.0000,102,nie
123456_poprawny_L2A_roi,minimum distance,HotellingT2,80.2834,80.4014,0.1181,0,1,1.0000,1.0000,102,nie
123456_poprawny_L2A_roi,minimum distance,kNN,80.2834,80.5195,0.2361,0,2,0.5000,1.0000,102,nie
123456_poprawny_L2A_roi,minimum distance,Band_Z-score,80.2834,80.4014,0.1181,0,1,1.0000,1.0000,102,nie
123456_poprawny_L2A_roi,minimum distance,MAD,80.2834,80.6375,0.3542,0,3,0.2500,1.0000,102,nie
123456_poprawny_L2A_roi,minimum distance,SAM,80.2834,80.5195,0.2361,0,2,0.5000,1.0000,102,nie
123456_zbledami_L1C_class,maximum likelihood,GMM,54.7816,54.5455,-0.2361,8,6,0.7905,1.0000,102,nie
123456_zbledami_L1C_class,maximum likelihood,Mahalanobis,54.7816,61.3932,6.6116,18,74,0.0000,0.0000,102,TAK
123456_zbledami_L1C_class,maximum likelihood,IsolationForest,54.7816,54.3093,-0.4723,9,5,0.4240,1.0000,102,nie
123456_zbledami_L1C_class,maximum likelihood,PCA_Reconstruction,54.7816,54.1913,-0.5903,8,3,0.2266,1.0000,102,nie
123456_zbledami_L1C_class,maximum likelihood,Robust_Mahalanobis,54.7816,76.0331,21.2515,32,212,0.0000,0.0000,102,TAK
123456_zbledami_L1C_class,maximum likelihood,SAM,54.7816,54.5455,-0.2361,9,7,0.8036,1.0000,102,nie
123456_zbledami_L1C_class,maximum likelihood,HotellingT2,54.7816,64.1086,9.3270,15,94,0.0000,0.0000,102,TAK
123456_zbledami_L1C_class,maximum likelihood,MAD,54.7816,56.1983,1.4168,15,27,0.0896,1.0000,102,nie
123456_zbledami_L1C_class,maximum likelihood,IQR,54.7816,53.7190,-1.0626,50,41,0.4017,1.0000,102,nie
123456_zbledami_L1C_class,maximum likelihood,EllipticEnvelope,54.7816,55.0177,0.2361,7,9,0.8036,1.0000,102,nie
123456_zbledami_L1C_class,maximum likelihood,OneClassSVM,54.7816,54.0732,-0.7084,8,2,0.1094,1.0000,102,nie
123456_zbledami_L1C_class,maximum likelihood,LOF,54.7816,54.8996,0.1181,10,11,1.0000,1.0000,102,nie
123456_zbledami_L1C_class,maximum likelihood,Erosion,54.7816,66.2338,11.4522,34,131,0.0000,0.0000,102,TAK
123456_zbledami_L1C_class,maximum likelihood,kNN,54.7816,53.7190,-1.0626,13,4,0.0490,1.0000,102,nie
123456_zbledami_L1C_class,maximum likelihood,PCA,54.7816,9.3270,-45.4545,394,9,0.0000,0.0000,102,TAK
123456_zbledami_L1C_class,maximum likelihood,Percentile,54.7816,56.5525,1.7710,10,25,0.0180,1.0000,102,nie
123456_zbledami_L1C_class,maximum likelihood,Band_Z-score,54.7816,54.1913,-0.5903,9,4,0.2668,1.0000,102,nie
123456_zbledami_L1C_class,random forest,GMM,63.4002,62.9280,-0.4723,21,17,0.6265,1.0000,102,nie
123456_zbledami_L1C_class,random forest,Robust_Mahalanobis,63.4002,66.5880,3.1877,61,88,0.0332,1.0000,102,nie
123456_zbledami_L1C_class,random forest,Mahalanobis,63.4002,61.0390,-2.3613,60,40,0.0574,1.0000,102,nie
123456_zbledami_L1C_class,random forest,OneClassSVM,63.4002,60.3306,-3.0697,48,22,0.0028,0.2442,102,nie
123456_zbledami_L1C_class,random forest,PCA,63.4002,64.4628,1.0626,46,55,0.4260,1.0000,102,nie
123456_zbledami_L1C_class,random forest,SAM,63.4002,66.3518,2.9516,26,51,0.0062,0.5177,102,nie
123456_zbledami_L1C_class,random forest,EllipticEnvelope,63.4002,62.5738,-0.8264,40,33,0.4825,1.0000,102,nie
123456_zbledami_L1C_class,random forest,kNN,63.4002,64.9351,1.5348,22,35,0.1120,1.0000,102,nie
123456_zbledami_L1C_class,random forest,LOF,63.4002,61.8654,-1.5348,33,20,0.0993,1.0000,102,nie
123456_zbledami_L1C_class,random forest,Percentile,63.4002,60.3306,-3.0697,54,28,0.0058,0.4844,102,nie
123456_zbledami_L1C_class,random forest,IQR,63.4002,63.4002,0.0000,66,66,0.9306,1.0000,102,nie
123456_zbledami_L1C_class,random forest,Erosion,63.4002,61.0390,-2.3613,71,51,0.0854,1.0000,102,nie
123456_zbledami_L1C_class,random forest,PCA_Reconstruction,63.4002,61.6293,-1.7710,31,16,0.0411,1.0000,102,nie
123456_zbledami_L1C_class,random forest,Band_Z-score,63.4002,62.3377,-1.0626,51,42,0.4068,1.0000,102,nie
123456_zbledami_L1C_class,random forest,IsolationForest,63.4002,69.5396,6.1393,23,75,0.0000,0.0000,102,TAK
123456_zbledami_L1C_class,random forest,MAD,63.4002,65.4073,2.0071,46,63,0.1254,1.0000,102,nie
123456_zbledami_L1C_class,random forest,HotellingT2,63.4002,60.6848,-2.7155,69,46,0.0402,1.0000,102,nie
123456_zbledami_L1C_class,multi-layer perceptron,Mahalanobis,80.0472,84.1795,4.1322,24,59,0.0002,0.0173,102,TAK
123456_zbledami_L1C_class,multi-layer perceptron,Band_Z-score,80.0472,82.4085,2.3613,80,100,0.1567,1.0000,102,nie
123456_zbledami_L1C_class,multi-layer perceptron,EllipticEnvelope,80.0472,81.2279,1.1806,33,43,0.3019,1.0000,102,nie
123456_zbledami_L1C_class,multi-layer perceptron,SAM,80.0472,80.1653,0.1181,46,47,1.0000,1.0000,102,nie
123456_zbledami_L1C_class,multi-layer perceptron,PCA_Reconstruction,80.0472,83.5891,3.5419,28,58,0.0018,0.1553,102,nie
123456_zbledami_L1C_class,multi-layer perceptron,IQR,80.0472,79.5750,-0.4723,49,45,0.7570,1.0000,102,nie
123456_zbledami_L1C_class,multi-layer perceptron,MAD,80.0472,86.3046,6.2574,35,88,0.0000,0.0003,102,TAK
123456_zbledami_L1C_class,multi-layer perceptron,kNN,80.0472,85.1240,5.0767,39,82,0.0001,0.0124,102,TAK
123456_zbledami_L1C_class,multi-layer perceptron,LOF,80.0472,83.1169,3.0697,26,52,0.0046,0.3994,102,nie
123456_zbledami_L1C_class,multi-layer perceptron,HotellingT2,80.0472,86.4227,6.3754,36,90,0.0000,0.0002,102,TAK
123456_zbledami_L1C_class,multi-layer perceptron,Robust_Mahalanobis,80.0472,84.5336,4.4864,70,108,0.0055,0.4717,102,nie
123456_zbledami_L1C_class,multi-layer perceptron,Erosion,80.0472,77.5679,-2.4793,122,101,0.1805,1.0000,102,nie
123456_zbledami_L1C_class,multi-layer perceptron,IsolationForest,80.0472,84.5336,4.4864,19,57,0.0000,0.0020,102,TAK
123456_zbledami_L1C_class,multi-layer perceptron,Percentile,80.0472,84.1795,4.1322,38,73,0.0013,0.1113,102,nie
123456_zbledami_L1C_class,multi-layer perceptron,OneClassSVM,80.0472,81.5821,1.5348,17,30,0.0801,1.0000,102,nie
123456_zbledami_L1C_class,multi-layer perceptron,GMM,80.0472,86.4227,6.3754,16,70,0.0000,0.0000,102,TAK
123456_zbledami_L1C_class,multi-layer perceptron,PCA,80.0472,85.3601,5.3129,47,92,0.0002,0.0173,102,TAK
123456_zbledami_L1C_class,support vector machine,MAD,88.3117,88.7839,0.4723,15,19,0.6069,1.0000,102,nie
123456_zbledami_L1C_class,support vector machine,IQR,88.3117,88.9020,0.5903,16,21,0.5108,1.0000,102,nie
123456_zbledami_L1C_class,support vector machine,SAM,88.3117,88.3117,0.0000,4,4,1.0000,1.0000,102,nie
123456_zbledami_L1C_class,support vector machine,PCA_Reconstruction,88.3117,87.7214,-0.5903,6,1,0.1250,1.0000,102,nie
123456_zbledami_L1C_class,support vector machine,Mahalanobis,88.3117,88.1936,-0.1181,6,5,1.0000,1.0000,102,nie
123456_zbledami_L1C_class,support vector machine,EllipticEnvelope,88.3117,88.3117,0.0000,2,2,1.0000,1.0000,102,nie
123456_zbledami_L1C_class,support vector machine,Band_Z-score,88.3117,89.4923,1.1806,5,15,0.0414,1.0000,102,nie
123456_zbledami_L1C_class,support vector machine,OneClassSVM,88.3117,87.8394,-0.4723,4,0,0.1250,1.0000,102,nie
123456_zbledami_L1C_class,support vector machine,GMM,88.3117,87.8394,-0.4723,4,0,0.1250,1.0000,102,nie
123456_zbledami_L1C_class,support vector machine,PCA,88.3117,90.0826,1.7710,18,33,0.0499,1.0000,102,nie
123456_zbledami_L1C_class,support vector machine,Percentile,88.3117,88.0756,-0.2361,9,7,0.8036,1.0000,102,nie
123456_zbledami_L1C_class,support vector machine,Erosion,88.3117,87.3672,-0.9445,18,10,0.1859,1.0000,102,nie
123456_zbledami_L1C_class,support vector machine,IsolationForest,88.3117,87.8394,-0.4723,7,3,0.3438,1.0000,102,nie
123456_zbledami_L1C_class,support vector machine,HotellingT2,88.3117,88.3117,0.0000,6,6,1.0000,1.0000,102,nie
123456_zbledami_L1C_class,support vector machine,LOF,88.3117,87.9575,-0.3542,4,1,0.3750,1.0000,102,nie
123456_zbledami_L1C_class,support vector machine,kNN,88.3117,87.8394,-0.4723,4,0,0.1250,1.0000,102,nie
123456_zbledami_L1C_class,support vector machine,Robust_Mahalanobis,88.3117,86.4227,-1.8890,36,20,0.0450,1.0000,102,nie
123456_zbledami_L1C_class,spectral angle mapping,PCA_Reconstruction,88.4298,87.2491,-1.1806,13,3,0.0213,1.0000,102,nie
123456_zbledami_L1C_class,spectral angle mapping,SAM,88.4298,89.2562,0.8264,0,7,0.0156,1.0000,102,nie
123456_zbledami_L1C_class,spectral angle mapping,EllipticEnvelope,88.4298,87.8394,-0.5903,14,9,0.4049,1.0000,102,nie
123456_zbledami_L1C_class,spectral angle mapping,Band_Z-score,88.4298,88.6659,0.2361,7,9,0.8036,1.0000,102,nie
123456_zbledami_L1C_class,spectral angle mapping,Mahalanobis,88.4298,86.6588,-1.7710,26,11,0.0214,1.0000,102,nie
123456_zbledami_L1C_class,spectral angle mapping,MAD,88.4298,87.8394,-0.5903,16,11,0.4414,1.0000,102,nie
123456_zbledami_L1C_class,spectral angle mapping,IQR,88.4298,87.6033,-0.8264,19,12,0.2812,1.0000,102,nie
123456_zbledami_L1C_class,spectral angle mapping,IsolationForest,88.4298,88.7839,0.3542,5,8,0.5811,1.0000,102,nie
123456_zbledami_L1C_class,spectral angle mapping,Erosion,88.4298,86.6588,-1.7710,32,17,0.0455,1.0000,102,nie
123456_zbledami_L1C_class,spectral angle mapping,Robust_Mahalanobis,88.4298,86.3046,-2.1251,43,25,0.0393,1.0000,102,nie
123456_zbledami_L1C_class,spectral angle mapping,HotellingT2,88.4298,86.3046,-2.1251,29,11,0.0072,0.5824,102,nie
123456_zbledami_L1C_class,spectral angle mapping,kNN,88.4298,87.7214,-0.7084,12,6,0.2379,1.0000,102,nie
123456_zbledami_L1C_class,spectral angle mapping,LOF,88.4298,87.2491,-1.1806,11,1,0.0063,0.5205,102,nie
123456_zbledami_L1C_class,spectral angle mapping,PCA,88.4298,86.0685,-2.3613,38,18,0.0111,0.8783,102,nie
123456_zbledami_L1C_class,spectral angle mapping,GMM,88.4298,87.7214,-0.7084,9,3,0.1460,1.0000,102,nie
123456_zbledami_L1C_class,spectral angle mapping,OneClassSVM,88.4298,88.1936,-0.2361,6,4,0.7539,1.0000,102,nie
123456_zbledami_L1C_class,spectral angle mapping,Percentile,88.4298,88.5478,0.1181,8,9,1.0000,1.0000,102,nie
123456_zbledami_L1C_class,minimum distance,GMM,84.2975,84.2975,0.0000,4,4,1.0000,1.0000,102,nie
123456_zbledami_L1C_class,minimum distance,OneClassSVM,84.2975,84.2975,0.0000,3,3,1.0000,1.0000,102,nie
123456_zbledami_L1C_class,minimum distance,Erosion,84.2975,82.6446,-1.6529,20,6,0.0108,0.8630,102,nie
123456_zbledami_L1C_class,minimum distance,PCA,84.2975,85.2420,0.9445,31,39,0.4028,1.0000,102,nie
123456_zbledami_L1C_class,minimum distance,Percentile,84.2975,84.0614,-0.2361,8,6,0.7905,1.0000,102,nie
123456_zbledami_L1C_class,minimum distance,IsolationForest,84.2975,84.0614,-0.2361,5,3,0.7266,1.0000,102,nie
123456_zbledami_L1C_class,minimum distance,LOF,84.2975,83.8253,-0.4723,5,1,0.2188,1.0000,102,nie
123456_zbledami_L1C_class,minimum distance,Mahalanobis,84.2975,83.1169,-1.1806,14,4,0.0309,1.0000,102,nie
123456_zbledami_L1C_class,minimum distance,EllipticEnvelope,84.2975,84.1795,-0.1181,6,5,1.0000,1.0000,102,nie
123456_zbledami_L1C_class,minimum distance,PCA_Reconstruction,84.2975,84.2975,0.0000,5,5,1.0000,1.0000,102,nie
123456_zbledami_L1C_class,minimum distance,IQR,84.2975,84.0614,-0.2361,19,17,0.8676,1.0000,102,nie
123456_zbledami_L1C_class,minimum distance,Robust_Mahalanobis,84.2975,84.0614,-0.2361,33,31,0.9005,1.0000,102,nie
123456_zbledami_L1C_class,minimum distance,HotellingT2,84.2975,83.1169,-1.1806,14,4,0.0309,1.0000,102,nie
123456_zbledami_L1C_class,minimum distance,kNN,84.2975,83.9433,-0.3542,7,4,0.5488,1.0000,102,nie
123456_zbledami_L1C_class,minimum distance,Band_Z-score,84.2975,83.8253,-0.4723,10,6,0.4545,1.0000,102,nie
123456_zbledami_L1C_class,minimum distance,MAD,84.2975,83.9433,-0.3542,18,15,0.7277,1.0000,102,nie
123456_zbledami_L1C_class,minimum distance,SAM,84.2975,84.0614,-0.2361,4,2,0.6875,1.0000,102,nie
123456_zbledami_L1C_roi,maximum likelihood,GMM,54.7816,54.0732,-0.7084,10,4,0.1796,1.0000,102,nie
123456_zbledami_L1C_roi,maximum likelihood,Mahalanobis,54.7816,52.5384,-2.2432,50,31,0.0455,1.0000,102,nie
123456_zbledami_L1C_roi,maximum likelihood,IsolationForest,54.7816,52.6564,-2.1251,24,6,0.0019,0.1471,102,nie
123456_zbledami_L1C_roi,maximum likelihood,PCA_Reconstruction,54.7816,53.7190,-1.0626,14,5,0.0636,1.0000,102,nie
123456_zbledami_L1C_roi,maximum likelihood,Robust_Mahalanobis,54.7816,1.4168,-53.3648,459,7,0.0000,0.0000,102,TAK
123456_zbledami_L1C_roi,maximum likelihood,SAM,54.7816,54.3093,-0.4723,11,7,0.4807,1.0000,102,nie
123456_zbledami_L1C_roi,maximum likelihood,HotellingT2,54.7816,52.7745,-2.0071,41,24,0.0472,1.0000,102,nie
123456_zbledami_L1C_roi,maximum likelihood,MAD,54.7816,45.4545,-9.3270,341,262,0.0015,0.1178,102,nie
123456_zbledami_L1C_roi,maximum likelihood,IQR,54.7816,9.7993,-44.9823,390,9,0.0000,0.0000,102,TAK
123456_zbledami_L1C_roi,maximum likelihood,EllipticEnvelope,54.7816,54.6635,-0.1181,15,14,1.0000,1.0000,102,nie
123456_zbledami_L1C_roi,maximum likelihood,OneClassSVM,54.7816,53.1287,-1.6529,26,12,0.0350,1.0000,102,nie
123456_zbledami_L1C_roi,maximum likelihood,LOF,54.7816,53.9551,-0.8264,13,6,0.1671,1.0000,102,nie
123456_zbledami_L1C_roi,maximum likelihood,Erosion,54.7816,66.2338,11.4522,34,131,0.0000,0.0000,102,TAK
123456_zbledami_L1C_roi,maximum likelihood,kNN,54.7816,53.6009,-1.1806,18,8,0.0776,1.0000,102,nie
123456_zbledami_L1C_roi,maximum likelihood,PCA,54.7816,41.0862,-13.6954,338,222,0.0000,0.0001,102,TAK
123456_zbledami_L1C_roi,maximum likelihood,Percentile,54.7816,58.0874,3.3058,21,49,0.0013,0.1013,102,nie
123456_zbledami_L1C_roi,maximum likelihood,Band_Z-score,54.7816,51.5939,-3.1877,33,6,0.0000,0.0027,102,TAK
123456_zbledami_L1C_roi,random forest,GMM,63.4002,61.0390,-2.3613,38,18,0.0111,0.7560,102,nie
123456_zbledami_L1C_roi,random forest,Robust_Mahalanobis,63.4002,51.2397,-12.1606,171,68,0.0000,0.0000,102,TAK
123456_zbledami_L1C_roi,random forest,Mahalanobis,63.4002,61.6293,-1.7710,47,32,0.1152,1.0000,102,nie
123456_zbledami_L1C_roi,random forest,OneClassSVM,63.4002,65.4073,2.0071,41,58,0.1078,1.0000,102,nie
123456_zbledami_L1C_roi,random forest,PCA,63.4002,55.1358,-8.2645,120,50,0.0000,0.0000,102,TAK
123456_zbledami_L1C_roi,random forest,SAM,63.4002,61.9835,-1.4168,34,22,0.1416,1.0000,102,nie
123456_zbledami_L1C_roi,random forest,EllipticEnvelope,63.4002,61.3932,-2.0071,36,19,0.0310,1.0000,102,nie
123456_zbledami_L1C_roi,random forest,kNN,63.4002,59.3861,-4.0142,46,12,0.0000,0.0013,102,TAK
123456_zbledami_L1C_roi,random forest,LOF,63.4002,63.6364,0.2361,23,25,0.8852,1.0000,102,nie
123456_zbledami_L1C_roi,random forest,Percentile,63.4002,55.1358,-8.2645,103,33,0.0000,0.0000,102,TAK
123456_zbledami_L1C_roi,random forest,IQR,63.4002,49.2326,-14.1677,163,43,0.0000,0.0000,102,TAK
123456_zbledami_L1C_roi,random forest,Erosion,63.4002,61.6293,-1.7710,76,61,0.2317,1.0000,102,nie
123456_zbledami_L1C_roi,random forest,PCA_Reconstruction,63.4002,62.5738,-0.8264,33,26,0.4347,1.0000,102,nie
123456_zbledami_L1C_roi,random forest,Band_Z-score,63.4002,61.9835,-1.4168,48,36,0.2301,1.0000,102,nie
123456_zbledami_L1C_roi,random forest,IsolationForest,63.4002,60.4486,-2.9516,45,20,0.0029,0.2213,102,nie
123456_zbledami_L1C_roi,random forest,MAD,63.4002,53.0106,-10.3896,155,67,0.0000,0.0000,102,TAK
123456_zbledami_L1C_roi,random forest,HotellingT2,63.4002,59.2680,-4.1322,66,31,0.0006,0.0467,102,TAK
123456_zbledami_L1C_roi,multi-layer perceptron,Mahalanobis,80.0472,86.6588,6.6116,43,99,0.0000,0.0004,102,TAK
123456_zbledami_L1C_roi,multi-layer perceptron,Band_Z-score,80.0472,83.2349,3.1877,60,87,0.0320,1.0000,102,nie
123456_zbledami_L1C_roi,multi-layer perceptron,EllipticEnvelope,80.0472,83.1169,3.0697,32,58,0.0084,0.6054,102,nie
123456_zbledami_L1C_roi,multi-layer perceptron,SAM,80.0472,87.9575,7.9103,29,96,0.0000,0.0000,102,TAK
123456_zbledami_L1C_roi,multi-layer perceptron,PCA_Reconstruction,80.0472,85.2420,5.1948,26,70,0.0000,0.0010,102,TAK
123456_zbledami_L1C_roi,multi-layer perceptron,IQR,80.0472,84.2975,4.2503,41,77,0.0013,0.1018,102,nie
123456_zbledami_L1C_roi,multi-layer perceptron,MAD,80.0472,80.7556,0.7084,41,47,0.5940,1.0000,102,nie
123456_zbledami_L1C_roi,multi-layer perceptron,kNN,80.0472,78.0401,-2.0071,66,49,0.1357,1.0000,102,nie
123456_zbledami_L1C_roi,multi-layer perceptron,LOF,80.0472,78.2763,-1.7710,128,113,0.3672,1.0000,102,nie
123456_zbledami_L1C_roi,multi-layer perceptron,HotellingT2,80.0472,74.1440,-5.9032,80,30,0.0000,0.0003,102,TAK
123456_zbledami_L1C_roi,multi-layer perceptron,Robust_Mahalanobis,80.0472,81.1098,1.0626,78,87,0.5334,1.0000,102,nie
123456_zbledami_L1C_roi,multi-layer perceptron,Erosion,80.0472,83.9433,3.8961,53,86,0.0066,0.4916,102,nie
123456_zbledami_L1C_roi,multi-layer perceptron,IsolationForest,80.0472,80.7556,0.7084,42,48,0.5982,1.0000,102,nie
123456_zbledami_L1C_roi,multi-layer perceptron,Percentile,80.0472,82.5266,2.4793,26,47,0.0192,1.0000,102,nie
123456_zbledami_L1C_roi,multi-layer perceptron,OneClassSVM,80.0472,78.2763,-1.7710,57,42,0.1594,1.0000,102,nie
123456_zbledami_L1C_roi,multi-layer perceptron,GMM,80.0472,77.6860,-2.3613,37,17,0.0097,0.6805,102,nie
123456_zbledami_L1C_roi,multi-layer perceptron,PCA,80.0472,80.5195,0.4723,83,87,0.8180,1.0000,102,nie
123456_zbledami_L1C_roi,support vector machine,MAD,88.3117,86.3046,-2.0071,26,9,0.0068,0.4994,102,nie
123456_zbledami_L1C_roi,support vector machine,IQR,88.3117,85.5962,-2.7155,27,4,0.0001,0.0067,102,TAK
123456_zbledami_L1C_roi,support vector machine,SAM,88.3117,87.9575,-0.3542,4,1,0.3750,1.0000,102,nie
123456_zbledami_L1C_roi,support vector machine,PCA_Reconstruction,88.3117,87.8394,-0.4723,4,0,0.1250,1.0000,102,nie
123456_zbledami_L1C_roi,support vector machine,Mahalanobis,88.3117,88.3117,0.0000,6,6,1.0000,1.0000,102,nie
123456_zbledami_L1C_roi,support vector machine,EllipticEnvelope,88.3117,87.9575,-0.3542,3,0,0.2500,1.0000,102,nie
123456_zbledami_L1C_roi,support vector machine,Band_Z-score,88.3117,88.5478,0.2361,4,6,0.7539,1.0000,102,nie
123456_zbledami_L1C_roi,support vector machine,OneClassSVM,88.3117,87.4852,-0.8264,8,1,0.0391,1.0000,102,nie
123456_zbledami_L1C_roi,support vector machine,GMM,88.3117,87.8394,-0.4723,4,0,0.1250,1.0000,102,nie
123456_zbledami_L1C_roi,support vector machine,PCA,88.3117,85.3601,-2.9516,32,7,0.0001,0.0103,102,TAK
123456_zbledami_L1C_roi,support vector machine,Percentile,88.3117,87.9575,-0.3542,5,2,0.4531,1.0000,102,nie
123456_zbledami_L1C_roi,support vector machine,Erosion,88.3117,87.3672,-0.9445,18,10,0.1859,1.0000,102,nie
123456_zbledami_L1C_roi,support vector machine,IsolationForest,88.3117,87.8394,-0.4723,5,1,0.2188,1.0000,102,nie
123456_zbledami_L1C_roi,support vector machine,HotellingT2,88.3117,88.3117,0.0000,5,5,1.0000,1.0000,102,nie
123456_zbledami_L1C_roi,support vector machine,LOF,88.3117,87.7214,-0.5903,6,1,0.1250,1.0000,102,nie
123456_zbledami_L1C_roi,support vector machine,kNN,88.3117,87.9575,-0.3542,4,1,0.3750,1.0000,102,nie
123456_zbledami_L1C_roi,support vector machine,Robust_Mahalanobis,88.3117,85.7143,-2.5974,33,11,0.0015,0.1206,102,nie
123456_zbledami_L1C_roi,spectral angle mapping,PCA_Reconstruction,88.4298,87.8394,-0.5903,7,2,0.1797,1.0000,102,nie
123456_zbledami_L1C_roi,spectral angle mapping,SAM,88.4298,87.9575,-0.4723,10,6,0.4545,1.0000,102,nie
123456_zbledami_L1C_roi,spectral angle mapping,EllipticEnvelope,88.4298,87.6033,-0.8264,10,3,0.0923,1.0000,102,nie
123456_zbledami_L1C_roi,spectral angle mapping,Band_Z-score,88.4298,86.7769,-1.6529,23,9,0.0216,1.0000,102,nie
123456_zbledami_L1C_roi,spectral angle mapping,Mahalanobis,88.4298,87.8394,-0.5903,20,15,0.4990,1.0000,102,nie
123456_zbledami_L1C_roi,spectral angle mapping,MAD,88.4298,86.8949,-1.5348,35,22,0.1120,1.0000,102,nie
123456_zbledami_L1C_roi,spectral angle mapping,IQR,88.4298,89.1381,0.7084,18,24,0.4404,1.0000,102,nie
123456_zbledami_L1C_roi,spectral angle mapping,IsolationForest,88.4298,87.7214,-0.7084,10,4,0.1796,1.0000,102,nie
123456_zbledami_L1C_roi,spectral angle mapping,Erosion,88.4298,86.6588,-1.7710,32,17,0.0455,1.0000,102,nie
123456_zbledami_L1C_roi,spectral angle mapping,Robust_Mahalanobis,88.4298,85.1240,-3.3058,48,20,0.0011,0.0869,102,nie
123456_zbledami_L1C_roi,spectral angle mapping,HotellingT2,88.4298,87.9575,-0.4723,19,15,0.6069,1.0000,102,nie
123456_zbledami_L1C_roi,spectral angle mapping,kNN,88.4298,87.8394,-0.5903,9,4,0.2668,1.0000,102,nie
123456_zbledami_L1C_roi,spectral angle mapping,LOF,88.4298,87.9575,-0.4723,8,4,0.3877,1.0000,102,nie
123456_zbledami_L1C_roi,spectral angle mapping,PCA,88.4298,86.0685,-2.3613,47,27,0.0272,1.0000,102,nie
123456_zbledami_L1C_roi,spectral angle mapping,GMM,88.4298,87.8394,-0.5903,8,3,0.2266,1.0000,102,nie
123456_zbledami_L1C_roi,spectral angle mapping,OneClassSVM,88.4298,88.1936,-0.2361,13,11,0.8388,1.0000,102,nie
123456_zbledami_L1C_roi,spectral angle mapping,Percentile,88.4298,87.8394,-0.5903,13,8,0.3833,1.0000,102,nie
123456_zbledami_L1C_roi,minimum distance,GMM,84.2975,84.1795,-0.1181,4,3,1.0000,1.0000,102,nie
123456_zbledami_L1C_roi,minimum distance,OneClassSVM,84.2975,83.5891,-0.7084,8,2,0.1094,1.0000,102,nie
123456_zbledami_L1C_roi,minimum distance,Erosion,84.2975,82.6446,-1.6529,20,6,0.0108,0.7443,102,nie
123456_zbledami_L1C_roi,minimum distance,PCA,84.2975,83.2349,-1.0626,32,23,0.2807,1.0000,102,nie
123456_zbledami_L1C_roi,minimum distance,Percentile,84.2975,83.7072,-0.5903,8,3,0.2266,1.0000,102,nie
123456_zbledami_L1C_roi,minimum distance,IsolationForest,84.2975,83.8253,-0.4723,7,3,0.3438,1.0000,102,nie
123456_zbledami_L1C_roi,minimum distance,LOF,84.2975,84.4156,0.1181,4,5,1.0000,1.0000,102,nie
123456_zbledami_L1C_roi,minimum distance,Mahalanobis,84.2975,82.1724,-2.1251,18,0,0.0000,0.0007,102,TAK
123456_zbledami_L1C_roi,minimum distance,EllipticEnvelope,84.2975,83.7072,-0.5903,7,2,0.1797,1.0000,102,nie
123456_zbledami_L1C_roi,minimum distance,PCA_Reconstruction,84.2975,83.8253,-0.4723,6,2,0.2891,1.0000,102,nie
123456_zbledami_L1C_roi,minimum distance,IQR,84.2975,82.4085,-1.8890,23,7,0.0062,0.4627,102,nie
123456_zbledami_L1C_roi,minimum distance,Robust_Mahalanobis,84.2975,82.6446,-1.6529,32,18,0.0660,1.0000,102,nie
123456_zbledami_L1C_roi,minimum distance,HotellingT2,84.2975,82.5266,-1.7710,17,2,0.0007,0.0605,102,nie
123456_zbledami_L1C_roi,minimum distance,kNN,84.2975,83.8253,-0.4723,7,3,0.3438,1.0000,102,nie
123456_zbledami_L1C_roi,minimum distance,Band_Z-score,84.2975,82.8808,-1.4168,16,4,0.0118,0.7918,102,nie
123456_zbledami_L1C_roi,minimum distance,MAD,84.2975,82.0543,-2.2432,33,14,0.0087,0.6142,102,nie
123456_zbledami_L1C_roi,minimum distance,SAM,84.2975,83.7072,-0.5903,8,3,0.2266,1.0000,102,nie
123456_zbledami_L2A_class,maximum likelihood,GMM,70.6021,71.3105,0.7084,5,11,0.2101,1.0000,102,nie
123456_zbledami_L2A_class,maximum likelihood,Mahalanobis,70.6021,74.6163,4.0142,15,49,0.0000,0.0032,102,TAK
123456_zbledami_L2A_class,maximum likelihood,IsolationForest,70.6021,71.0744,0.4723,10,14,0.5413,1.0000,102,nie
123456_zbledami_L2A_class,maximum likelihood,PCA_Reconstruction,70.6021,71.0744,0.4723,11,15,0.5563,1.0000,102,nie
123456_zbledami_L2A_class,maximum likelihood,Robust_Mahalanobis,70.6021,79.4569,8.8548,41,116,0.0000,0.0000,102,TAK
123456_zbledami_L2A_class,maximum likelihood,SAM,70.6021,71.9008,1.2987,8,19,0.0543,1.0000,102,nie
123456_zbledami_L2A_class,maximum likelihood,HotellingT2,70.6021,74.6163,4.0142,16,50,0.0000,0.0040,102,TAK
123456_zbledami_L2A_class,maximum likelihood,MAD,70.6021,72.4911,1.8890,10,26,0.0124,0.8942,102,nie
123456_zbledami_L2A_class,maximum likelihood,IQR,70.6021,64.6989,-5.9032,76,26,0.0000,0.0001,102,TAK
123456_zbledami_L2A_class,maximum likelihood,EllipticEnvelope,70.6021,72.4911,1.8890,8,24,0.0080,0.6007,102,nie
123456_zbledami_L2A_class,maximum likelihood,OneClassSVM,70.6021,72.1370,1.5348,8,21,0.0259,1.0000,102,nie
123456_zbledami_L2A_class,maximum likelihood,LOF,70.6021,71.1924,0.5903,6,11,0.3323,1.0000,102,nie
123456_zbledami_L2A_class,maximum likelihood,Erosion,70.6021,70.9563,0.3542,33,36,0.8097,1.0000,102,nie
123456_zbledami_L2A_class,maximum likelihood,kNN,70.6021,71.3105,0.7084,7,13,0.2632,1.0000,102,nie
123456_zbledami_L2A_class,maximum likelihood,PCA,70.6021,77.9221,7.3200,30,92,0.0000,0.0000,102,TAK
123456_zbledami_L2A_class,maximum likelihood,Percentile,70.6021,72.9634,2.3613,15,35,0.0072,0.5479,102,nie
123456_zbledami_L2A_class,maximum likelihood,Band_Z-score,70.6021,72.1370,1.5348,11,24,0.0425,1.0000,102,nie
123456_zbledami_L2A_class,random forest,GMM,80.0472,83.3530,3.3058,15,43,0.0004,0.0322,102,TAK
123456_zbledami_L2A_class,random forest,Robust_Mahalanobis,80.0472,81.5821,1.5348,40,53,0.2134,1.0000,102,nie
123456_zbledami_L2A_class,random forest,Mahalanobis,80.0472,82.1724,2.1251,27,45,0.0451,1.0000,102,nie
123456_zbledami_L2A_class,random forest,OneClassSVM,80.0472,82.4085,2.3613,24,44,0.0212,1.0000,102,nie
123456_zbledami_L2A_class,random forest,PCA,80.0472,81.1098,1.0626,45,54,0.4214,1.0000,102,nie
123456_zbledami_L2A_class,random forest,SAM,80.0472,81.1098,1.0626,25,34,0.2976,1.0000,102,nie
123456_zbledami_L2A_class,random forest,EllipticEnvelope,80.0472,81.5821,1.5348,19,32,0.0929,1.0000,102,nie
123456_zbledami_L2A_class,random forest,kNN,80.0472,82.8808,2.8335,21,45,0.0046,0.3572,102,nie
123456_zbledami_L2A_class,random forest,LOF,80.0472,80.1653,0.1181,27,28,1.0000,1.0000,102,nie
123456_zbledami_L2A_class,random forest,Percentile,80.0472,81.4640,1.4168,21,33,0.1344,1.0000,102,nie
123456_zbledami_L2A_class,random forest,IQR,80.0472,84.0614,4.0142,28,62,0.0005,0.0403,102,TAK
123456_zbledami_L2A_class,random forest,Erosion,80.0472,79.5750,-0.4723,41,37,0.7341,1.0000,102,nie
123456_zbledami_L2A_class,random forest,PCA_Reconstruction,80.0472,83.3530,3.3058,16,44,0.0005,0.0398,102,TAK
123456_zbledami_L2A_class,random forest,Band_Z-score,80.0472,82.8808,2.8335,19,43,0.0035,0.2721,102,nie
123456_zbledami_L2A_class,random forest,IsolationForest,80.0472,80.8737,0.8264,22,29,0.4008,1.0000,102,nie
123456_zbledami_L2A_class,random forest,MAD,80.0472,82.7627,2.7155,29,52,0.0145,1.0000,102,nie
123456_zbledami_L2A_class,random forest,HotellingT2,80.0472,81.3459,1.2987,27,38,0.2148,1.0000,102,nie
123456_zbledami_L2A_class,multi-layer perceptron,Mahalanobis,73.9079,84.0614,10.1535,76,162,0.0000,0.0000,102,TAK
123456_zbledami_L2A_class,multi-layer perceptron,Band_Z-score,73.9079,81.2279,7.3200,62,124,0.0000,0.0007,102,TAK
123456_zbledami_L2A_class,multi-layer perceptron,EllipticEnvelope,73.9079,82.8808,8.9728,67,143,0.0000,0.0000,102,TAK
123456_zbledami_L2A_class,multi-layer perceptron,SAM,73.9079,84.2975,10.3896,67,155,0.0000,0.0000,102,TAK
123456_zbledami_L2A_class,multi-layer perceptron,PCA_Reconstruction,73.9079,76.3872,2.4793,71,92,0.1172,1.0000,102,nie
123456_zbledami_L2A_class,multi-layer perceptron,IQR,73.9079,81.8182,7.9103,77,144,0.0000,0.0008,102,TAK
123456_zbledami_L2A_class,multi-layer perceptron,MAD,73.9079,84.6517,10.7438,78,169,0.0000,0.0000,102,TAK
123456_zbledami_L2A_class,multi-layer perceptron,kNN,73.9079,81.2279,7.3200,80,142,0.0000,0.0036,102,TAK
123456_zbledami_L2A_class,multi-layer perceptron,LOF,73.9079,81.7001,7.7922,56,122,0.0000,0.0001,102,TAK
123456_zbledami_L2A_class,multi-layer perceptron,HotellingT2,73.9079,76.6234,2.7155,26,49,0.0111,0.8084,102,nie
123456_zbledami_L2A_class,multi-layer perceptron,Robust_Mahalanobis,73.9079,80.4014,6.4935,55,110,0.0000,0.0023,102,TAK
123456_zbledami_L2A_class,multi-layer perceptron,Erosion,73.9079,82.5266,8.6187,90,163,0.0000,0.0005,102,TAK
123456_zbledami_L2A_class,multi-layer perceptron,IsolationForest,73.9079,86.0685,12.1606,46,149,0.0000,0.0000,102,TAK
123456_zbledami_L2A_class,multi-layer perceptron,Percentile,73.9079,82.0543,8.1464,65,134,0.0000,0.0001,102,TAK
123456_zbledami_L2A_class,multi-layer perceptron,OneClassSVM,73.9079,84.8878,10.9799,70,163,0.0000,0.0000,102,TAK
123456_zbledami_L2A_class,multi-layer perceptron,GMM,73.9079,81.8182,7.9103,77,144,0.0000,0.0008,102,TAK
123456_zbledami_L2A_class,multi-layer perceptron,PCA,73.9079,82.1724,8.2645,55,125,0.0000,0.0000,102,TAK
123456_zbledami_L2A_class,support vector machine,MAD,89.6104,89.9646,0.3542,16,19,0.7353,1.0000,102,nie
123456_zbledami_L2A_class,support vector machine,IQR,89.6104,89.9646,0.3542,16,19,0.7353,1.0000,102,nie
123456_zbledami_L2A_class,support vector machine,SAM,89.6104,89.2562,-0.3542,5,2,0.4531,1.0000,102,nie
123456_zbledami_L2A_class,support vector machine,PCA_Reconstruction,89.6104,89.0201,-0.5903,6,1,0.1250,1.0000,102,nie
123456_zbledami_L2A_class,support vector machine,Mahalanobis,89.6104,89.0201,-0.5903,13,8,0.3833,1.0000,102,nie
123456_zbledami_L2A_class,support vector machine,EllipticEnvelope,89.6104,89.2562,-0.3542,6,3,0.5078,1.0000,102,nie
123456_zbledami_L2A_class,support vector machine,Band_Z-score,89.6104,89.8465,0.2361,11,13,0.8388,1.0000,102,nie
123456_zbledami_L2A_class,support vector machine,OneClassSVM,89.6104,89.1381,-0.4723,6,2,0.2891,1.0000,102,nie
123456_zbledami_L2A_class,support vector machine,GMM,89.6104,88.6659,-0.9445,9,1,0.0215,1.0000,102,nie
123456_zbledami_L2A_class,support vector machine,PCA,89.6104,88.7839,-0.8264,35,28,0.4497,1.0000,102,nie
123456_zbledami_L2A_class,support vector machine,Percentile,89.6104,88.6659,-0.9445,12,4,0.0768,1.0000,102,nie
123456_zbledami_L2A_class,support vector machine,Erosion,89.6104,88.3117,-1.2987,22,11,0.0817,1.0000,102,nie
123456_zbledami_L2A_class,support vector machine,IsolationForest,89.6104,89.1381,-0.4723,6,2,0.2891,1.0000,102,nie
123456_zbledami_L2A_class,support vector machine,HotellingT2,89.6104,89.0201,-0.5903,13,8,0.3833,1.0000,102,nie
123456_zbledami_L2A_class,support vector machine,LOF,89.6104,89.1381,-0.4723,5,1,0.2188,1.0000,102,nie
123456_zbledami_L2A_class,support vector machine,kNN,89.6104,89.1381,-0.4723,6,2,0.2891,1.0000,102,nie
123456_zbledami_L2A_class,support vector machine,Robust_Mahalanobis,89.6104,90.2007,0.5903,21,26,0.5596,1.0000,102,nie
123456_zbledami_L2A_class,spectral angle mapping,PCA_Reconstruction,83.1169,82.8808,-0.2361,8,6,0.7905,1.0000,102,nie
123456_zbledami_L2A_class,spectral angle mapping,SAM,83.1169,83.5891,0.4723,3,7,0.3438,1.0000,102,nie
123456_zbledami_L2A_class,spectral angle mapping,EllipticEnvelope,83.1169,83.2349,0.1181,7,8,1.0000,1.0000,102,nie
123456_zbledami_L2A_class,spectral angle mapping,Band_Z-score,83.1169,84.0614,0.9445,9,17,0.1698,1.0000,102,nie
123456_zbledami_L2A_class,spectral angle mapping,Mahalanobis,83.1169,83.2349,0.1181,15,16,1.0000,1.0000,102,nie
123456_zbledami_L2A_class,spectral angle mapping,MAD,83.1169,83.8253,0.7084,11,17,0.3447,1.0000,102,nie
123456_zbledami_L2A_class,spectral angle mapping,IQR,83.1169,84.1795,1.0626,12,21,0.1637,1.0000,102,nie
123456_zbledami_L2A_class,spectral angle mapping,IsolationForest,83.1169,83.2349,0.1181,6,7,1.0000,1.0000,102,nie
123456_zbledami_L2A_class,spectral angle mapping,Erosion,83.1169,83.3530,0.2361,11,13,0.8388,1.0000,102,nie
123456_zbledami_L2A_class,spectral angle mapping,Robust_Mahalanobis,83.1169,82.5266,-0.5903,32,27,0.6025,1.0000,102,nie
123456_zbledami_L2A_class,spectral angle mapping,HotellingT2,83.1169,83.5891,0.4723,14,18,0.5959,1.0000,102,nie
123456_zbledami_L2A_class,spectral angle mapping,kNN,83.1169,82.9988,-0.1181,7,6,1.0000,1.0000,102,nie
123456_zbledami_L2A_class,spectral angle mapping,LOF,83.1169,82.4085,-0.7084,7,1,0.0703,1.0000,102,nie
123456_zbledami_L2A_class,spectral angle mapping,PCA,83.1169,82.2904,-0.8264,32,25,0.4268,1.0000,102,nie
123456_zbledami_L2A_class,spectral angle mapping,GMM,83.1169,82.9988,-0.1181,6,5,1.0000,1.0000,102,nie
123456_zbledami_L2A_class,spectral angle mapping,OneClassSVM,83.1169,83.2349,0.1181,6,7,1.0000,1.0000,102,nie
123456_zbledami_L2A_class,spectral angle mapping,Percentile,83.1169,83.9433,0.8264,12,19,0.2812,1.0000,102,nie
123456_zbledami_L2A_class,minimum distance,GMM,83.7072,83.7072,0.0000,2,2,1.0000,1.0000,102,nie
123456_zbledami_L2A_class,minimum distance,OneClassSVM,83.7072,83.8253,0.1181,1,2,1.0000,1.0000,102,nie
123456_zbledami_L2A_class,minimum distance,Erosion,83.7072,84.1795,0.4723,9,13,0.5235,1.0000,102,nie
123456_zbledami_L2A_class,minimum distance,PCA,83.7072,85.9504,2.2432,14,33,0.0087,0.6401,102,nie
123456_zbledami_L2A_class,minimum distance,Percentile,83.7072,83.5891,-0.1181,4,3,1.0000,1.0000,102,nie
123456_zbledami_L2A_class,minimum distance,IsolationForest,83.7072,83.9433,0.2361,1,3,0.6250,1.0000,102,nie
123456_zbledami_L2A_class,minimum distance,LOF,83.7072,83.2349,-0.4723,4,0,0.1250,1.0000,102,nie
123456_zbledami_L2A_class,minimum distance,Mahalanobis,83.7072,83.9433,0.2361,4,6,0.7539,1.0000,102,nie
123456_zbledami_L2A_class,minimum distance,EllipticEnvelope,83.7072,83.5891,-0.1181,2,1,1.0000,1.0000,102,nie
123456_zbledami_L2A_class,minimum distance,PCA_Reconstruction,83.7072,83.4711,-0.2361,2,0,0.5000,1.0000,102,nie
123456_zbledami_L2A_class,minimum distance,IQR,83.7072,84.1795,0.4723,5,9,0.4240,1.0000,102,nie
123456_zbledami_L2A_class,minimum distance,Robust_Mahalanobis,83.7072,82.6446,-1.0626,25,16,0.2115,1.0000,102,nie
123456_zbledami_L2A_class,minimum distance,HotellingT2,83.7072,84.0614,0.3542,5,8,0.5811,1.0000,102,nie
123456_zbledami_L2A_class,minimum distance,kNN,83.7072,83.9433,0.2361,1,3,0.6250,1.0000,102,nie
123456_zbledami_L2A_class,minimum distance,Band_Z-score,83.7072,85.0059,1.2987,0,11,0.0010,0.0771,102,nie
123456_zbledami_L2A_class,minimum distance,MAD,83.7072,84.5336,0.8264,3,10,0.0923,1.0000,102,nie
123456_zbledami_L2A_class,minimum distance,SAM,83.7072,83.8253,0.1181,1,2,1.0000,1.0000,102,nie
123456_zbledami_L2A_roi,maximum likelihood,GMM,70.6021,70.7202,0.1181,8,9,1.0000,1.0000,102,nie
123456_zbledami_L2A_roi,maximum likelihood,Mahalanobis,70.6021,68.7131,-1.8890,42,26,0.0689,1.0000,102,nie
123456_zbledami_L2A_roi,maximum likelihood,IsolationForest,70.6021,70.9563,0.3542,11,14,0.6892,1.0000,102,nie
123456_zbledami_L2A_roi,maximum likelihood,PCA_Reconstruction,70.6021,70.4841,-0.1181,10,9,1.0000,1.0000,102,nie
123456_zbledami_L2A_roi,maximum likelihood,Robust_Mahalanobis,70.6021,69.4215,-1.1806,92,82,0.4951,1.0000,102,nie
123456_zbledami_L2A_roi,maximum likelihood,SAM,70.6021,70.7202,0.1181,13,14,1.0000,1.0000,102,nie
123456_zbledami_L2A_roi,maximum likelihood,HotellingT2,70.6021,67.8867,-2.7155,44,21,0.0064,0.4641,102,nie
123456_zbledami_L2A_roi,maximum likelihood,MAD,70.6021,63.6364,-6.9658,102,43,0.0000,0.0001,102,TAK
123456_zbledami_L2A_roi,maximum likelihood,IQR,70.6021,62.1015,-8.5006,95,23,0.0000,0.0000,102,TAK
123456_zbledami_L2A_roi,maximum likelihood,EllipticEnvelope,70.6021,69.8937,-0.7084,15,9,0.3075,1.0000,102,nie
123456_zbledami_L2A_roi,maximum likelihood,OneClassSVM,70.6021,70.6021,0.0000,19,19,0.8711,1.0000,102,nie
123456_zbledami_L2A_roi,maximum likelihood,LOF,70.6021,70.0118,-0.5903,13,8,0.3833,1.0000,102,nie
123456_zbledami_L2A_roi,maximum likelihood,Erosion,70.6021,70.9563,0.3542,33,36,0.8097,1.0000,102,nie
123456_zbledami_L2A_roi,maximum likelihood,kNN,70.6021,70.1299,-0.4723,13,9,0.5235,1.0000,102,nie
123456_zbledami_L2A_roi,maximum likelihood,PCA,70.6021,59.8583,-10.7438,131,40,0.0000,0.0000,102,TAK
123456_zbledami_L2A_roi,maximum likelihood,Percentile,70.6021,69.6576,-0.9445,27,19,0.3020,1.0000,102,nie
123456_zbledami_L2A_roi,maximum likelihood,Band_Z-score,70.6021,68.4770,-2.1251,33,15,0.0141,0.9755,102,nie
123456_zbledami_L2A_roi,random forest,GMM,79.3388,81.4640,2.1251,12,30,0.0087,0.6185,102,nie
123456_zbledami_L2A_roi,random forest,Robust_Mahalanobis,79.3388,82.6446,3.3058,27,55,0.0029,0.2179,102,nie
123456_zbledami_L2A_roi,random forest,Mahalanobis,79.3388,83.5891,4.2503,20,56,0.0001,0.0048,102,TAK
123456_zbledami_L2A_roi,random forest,OneClassSVM,79.3388,81.3459,2.0071,21,38,0.0372,1.0000,102,nie
123456_zbledami_L2A_roi,random forest,PCA,79.3388,81.4640,2.1251,28,46,0.0481,1.0000,102,nie
123456_zbledami_L2A_roi,random forest,SAM,79.3388,82.1724,2.8335,15,39,0.0017,0.1364,102,nie
123456_zbledami_L2A_roi,random forest,EllipticEnvelope,79.3388,81.7001,2.3613,12,32,0.0042,0.3134,102,nie
123456_zbledami_L2A_roi,random forest,kNN,79.3388,81.7001,2.3613,13,33,0.0051,0.3765,102,nie
123456_zbledami_L2A_roi,random forest,LOF,79.3388,80.9917,1.6529,18,32,0.0660,1.0000,102,nie
123456_zbledami_L2A_roi,random forest,Percentile,79.3388,81.5821,2.2432,19,38,0.0171,1.0000,102,nie
123456_zbledami_L2A_roi,random forest,IQR,79.3388,81.4640,2.1251,19,37,0.0231,1.0000,102,nie
123456_zbledami_L2A_roi,random forest,Erosion,79.3388,80.9917,1.6529,27,41,0.1149,1.0000,102,nie
123456_zbledami_L2A_roi,random forest,PCA_Reconstruction,79.3388,80.5195,1.1806,14,24,0.1443,1.0000,102,nie
123456_zbledami_L2A_roi,random forest,Band_Z-score,79.3388,81.5821,2.2432,16,35,0.0117,0.8203,102,nie
123456_zbledami_L2A_roi,random forest,IsolationForest,79.3388,82.8808,3.5419,12,42,0.0001,0.0063,102,TAK
123456_zbledami_L2A_roi,random forest,MAD,79.3388,81.2279,1.8890,32,48,0.0935,1.0000,102,nie
123456_zbledami_L2A_roi,random forest,HotellingT2,79.3388,83.4711,4.1322,23,58,0.0002,0.0125,102,TAK
123456_zbledami_L2A_roi,multi-layer perceptron,Mahalanobis,63.9906,73.9079,9.9174,43,127,0.0000,0.0000,102,TAK
123456_zbledami_L2A_roi,multi-layer perceptron,Band_Z-score,63.9906,84.0614,20.0708,40,210,0.0000,0.0000,102,TAK
123456_zbledami_L2A_roi,multi-layer perceptron,EllipticEnvelope,63.9906,78.5124,14.5218,69,192,0.0000,0.0000,102,TAK
123456_zbledami_L2A_roi,multi-layer perceptron,SAM,63.9906,81.4640,17.4734,26,174,0.0000,0.0000,102,TAK
123456_zbledami_L2A_roi,multi-layer perceptron,PCA_Reconstruction,63.9906,72.7273,8.7367,71,145,0.0000,0.0001,102,TAK
123456_zbledami_L2A_roi,multi-layer perceptron,IQR,63.9906,81.8182,17.8276,40,191,0.0000,0.0000,102,TAK
123456_zbledami_L2A_roi,multi-layer perceptron,MAD,63.9906,83.5891,19.5986,34,200,0.0000,0.0000,102,TAK
123456_zbledami_L2A_roi,multi-layer perceptron,kNN,63.9906,79.6930,15.7025,24,157,0.0000,0.0000,102,TAK
123456_zbledami_L2A_roi,multi-layer perceptron,LOF,63.9906,81.1098,17.1192,32,177,0.0000,0.0000,102,TAK
123456_zbledami_L2A_roi,multi-layer perceptron,HotellingT2,63.9906,80.6375,16.6470,23,164,0.0000,0.0000,102,TAK
123456_zbledami_L2A_roi,multi-layer perceptron,Robust_Mahalanobis,63.9906,79.6930,15.7025,83,216,0.0000,0.0000,102,TAK
123456_zbledami_L2A_roi,multi-layer perceptron,Erosion,63.9906,82.5266,18.5360,47,204,0.0000,0.0000,102,TAK
123456_zbledami_L2A_roi,multi-layer perceptron,IsolationForest,63.9906,79.9292,15.9386,60,195,0.0000,0.0000,102,TAK
123456_zbledami_L2A_roi,multi-layer perceptron,Percentile,63.9906,83.1169,19.1263,46,208,0.0000,0.0000,102,TAK
123456_zbledami_L2A_roi,multi-layer perceptron,OneClassSVM,63.9906,84.7698,20.7792,44,220,0.0000,0.0000,102,TAK
123456_zbledami_L2A_roi,multi-layer perceptron,GMM,63.9906,82.9988,19.0083,46,207,0.0000,0.0000,102,TAK
123456_zbledami_L2A_roi,multi-layer perceptron,PCA,63.9906,82.9988,19.0083,25,186,0.0000,0.0000,102,TAK
123456_zbledami_L2A_roi,support vector machine,MAD,89.6104,87.7214,-1.8890,24,8,0.0080,0.5767,102,nie
123456_zbledami_L2A_roi,support vector machine,IQR,89.6104,88.0756,-1.5348,22,9,0.0311,1.0000,102,nie
123456_zbledami_L2A_roi,support vector machine,SAM,89.6104,89.0201,-0.5903,6,1,0.1250,1.0000,102,nie
123456_zbledami_L2A_roi,support vector machine,PCA_Reconstruction,89.6104,88.9020,-0.7084,7,1,0.0703,1.0000,102,nie
123456_zbledami_L2A_roi,support vector machine,Mahalanobis,89.6104,88.5478,-1.0626,14,5,0.0636,1.0000,102,nie
123456_zbledami_L2A_roi,support vector machine,EllipticEnvelope,89.6104,89.1381,-0.4723,5,1,0.2188,1.0000,102,nie
123456_zbledami_L2A_roi,support vector machine,Band_Z-score,89.6104,89.1381,-0.4723,9,5,0.4240,1.0000,102,nie
123456_zbledami_L2A_roi,support vector machine,OneClassSVM,89.6104,89.0201,-0.5903,7,2,0.1797,1.0000,102,nie
123456_zbledami_L2A_roi,support vector machine,GMM,89.6104,89.0201,-0.5903,5,0,0.0625,1.0000,102,nie
123456_zbledami_L2A_roi,support vector machine,PCA,89.6104,85.5962,-4.0142,46,12,0.0000,0.0012,102,TAK
123456_zbledami_L2A_roi,support vector machine,Percentile,89.6104,88.7839,-0.8264,9,2,0.0654,1.0000,102,nie
123456_zbledami_L2A_roi,support vector machine,Erosion,89.6104,88.3117,-1.2987,22,11,0.0817,1.0000,102,nie
123456_zbledami_L2A_roi,support vector machine,IsolationForest,89.6104,89.3743,-0.2361,3,1,0.6250,1.0000,102,nie
123456_zbledami_L2A_roi,support vector machine,HotellingT2,89.6104,88.6659,-0.9445,13,5,0.0963,1.0000,102,nie
123456_zbledami_L2A_roi,support vector machine,LOF,89.6104,89.1381,-0.4723,5,1,0.2188,1.0000,102,nie
123456_zbledami_L2A_roi,support vector machine,kNN,89.6104,89.1381,-0.4723,5,1,0.2188,1.0000,102,nie
123456_zbledami_L2A_roi,support vector machine,Robust_Mahalanobis,89.6104,86.8949,-2.7155,38,15,0.0025,0.1934,102,nie
123456_zbledami_L2A_roi,spectral angle mapping,PCA_Reconstruction,83.1169,82.6446,-0.4723,6,2,0.2891,1.0000,102,nie
123456_zbledami_L2A_roi,spectral angle mapping,SAM,83.1169,82.8808,-0.2361,7,5,0.7744,1.0000,102,nie
123456_zbledami_L2A_roi,spectral angle mapping,EllipticEnvelope,83.1169,82.6446,-0.4723,9,5,0.4240,1.0000,102,nie
123456_zbledami_L2A_roi,spectral angle mapping,Band_Z-score,83.1169,83.4711,0.3542,7,10,0.6291,1.0000,102,nie
123456_zbledami_L2A_roi,spectral angle mapping,Mahalanobis,83.1169,83.7072,0.5903,10,15,0.4237,1.0000,102,nie
123456_zbledami_L2A_roi,spectral angle mapping,MAD,83.1169,83.8253,0.7084,21,27,0.4705,1.0000,102,nie
123456_zbledami_L2A_roi,spectral angle mapping,IQR,83.1169,83.2349,0.1181,23,24,1.0000,1.0000,102,nie
123456_zbledami_L2A_roi,spectral angle mapping,IsolationForest,83.1169,82.5266,-0.5903,9,4,0.2668,1.0000,102,nie
123456_zbledami_L2A_roi,spectral angle mapping,Erosion,83.1169,83.3530,0.2361,11,13,0.8388,1.0000,102,nie
123456_zbledami_L2A_roi,spectral angle mapping,Robust_Mahalanobis,83.1169,82.5266,-0.5903,33,28,0.6085,1.0000,102,nie
123456_zbledami_L2A_roi,spectral angle mapping,HotellingT2,83.1169,83.5891,0.4723,10,14,0.5413,1.0000,102,nie
123456_zbledami_L2A_roi,spectral angle mapping,kNN,83.1169,82.7627,-0.3542,6,3,0.5078,1.0000,102,nie
123456_zbledami_L2A_roi,spectral angle mapping,LOF,83.1169,82.6446,-0.4723,8,4,0.3877,1.0000,102,nie
123456_zbledami_L2A_roi,spectral angle mapping,PCA,83.1169,82.4085,-0.7084,33,27,0.5186,1.0000,102,nie
123456_zbledami_L2A_roi,spectral angle mapping,GMM,83.1169,82.6446,-0.4723,7,3,0.3438,1.0000,102,nie
123456_zbledami_L2A_roi,spectral angle mapping,OneClassSVM,83.1169,82.7627,-0.3542,7,4,0.5488,1.0000,102,nie
123456_zbledami_L2A_roi,spectral angle mapping,Percentile,83.1169,82.4085,-0.7084,11,5,0.2101,1.0000,102,nie
123456_zbledami_L2A_roi,minimum distance,GMM,83.7072,83.5891,-0.1181,2,1,1.0000,1.0000,102,nie
123456_zbledami_L2A_roi,minimum distance,OneClassSVM,83.7072,83.3530,-0.3542,3,0,0.2500,1.0000,102,nie
123456_zbledami_L2A_roi,minimum distance,Erosion,83.7072,84.1795,0.4723,9,13,0.5235,1.0000,102,nie
123456_zbledami_L2A_roi,minimum distance,PCA,83.7072,82.9988,-0.7084,31,25,0.5040,1.0000,102,nie
123456_zbledami_L2A_roi,minimum distance,Percentile,83.7072,83.7072,0.0000,3,3,1.0000,1.0000,102,nie
123456_zbledami_L2A_roi,minimum distance,IsolationForest,83.7072,83.5891,-0.1181,1,0,1.0000,1.0000,102,nie
123456_zbledami_L2A_roi,minimum distance,LOF,83.7072,83.8253,0.1181,1,2,1.0000,1.0000,102,nie
123456_zbledami_L2A_roi,minimum distance,Mahalanobis,83.7072,83.2349,-0.4723,13,9,0.5235,1.0000,102,nie
123456_zbledami_L2A_roi,minimum distance,EllipticEnvelope,83.7072,83.4711,-0.2361,2,0,0.5000,1.0000,102,nie
123456_zbledami_L2A_roi,minimum distance,PCA_Reconstruction,83.7072,83.4711,-0.2361,2,0,0.5000,1.0000,102,nie
123456_zbledami_L2A_roi,minimum distance,IQR,83.7072,82.7627,-0.9445,18,10,0.1859,1.0000,102,nie
123456_zbledami_L2A_roi,minimum distance,Robust_Mahalanobis,83.7072,82.4085,-1.2987,34,23,0.1853,1.0000,102,nie
123456_zbledami_L2A_roi,minimum distance,HotellingT2,83.7072,82.8808,-0.8264,14,7,0.1892,1.0000,102,nie
123456_zbledami_L2A_roi,minimum distance,kNN,83.7072,83.4711,-0.2361,3,1,0.6250,1.0000,102,nie
123456_zbledami_L2A_roi,minimum distance,Band_Z-score,83.7072,83.2349,-0.4723,8,4,0.3877,1.0000,102,nie
123456_zbledami_L2A_roi,minimum distance,MAD,83.7072,83.4711,-0.2361,17,15,0.8597,1.0000,102,nie
123456_zbledami_L2A_roi,minimum distance,SAM,83.7072,83.7072,0.0000,1,1,1.0000,1.0000,102,nie
124567_poprawny_L1C_class,maximum likelihood,GMM,56.1917,54.9933,-1.1984,12,3,0.0352,1.0000,102,nie
124567_poprawny_L1C_class,maximum likelihood,Mahalanobis,56.1917,57.1238,0.9321,11,18,0.2652,1.0000,102,nie
124567_poprawny_L1C_class,maximum likelihood,IsolationForest,56.1917,55.6591,-0.5326,14,10,0.5413,1.0000,102,nie
124567_poprawny_L1C_class,maximum likelihood,PCA_Reconstruction,56.1917,55.3928,-0.7989,11,5,0.2101,1.0000,102,nie
124567_poprawny_L1C_class,maximum likelihood,Robust_Mahalanobis,56.1917,62.8495,6.6578,34,84,0.0000,0.0006,102,TAK
124567_poprawny_L1C_class,maximum likelihood,SAM,56.1917,55.9254,-0.2663,11,9,0.8238,1.0000,102,nie
124567_poprawny_L1C_class,maximum likelihood,HotellingT2,56.1917,57.2570,1.0652,11,19,0.2012,1.0000,102,nie
124567_poprawny_L1C_class,maximum likelihood,MAD,56.1917,46.2051,-9.9867,340,265,0.0026,0.2258,102,nie
124567_poprawny_L1C_class,maximum likelihood,IQR,56.1917,51.7976,-4.3941,71,38,0.0022,0.1893,102,nie
124567_poprawny_L1C_class,maximum likelihood,EllipticEnvelope,56.1917,56.3249,0.1332,9,10,1.0000,1.0000,102,nie
124567_poprawny_L1C_class,maximum likelihood,OneClassSVM,56.1917,54.8602,-1.3316,46,36,0.3203,1.0000,102,nie
124567_poprawny_L1C_class,maximum likelihood,LOF,56.1917,56.4581,0.2663,11,13,0.8388,1.0000,102,nie
124567_poprawny_L1C_class,maximum likelihood,Erosion,56.1917,12.6498,-43.5419,353,26,0.0000,0.0000,102,TAK
124567_poprawny_L1C_class,maximum likelihood,kNN,56.1917,54.9933,-1.1984,13,4,0.0490,1.0000,102,nie
124567_poprawny_L1C_class,maximum likelihood,PCA,56.1917,47.8029,-8.3888,112,49,0.0000,0.0001,102,TAK
124567_poprawny_L1C_class,maximum likelihood,Percentile,56.1917,55.5260,-0.6658,26,21,0.5596,1.0000,102,nie
124567_poprawny_L1C_class,maximum likelihood,Band_Z-score,56.1917,54.9933,-1.1984,13,4,0.0490,1.0000,102,nie
124567_poprawny_L1C_class,random forest,GMM,45.2730,44.7403,-0.5326,14,10,0.5413,1.0000,102,nie
124567_poprawny_L1C_class,random forest,Robust_Mahalanobis,45.2730,44.7403,-0.5326,35,31,0.7119,1.0000,102,nie
124567_poprawny_L1C_class,random forest,Mahalanobis,45.2730,44.4740,-0.7989,18,12,0.3613,1.0000,102,nie
124567_poprawny_L1C_class,random forest,OneClassSVM,45.2730,45.9387,0.6658,6,11,0.3323,1.0000,102,nie
124567_poprawny_L1C_class,random forest,PCA,45.2730,41.5446,-3.7284,61,33,0.0054,0.4499,102,nie
124567_poprawny_L1C_class,random forest,SAM,45.2730,45.1398,-0.1332,9,8,1.0000,1.0000,102,nie
124567_poprawny_L1C_class,random forest,EllipticEnvelope,45.2730,44.0746,-1.1984,19,10,0.1374,1.0000,102,nie
124567_poprawny_L1C_class,random forest,kNN,45.2730,44.3409,-0.9321,20,13,0.2963,1.0000,102,nie
124567_poprawny_L1C_class,random forest,LOF,45.2730,44.2077,-1.0652,16,8,0.1516,1.0000,102,nie
124567_poprawny_L1C_class,random forest,Percentile,45.2730,43.8083,-1.4647,28,17,0.1360,1.0000,102,nie
124567_poprawny_L1C_class,random forest,IQR,45.2730,43.0093,-2.2636,41,24,0.0472,1.0000,102,nie
124567_poprawny_L1C_class,random forest,Erosion,45.2730,45.6724,0.3995,12,15,0.7003,1.0000,102,nie
124567_poprawny_L1C_class,random forest,PCA_Reconstruction,45.2730,45.2730,0.0000,7,7,1.0000,1.0000,102,nie
124567_poprawny_L1C_class,random forest,Band_Z-score,45.2730,45.4061,0.1332,7,8,1.0000,1.0000,102,nie
124567_poprawny_L1C_class,random forest,IsolationForest,45.2730,44.3409,-0.9321,18,11,0.2652,1.0000,102,nie
124567_poprawny_L1C_class,random forest,MAD,45.2730,45.0067,-0.2663,28,26,0.8918,1.0000,102,nie
124567_poprawny_L1C_class,random forest,HotellingT2,45.2730,43.8083,-1.4647,22,11,0.0817,1.0000,102,nie
124567_poprawny_L1C_class,multi-layer perceptron,Mahalanobis,79.2277,68.7084,-10.5193,107,28,0.0000,0.0000,102,TAK
124567_poprawny_L1C_class,multi-layer perceptron,Band_Z-score,79.2277,82.1571,2.9294,20,42,0.0077,0.6352,102,nie
124567_poprawny_L1C_class,multi-layer perceptron,EllipticEnvelope,79.2277,81.6245,2.3968,24,42,0.0364,1.0000,102,nie
124567_poprawny_L1C_class,multi-layer perceptron,SAM,79.2277,69.5073,-9.7204,100,27,0.0000,0.0000,102,TAK
124567_poprawny_L1C_class,multi-layer perceptron,PCA_Reconstruction,79.2277,80.5593,1.3316,16,26,0.1649,1.0000,102,nie
124567_poprawny_L1C_class,multi-layer perceptron,IQR,79.2277,68.9747,-10.2530,100,23,0.0000,0.0000,102,TAK
124567_poprawny_L1C_class,multi-layer perceptron,MAD,79.2277,72.0373,-7.1904,77,23,0.0000,0.0000,102,TAK
124567_poprawny_L1C_class,multi-layer perceptron,kNN,79.2277,68.7084,-10.5193,119,40,0.0000,0.0000,102,TAK
124567_poprawny_L1C_class,multi-layer perceptron,LOF,79.2277,76.6977,-2.5300,56,37,0.0620,1.0000,102,nie
124567_poprawny_L1C_class,multi-layer perceptron,HotellingT2,79.2277,76.1651,-3.0626,65,42,0.0334,1.0000,102,nie
124567_poprawny_L1C_class,multi-layer perceptron,Robust_Mahalanobis,79.2277,59.9201,-19.3076,177,32,0.0000,0.0000,102,TAK
124567_poprawny_L1C_class,multi-layer perceptron,Erosion,79.2277,73.9015,-5.3262,66,26,0.0000,0.0044,102,TAK
124567_poprawny_L1C_class,multi-layer perceptron,IsolationForest,79.2277,81.0919,1.8642,25,39,0.1042,1.0000,102,nie
124567_poprawny_L1C_class,multi-layer perceptron,Percentile,79.2277,77.4967,-1.7310,47,34,0.1824,1.0000,102,nie
124567_poprawny_L1C_class,multi-layer perceptron,OneClassSVM,79.2277,78.2956,-0.9321,36,29,0.4568,1.0000,102,nie
124567_poprawny_L1C_class,multi-layer perceptron,GMM,79.2277,79.8935,0.6658,35,40,0.6442,1.0000,102,nie
124567_poprawny_L1C_class,multi-layer perceptron,PCA,79.2277,60.0533,-19.1744,178,34,0.0000,0.0000,102,TAK
124567_poprawny_L1C_class,support vector machine,MAD,79.6272,78.1625,-1.4647,20,9,0.0633,1.0000,102,nie
124567_poprawny_L1C_class,support vector machine,IQR,79.6272,78.1625,-1.4647,24,13,0.1002,1.0000,102,nie
124567_poprawny_L1C_class,support vector machine,SAM,79.6272,80.8256,1.1984,4,13,0.0490,1.0000,102,nie
124567_poprawny_L1C_class,support vector machine,PCA_Reconstruction,79.6272,80.4261,0.7989,1,7,0.0703,1.0000,102,nie
124567_poprawny_L1C_class,support vector machine,Mahalanobis,79.6272,79.0945,-0.5326,9,5,0.4240,1.0000,102,nie
124567_poprawny_L1C_class,support vector machine,EllipticEnvelope,79.6272,80.6924,1.0652,3,11,0.0574,1.0000,102,nie
124567_poprawny_L1C_class,support vector machine,Band_Z-score,79.6272,79.8935,0.2663,2,4,0.6875,1.0000,102,nie
124567_poprawny_L1C_class,support vector machine,OneClassSVM,79.6272,80.1598,0.5326,2,6,0.2891,1.0000,102,nie
124567_poprawny_L1C_class,support vector machine,GMM,79.6272,79.8935,0.2663,3,5,0.7266,1.0000,102,nie
124567_poprawny_L1C_class,support vector machine,PCA,79.6272,83.2224,3.5952,49,76,0.0200,1.0000,102,nie
124567_poprawny_L1C_class,support vector machine,Percentile,79.6272,81.0919,1.4647,7,18,0.0455,1.0000,102,nie
124567_poprawny_L1C_class,support vector machine,Erosion,79.6272,78.8282,-0.7989,16,10,0.3268,1.0000,102,nie
124567_poprawny_L1C_class,support vector machine,IsolationForest,79.6272,80.5593,0.9321,4,11,0.1185,1.0000,102,nie
124567_poprawny_L1C_class,support vector machine,HotellingT2,79.6272,79.0945,-0.5326,10,6,0.4545,1.0000,102,nie
124567_poprawny_L1C_class,support vector machine,LOF,79.6272,80.5593,0.9321,2,9,0.0654,1.0000,102,nie
124567_poprawny_L1C_class,support vector machine,kNN,79.6272,80.1598,0.5326,1,5,0.2188,1.0000,102,nie
124567_poprawny_L1C_class,support vector machine,Robust_Mahalanobis,79.6272,81.6245,1.9973,38,53,0.1422,1.0000,102,nie
124567_poprawny_L1C_class,spectral angle mapping,PCA_Reconstruction,77.0972,77.3635,0.2663,3,5,0.7266,1.0000,102,nie
124567_poprawny_L1C_class,spectral angle mapping,SAM,77.0972,77.4967,0.3995,3,6,0.5078,1.0000,102,nie
124567_poprawny_L1C_class,spectral angle mapping,EllipticEnvelope,77.0972,77.2304,0.1332,3,4,1.0000,1.0000,102,nie
124567_poprawny_L1C_class,spectral angle mapping,Band_Z-score,77.0972,77.2304,0.1332,2,3,1.0000,1.0000,102,nie
124567_poprawny_L1C_class,spectral angle mapping,Mahalanobis,77.0972,77.4967,0.3995,4,7,0.5488,1.0000,102,nie
124567_poprawny_L1C_class,spectral angle mapping,MAD,77.0972,75.3662,-1.7310,19,6,0.0164,1.0000,102,nie
124567_poprawny_L1C_class,spectral angle mapping,IQR,77.0972,74.4341,-2.6631,30,10,0.0027,0.2264,102,nie
124567_poprawny_L1C_class,spectral angle mapping,IsolationForest,77.0972,77.7630,0.6658,3,8,0.2266,1.0000,102,nie
124567_poprawny_L1C_class,spectral angle mapping,Erosion,77.0972,76.5646,-0.5326,12,8,0.5034,1.0000,102,nie
124567_poprawny_L1C_class,spectral angle mapping,Robust_Mahalanobis,77.0972,81.0919,3.9947,22,52,0.0007,0.0659,102,nie
124567_poprawny_L1C_class,spectral angle mapping,HotellingT2,77.0972,77.8961,0.7989,2,8,0.1094,1.0000,102,nie
124567_poprawny_L1C_class,spectral angle mapping,kNN,77.0972,77.0972,0.0000,2,2,1.0000,1.0000,102,nie
124567_poprawny_L1C_class,spectral angle mapping,LOF,77.0972,77.2304,0.1332,3,4,1.0000,1.0000,102,nie
124567_poprawny_L1C_class,spectral angle mapping,PCA,77.0972,82.4234,5.3262,35,75,0.0002,0.0178,102,TAK
124567_poprawny_L1C_class,spectral angle mapping,GMM,77.0972,76.9640,-0.1332,3,2,1.0000,1.0000,102,nie
124567_poprawny_L1C_class,spectral angle mapping,OneClassSVM,77.0972,76.9640,-0.1332,3,2,1.0000,1.0000,102,nie
124567_poprawny_L1C_class,spectral angle mapping,Percentile,77.0972,78.0293,0.9321,3,10,0.0923,1.0000,102,nie
124567_poprawny_L1C_class,minimum distance,GMM,76.4314,76.4314,0.0000,0,0,1.0000,1.0000,102,nie
124567_poprawny_L1C_class,minimum distance,OneClassSVM,76.4314,76.2983,-0.1332,1,0,1.0000,1.0000,102,nie
124567_poprawny_L1C_class,minimum distance,Erosion,76.4314,76.2983,-0.1332,5,4,1.0000,1.0000,102,nie
124567_poprawny_L1C_class,minimum distance,PCA,76.4314,81.7577,5.3262,28,68,0.0001,0.0062,102,TAK
124567_poprawny_L1C_class,minimum distance,Percentile,76.4314,76.5646,0.1332,3,4,1.0000,1.0000,102,nie
124567_poprawny_L1C_class,minimum distance,IsolationForest,76.4314,76.5646,0.1332,1,2,1.0000,1.0000,102,nie
124567_poprawny_L1C_class,minimum distance,LOF,76.4314,76.2983,-0.1332,1,0,1.0000,1.0000,102,nie
124567_poprawny_L1C_class,minimum distance,Mahalanobis,76.4314,76.5646,0.1332,1,2,1.0000,1.0000,102,nie
124567_poprawny_L1C_class,minimum distance,EllipticEnvelope,76.4314,76.4314,0.0000,0,0,1.0000,1.0000,102,nie
124567_poprawny_L1C_class,minimum distance,PCA_Reconstruction,76.4314,76.4314,0.0000,0,0,1.0000,1.0000,102,nie
124567_poprawny_L1C_class,minimum distance,IQR,76.4314,76.5646,0.1332,18,19,1.0000,1.0000,102,nie
124567_poprawny_L1C_class,minimum distance,Robust_Mahalanobis,76.4314,81.6245,5.1931,16,55,0.0000,0.0006,102,TAK
124567_poprawny_L1C_class,minimum distance,HotellingT2,76.4314,76.5646,0.1332,1,2,1.0000,1.0000,102,nie
124567_poprawny_L1C_class,minimum distance,kNN,76.4314,76.4314,0.0000,0,0,1.0000,1.0000,102,nie
124567_poprawny_L1C_class,minimum distance,Band_Z-score,76.4314,76.4314,0.0000,1,1,1.0000,1.0000,102,nie
124567_poprawny_L1C_class,minimum distance,MAD,76.4314,77.2304,0.7989,17,23,0.4292,1.0000,102,nie
124567_poprawny_L1C_class,minimum distance,SAM,76.4314,76.5646,0.1332,0,1,1.0000,1.0000,102,nie
124567_poprawny_L1C_roi,maximum likelihood,GMM,56.1917,57.3901,1.1984,10,19,0.1374,1.0000,102,nie
124567_poprawny_L1C_roi,maximum likelihood,Mahalanobis,56.1917,56.5912,0.3995,54,57,0.8494,1.0000,102,nie
124567_poprawny_L1C_roi,maximum likelihood,IsolationForest,56.1917,55.2597,-0.9321,11,4,0.1185,1.0000,102,nie
124567_poprawny_L1C_roi,maximum likelihood,PCA_Reconstruction,56.1917,56.1917,0.0000,7,7,1.0000,1.0000,102,nie
124567_poprawny_L1C_roi,maximum likelihood,Robust_Mahalanobis,56.1917,54.9933,-1.1984,113,104,0.5871,1.0000,102,nie
124567_poprawny_L1C_roi,maximum likelihood,SAM,56.1917,54.7270,-1.4647,16,5,0.0266,1.0000,102,nie
124567_poprawny_L1C_roi,maximum likelihood,HotellingT2,56.1917,57.2570,1.0652,52,60,0.5083,1.0000,102,nie
124567_poprawny_L1C_roi,maximum likelihood,MAD,56.1917,11.0519,-45.1398,344,5,0.0000,0.0000,102,TAK
124567_poprawny_L1C_roi,maximum likelihood,IQR,56.1917,11.0519,-45.1398,344,5,0.0000,0.0000,102,TAK
124567_poprawny_L1C_roi,maximum likelihood,EllipticEnvelope,56.1917,55.2597,-0.9321,13,6,0.1671,1.0000,102,nie
124567_poprawny_L1C_roi,maximum likelihood,OneClassSVM,56.1917,58.0559,1.8642,8,22,0.0176,1.0000,102,nie
124567_poprawny_L1C_roi,maximum likelihood,LOF,56.1917,56.8575,0.6658,10,15,0.4237,1.0000,102,nie
124567_poprawny_L1C_roi,maximum likelihood,Erosion,56.1917,12.6498,-43.5419,353,26,0.0000,0.0000,102,TAK
124567_poprawny_L1C_roi,maximum likelihood,kNN,56.1917,56.4581,0.2663,13,15,0.8501,1.0000,102,nie
124567_poprawny_L1C_roi,maximum likelihood,PCA,56.1917,3.8615,-52.3302,407,14,0.0000,0.0000,102,TAK
124567_poprawny_L1C_roi,maximum likelihood,Percentile,56.1917,55.7923,-0.3995,49,46,0.8374,1.0000,102,nie
124567_poprawny_L1C_roi,maximum likelihood,Band_Z-score,56.1917,55.9254,-0.2663,52,50,0.9211,1.0000,102,nie
124567_poprawny_L1C_roi,random forest,GMM,45.5393,44.3409,-1.1984,18,9,0.1237,1.0000,102,nie
124567_poprawny_L1C_roi,random forest,Robust_Mahalanobis,45.5393,46.2051,0.6658,9,14,0.4049,1.0000,102,nie
124567_poprawny_L1C_roi,random forest,Mahalanobis,45.5393,43.9414,-1.5979,25,13,0.0744,1.0000,102,nie
124567_poprawny_L1C_roi,random forest,OneClassSVM,45.5393,43.6751,-1.8642,17,3,0.0026,0.2396,102,nie
124567_poprawny_L1C_roi,random forest,PCA,45.5393,45.9387,0.3995,11,14,0.6892,1.0000,102,nie
124567_poprawny_L1C_roi,random forest,SAM,45.5393,45.0067,-0.5326,12,8,0.5034,1.0000,102,nie
124567_poprawny_L1C_roi,random forest,EllipticEnvelope,45.5393,45.9387,0.3995,6,9,0.6072,1.0000,102,nie
124567_poprawny_L1C_roi,random forest,kNN,45.5393,45.9387,0.3995,8,11,0.6476,1.0000,102,nie
124567_poprawny_L1C_roi,random forest,LOF,45.5393,45.6724,0.1332,10,11,1.0000,1.0000,102,nie
124567_poprawny_L1C_roi,random forest,Percentile,45.5393,43.9414,-1.5979,27,15,0.0896,1.0000,102,nie
124567_poprawny_L1C_roi,random forest,IQR,45.5393,45.8056,0.2663,13,15,0.8501,1.0000,102,nie
124567_poprawny_L1C_roi,random forest,Erosion,45.5393,44.3409,-1.1984,25,16,0.2115,1.0000,102,nie
124567_poprawny_L1C_roi,random forest,PCA_Reconstruction,45.5393,45.5393,0.0000,8,8,1.0000,1.0000,102,nie
124567_poprawny_L1C_roi,random forest,Band_Z-score,45.5393,44.6072,-0.9321,16,9,0.2301,1.0000,102,nie
124567_poprawny_L1C_roi,random forest,IsolationForest,45.5393,45.4061,-0.1332,7,6,1.0000,1.0000,102,nie
124567_poprawny_L1C_roi,random forest,MAD,45.5393,45.0067,-0.5326,11,7,0.4807,1.0000,102,nie
124567_poprawny_L1C_roi,random forest,HotellingT2,45.5393,45.2730,-0.2663,12,10,0.8318,1.0000,102,nie
124567_poprawny_L1C_roi,multi-layer perceptron,Mahalanobis,78.8282,77.3635,-1.4647,42,31,0.2418,1.0000,102,nie
124567_poprawny_L1C_roi,multi-layer perceptron,Band_Z-score,78.8282,79.2277,0.3995,29,32,0.7979,1.0000,102,nie
124567_poprawny_L1C_roi,multi-layer perceptron,EllipticEnvelope,78.8282,75.0999,-3.7284,41,13,0.0002,0.0227,102,TAK
124567_poprawny_L1C_roi,multi-layer perceptron,SAM,78.8282,78.4288,-0.3995,32,29,0.7979,1.0000,102,nie
124567_poprawny_L1C_roi,multi-layer perceptron,PCA_Reconstruction,78.8282,80.1598,1.3316,24,34,0.2373,1.0000,102,nie
124567_poprawny_L1C_roi,multi-layer perceptron,IQR,78.8282,73.3688,-5.4594,67,26,0.0000,0.0032,102,TAK
124567_poprawny_L1C_roi,multi-layer perceptron,MAD,78.8282,78.5619,-0.2663,28,26,0.8918,1.0000,102,nie
124567_poprawny_L1C_roi,multi-layer perceptron,kNN,78.8282,80.2929,1.4647,20,31,0.1614,1.0000,102,nie
124567_poprawny_L1C_roi,multi-layer perceptron,LOF,78.8282,80.0266,1.1984,25,34,0.2976,1.0000,102,nie
124567_poprawny_L1C_roi,multi-layer perceptron,HotellingT2,78.8282,72.7031,-6.1252,76,30,0.0000,0.0012,102,TAK
124567_poprawny_L1C_roi,multi-layer perceptron,Robust_Mahalanobis,78.8282,74.9667,-3.8615,47,18,0.0005,0.0484,102,TAK
124567_poprawny_L1C_roi,multi-layer perceptron,Erosion,78.8282,73.9015,-4.9268,50,13,0.0000,0.0006,102,TAK
124567_poprawny_L1C_roi,multi-layer perceptron,IsolationForest,78.8282,77.6298,-1.1984,31,22,0.2718,1.0000,102,nie
124567_poprawny_L1C_roi,multi-layer perceptron,Percentile,78.8282,76.1651,-2.6631,35,15,0.0072,0.6633,102,nie
124567_poprawny_L1C_roi,multi-layer perceptron,OneClassSVM,78.8282,77.2304,-1.5979,30,18,0.1124,1.0000,102,nie
124567_poprawny_L1C_roi,multi-layer perceptron,GMM,78.8282,77.4967,-1.3316,41,31,0.2888,1.0000,102,nie
124567_poprawny_L1C_roi,multi-layer perceptron,PCA,78.8282,79.0945,0.2663,38,40,0.9099,1.0000,102,nie
124567_poprawny_L1C_roi,support vector machine,MAD,79.6272,79.8935,0.2663,6,8,0.7905,1.0000,102,nie
124567_poprawny_L1C_roi,support vector machine,IQR,79.6272,80.0266,0.3995,8,11,0.6476,1.0000,102,nie
124567_poprawny_L1C_roi,support vector machine,SAM,79.6272,80.1598,0.5326,2,6,0.2891,1.0000,102,nie
124567_poprawny_L1C_roi,support vector machine,PCA_Reconstruction,79.6272,80.4261,0.7989,0,6,0.0312,1.0000,102,nie
124567_poprawny_L1C_roi,support vector machine,Mahalanobis,79.6272,80.4261,0.7989,2,8,0.1094,1.0000,102,nie
124567_poprawny_L1C_roi,support vector machine,EllipticEnvelope,79.6272,79.8935,0.2663,1,3,0.6250,1.0000,102,nie
124567_poprawny_L1C_roi,support vector machine,Band_Z-score,79.6272,80.2929,0.6658,3,8,0.2266,1.0000,102,nie
124567_poprawny_L1C_roi,support vector machine,OneClassSVM,79.6272,79.4940,-0.1332,4,3,1.0000,1.0000,102,nie
124567_poprawny_L1C_roi,support vector machine,GMM,79.6272,80.0266,0.3995,2,5,0.4531,1.0000,102,nie
124567_poprawny_L1C_roi,support vector machine,PCA,79.6272,79.6272,0.0000,12,12,1.0000,1.0000,102,nie
124567_poprawny_L1C_roi,support vector machine,Percentile,79.6272,79.8935,0.2663,5,7,0.7744,1.0000,102,nie
124567_poprawny_L1C_roi,support vector machine,Erosion,79.6272,78.8282,-0.7989,16,10,0.3268,1.0000,102,nie
124567_poprawny_L1C_roi,support vector machine,IsolationForest,79.6272,80.1598,0.5326,2,6,0.2891,1.0000,102,nie
124567_poprawny_L1C_roi,support vector machine,HotellingT2,79.6272,80.4261,0.7989,2,8,0.1094,1.0000,102,nie
124567_poprawny_L1C_roi,support vector machine,LOF,79.6272,80.1598,0.5326,2,6,0.2891,1.0000,102,nie
124567_poprawny_L1C_roi,support vector machine,kNN,79.6272,80.1598,0.5326,2,6,0.2891,1.0000,102,nie
124567_poprawny_L1C_roi,support vector machine,Robust_Mahalanobis,79.6272,79.6272,0.0000,17,17,0.8638,1.0000,102,nie
124567_poprawny_L1C_roi,spectral angle mapping,PCA_Reconstruction,77.0972,76.8309,-0.2663,3,1,0.6250,1.0000,102,nie
124567_poprawny_L1C_roi,spectral angle mapping,SAM,77.0972,76.8309,-0.2663,3,1,0.6250,1.0000,102,nie
124567_poprawny_L1C_roi,spectral angle mapping,EllipticEnvelope,77.0972,76.8309,-0.2663,3,1,0.6250,1.0000,102,nie
124567_poprawny_L1C_roi,spectral angle mapping,Band_Z-score,77.0972,77.2304,0.1332,3,4,1.0000,1.0000,102,nie
124567_poprawny_L1C_roi,spectral angle mapping,Mahalanobis,77.0972,77.0972,0.0000,3,3,1.0000,1.0000,102,nie
124567_poprawny_L1C_roi,spectral angle mapping,MAD,77.0972,77.6298,0.5326,5,9,0.4240,1.0000,102,nie
124567_poprawny_L1C_roi,spectral angle mapping,IQR,77.0972,77.7630,0.6658,7,12,0.3593,1.0000,102,nie
124567_poprawny_L1C_roi,spectral angle mapping,IsolationForest,77.0972,76.8309,-0.2663,3,1,0.6250,1.0000,102,nie
124567_poprawny_L1C_roi,spectral angle mapping,Erosion,77.0972,76.5646,-0.5326,12,8,0.5034,1.0000,102,nie
124567_poprawny_L1C_roi,spectral angle mapping,Robust_Mahalanobis,77.0972,77.6298,0.5326,11,15,0.5563,1.0000,102,nie
124567_poprawny_L1C_roi,spectral angle mapping,HotellingT2,77.0972,77.3635,0.2663,3,5,0.7266,1.0000,102,nie
124567_poprawny_L1C_roi,spectral angle mapping,kNN,77.0972,76.8309,-0.2663,3,1,0.6250,1.0000,102,nie
124567_poprawny_L1C_roi,spectral angle mapping,LOF,77.0972,76.8309,-0.2663,3,1,0.6250,1.0000,102,nie
124567_poprawny_L1C_roi,spectral angle mapping,PCA,77.0972,77.0972,0.0000,12,12,1.0000,1.0000,102,nie
124567_poprawny_L1C_roi,spectral angle mapping,GMM,77.0972,76.8309,-0.2663,3,1,0.6250,1.0000,102,nie
124567_poprawny_L1C_roi,spectral angle mapping,OneClassSVM,77.0972,76.6977,-0.3995,3,0,0.2500,1.0000,102,nie
124567_poprawny_L1C_roi,spectral angle mapping,Percentile,77.0972,77.3635,0.2663,3,5,0.7266,1.0000,102,nie
124567_poprawny_L1C_roi,minimum distance,GMM,76.4314,76.4314,0.0000,0,0,1.0000,1.0000,102,nie
124567_poprawny_L1C_roi,minimum distance,OneClassSVM,76.4314,76.4314,0.0000,0,0,1.0000,1.0000,102,nie
124567_poprawny_L1C_roi,minimum distance,Erosion,76.4314,76.2983,-0.1332,5,4,1.0000,1.0000,102,nie
124567_poprawny_L1C_roi,minimum distance,PCA,76.4314,76.8309,0.3995,2,5,0.4531,1.0000,102,nie
124567_poprawny_L1C_roi,minimum distance,Percentile,76.4314,76.4314,0.0000,0,0,1.0000,1.0000,102,nie
124567_poprawny_L1C_roi,minimum distance,IsolationForest,76.4314,76.2983,-0.1332,1,0,1.0000,1.0000,102,nie
124567_poprawny_L1C_roi,minimum distance,LOF,76.4314,76.1651,-0.2663,2,0,0.5000,1.0000,102,nie
124567_poprawny_L1C_roi,minimum distance,Mahalanobis,76.4314,76.4314,0.0000,0,0,1.0000,1.0000,102,nie
124567_poprawny_L1C_roi,minimum distance,EllipticEnvelope,76.4314,76.1651,-0.2663,2,0,0.5000,1.0000,102,nie
124567_poprawny_L1C_roi,minimum distance,PCA_Reconstruction,76.4314,76.2983,-0.1332,1,0,1.0000,1.0000,102,nie
124567_poprawny_L1C_roi,minimum distance,IQR,76.4314,76.9640,0.5326,1,5,0.2188,1.0000,102,nie
124567_poprawny_L1C_roi,minimum distance,Robust_Mahalanobis,76.4314,76.6977,0.2663,3,5,0.7266,1.0000,102,nie
124567_poprawny_L1C_roi,minimum distance,HotellingT2,76.4314,76.4314,0.0000,0,0,1.0000,1.0000,102,nie
124567_poprawny_L1C_roi,minimum distance,kNN,76.4314,76.2983,-0.1332,1,0,1.0000,1.0000,102,nie
124567_poprawny_L1C_roi,minimum distance,Band_Z-score,76.4314,76.4314,0.0000,0,0,1.0000,1.0000,102,nie
124567_poprawny_L1C_roi,minimum distance,MAD,76.4314,76.5646,0.1332,2,3,1.0000,1.0000,102,nie
124567_poprawny_L1C_roi,minimum distance,SAM,76.4314,76.4314,0.0000,0,0,1.0000,1.0000,102,nie
124567_poprawny_L2A_class,maximum likelihood,GMM,58.4554,57.7896,-0.6658,9,4,0.2668,1.0000,102,nie
124567_poprawny_L2A_class,maximum likelihood,Mahalanobis,58.4554,58.7217,0.2663,13,15,0.8501,1.0000,102,nie
124567_poprawny_L2A_class,maximum likelihood,IsolationForest,58.4554,59.9201,1.4647,6,17,0.0347,1.0000,102,nie
124567_poprawny_L2A_class,maximum likelihood,PCA_Reconstruction,58.4554,57.5233,-0.9321,8,1,0.0391,1.0000,102,nie
124567_poprawny_L2A_class,maximum likelihood,Robust_Mahalanobis,58.4554,64.7137,6.2583,30,77,0.0000,0.0008,102,TAK
124567_poprawny_L2A_class,maximum likelihood,SAM,58.4554,59.3875,0.9321,9,16,0.2301,1.0000,102,nie
124567_poprawny_L2A_class,maximum likelihood,HotellingT2,58.4554,58.0559,-0.3995,16,13,0.7103,1.0000,102,nie
124567_poprawny_L2A_class,maximum likelihood,MAD,58.4554,58.9880,0.5326,16,20,0.6171,1.0000,102,nie
124567_poprawny_L2A_class,maximum likelihood,IQR,58.4554,60.9854,2.5300,23,42,0.0256,1.0000,102,nie
124567_poprawny_L2A_class,maximum likelihood,EllipticEnvelope,58.4554,57.7896,-0.6658,8,3,0.2266,1.0000,102,nie
124567_poprawny_L2A_class,maximum likelihood,OneClassSVM,58.4554,58.3222,-0.1332,5,4,1.0000,1.0000,102,nie
124567_poprawny_L2A_class,maximum likelihood,LOF,58.4554,57.9228,-0.5326,8,4,0.3877,1.0000,102,nie
124567_poprawny_L2A_class,maximum likelihood,Erosion,58.4554,52.0639,-6.3915,66,18,0.0000,0.0000,102,TAK
124567_poprawny_L2A_class,maximum likelihood,kNN,58.4554,57.5233,-0.9321,8,1,0.0391,1.0000,102,nie
124567_poprawny_L2A_class,maximum likelihood,PCA,58.4554,50.8655,-7.5899,67,10,0.0000,0.0000,102,TAK
124567_poprawny_L2A_class,maximum likelihood,Percentile,58.4554,60.5859,2.1305,14,30,0.0237,1.0000,102,nie
124567_poprawny_L2A_class,maximum likelihood,Band_Z-score,58.4554,57.7896,-0.6658,8,3,0.2266,1.0000,102,nie
124567_poprawny_L2A_class,random forest,GMM,72.9694,72.3036,-0.6658,27,22,0.5677,1.0000,102,nie
124567_poprawny_L2A_class,random forest,Robust_Mahalanobis,72.9694,71.9041,-1.0652,77,69,0.5624,1.0000,102,nie
124567_poprawny_L2A_class,random forest,Mahalanobis,72.9694,71.5047,-1.4647,40,29,0.2286,1.0000,102,nie
124567_poprawny_L2A_class,random forest,OneClassSVM,72.9694,71.2383,-1.7310,31,18,0.0865,1.0000,102,nie
124567_poprawny_L2A_class,random forest,PCA,72.9694,65.2463,-7.7230,86,28,0.0000,0.0000,102,TAK
124567_poprawny_L2A_class,random forest,SAM,72.9694,73.1025,0.1332,30,31,1.0000,1.0000,102,nie
124567_poprawny_L2A_class,random forest,EllipticEnvelope,72.9694,70.9720,-1.9973,44,29,0.1013,1.0000,102,nie
124567_poprawny_L2A_class,random forest,kNN,72.9694,72.4368,-0.5326,20,16,0.6171,1.0000,102,nie
124567_poprawny_L2A_class,random forest,LOF,72.9694,73.3688,0.3995,15,18,0.7277,1.0000,102,nie
124567_poprawny_L2A_class,random forest,Percentile,72.9694,73.3688,0.3995,17,20,0.7423,1.0000,102,nie
124567_poprawny_L2A_class,random forest,IQR,72.9694,72.9694,0.0000,71,71,0.9331,1.0000,102,nie
124567_poprawny_L2A_class,random forest,Erosion,72.9694,70.9720,-1.9973,42,27,0.0919,1.0000,102,nie
124567_poprawny_L2A_class,random forest,PCA_Reconstruction,72.9694,72.3036,-0.6658,25,20,0.5510,1.0000,102,nie
124567_poprawny_L2A_class,random forest,Band_Z-score,72.9694,71.5047,-1.4647,33,22,0.1775,1.0000,102,nie
124567_poprawny_L2A_class,random forest,IsolationForest,72.9694,71.5047,-1.4647,25,14,0.1093,1.0000,102,nie
124567_poprawny_L2A_class,random forest,MAD,72.9694,73.2357,0.2663,60,62,0.9279,1.0000,102,nie
124567_poprawny_L2A_class,random forest,HotellingT2,72.9694,74.9667,1.9973,20,35,0.0591,1.0000,102,nie
124567_poprawny_L2A_class,multi-layer perceptron,Mahalanobis,63.1158,71.1052,7.9893,34,94,0.0000,0.0000,102,TAK
124567_poprawny_L2A_class,multi-layer perceptron,Band_Z-score,63.1158,68.8415,5.7257,21,64,0.0000,0.0005,102,TAK
124567_poprawny_L2A_class,multi-layer perceptron,EllipticEnvelope,63.1158,65.3795,2.2636,16,33,0.0223,1.0000,102,nie
124567_poprawny_L2A_class,multi-layer perceptron,SAM,63.1158,71.1052,7.9893,17,77,0.0000,0.0000,102,TAK
124567_poprawny_L2A_class,multi-layer perceptron,PCA_Reconstruction,63.1158,65.5126,2.3968,18,36,0.0207,1.0000,102,nie
124567_poprawny_L2A_class,multi-layer perceptron,IQR,63.1158,62.3169,-0.7989,42,36,0.5713,1.0000,102,nie
124567_poprawny_L2A_class,multi-layer perceptron,MAD,63.1158,64.0479,0.9321,56,63,0.5823,1.0000,102,nie
124567_poprawny_L2A_class,multi-layer perceptron,kNN,63.1158,67.2437,4.1278,20,51,0.0004,0.0319,102,TAK
124567_poprawny_L2A_class,multi-layer perceptron,LOF,63.1158,67.1105,3.9947,5,35,0.0000,0.0004,102,TAK
124567_poprawny_L2A_class,multi-layer perceptron,HotellingT2,63.1158,70.0399,6.9241,22,74,0.0000,0.0000,102,TAK
124567_poprawny_L2A_class,multi-layer perceptron,Robust_Mahalanobis,63.1158,68.9747,5.8589,45,89,0.0002,0.0179,102,TAK
124567_poprawny_L2A_class,multi-layer perceptron,Erosion,63.1158,67.2437,4.1278,38,69,0.0037,0.3095,102,nie
124567_poprawny_L2A_class,multi-layer perceptron,IsolationForest,63.1158,70.9720,7.8562,24,83,0.0000,0.0000,102,TAK
124567_poprawny_L2A_class,multi-layer perceptron,Percentile,63.1158,68.0426,4.9268,31,68,0.0003,0.0258,102,TAK
124567_poprawny_L2A_class,multi-layer perceptron,OneClassSVM,63.1158,67.5100,4.3941,31,64,0.0010,0.0873,102,nie
124567_poprawny_L2A_class,multi-layer perceptron,GMM,63.1158,70.0399,6.9241,10,62,0.0000,0.0000,102,TAK
124567_poprawny_L2A_class,multi-layer perceptron,PCA,63.1158,64.3142,1.1984,34,43,0.3619,1.0000,102,nie
124567_poprawny_L2A_class,support vector machine,MAD,75.2330,73.5020,-1.7310,29,16,0.0736,1.0000,102,nie
124567_poprawny_L2A_class,support vector machine,IQR,75.2330,75.0999,-0.1332,29,28,1.0000,1.0000,102,nie
124567_poprawny_L2A_class,support vector machine,SAM,75.2330,76.0320,0.7989,7,13,0.2632,1.0000,102,nie
124567_poprawny_L2A_class,support vector machine,PCA_Reconstruction,75.2330,75.2330,0.0000,6,6,1.0000,1.0000,102,nie
124567_poprawny_L2A_class,support vector machine,Mahalanobis,75.2330,75.3662,0.1332,8,9,1.0000,1.0000,102,nie
124567_poprawny_L2A_class,support vector machine,EllipticEnvelope,75.2330,75.4993,0.2663,6,8,0.7905,1.0000,102,nie
124567_poprawny_L2A_class,support vector machine,Band_Z-score,75.2330,75.7656,0.5326,4,8,0.3877,1.0000,102,nie
124567_poprawny_L2A_class,support vector machine,OneClassSVM,75.2330,75.4993,0.2663,5,7,0.7744,1.0000,102,nie
124567_poprawny_L2A_class,support vector machine,GMM,75.2330,75.6325,0.3995,5,8,0.5811,1.0000,102,nie
124567_poprawny_L2A_class,support vector machine,PCA,75.2330,74.7004,-0.5326,58,54,0.7768,1.0000,102,nie
124567_poprawny_L2A_class,support vector machine,Percentile,75.2330,77.7630,2.5300,6,25,0.0012,0.1029,102,nie
124567_poprawny_L2A_class,support vector machine,Erosion,75.2330,73.7683,-1.4647,18,7,0.0455,1.0000,102,nie
124567_poprawny_L2A_class,support vector machine,IsolationForest,75.2330,76.1651,0.9321,4,11,0.1185,1.0000,102,nie
124567_poprawny_L2A_class,support vector machine,HotellingT2,75.2330,75.6325,0.3995,8,11,0.6476,1.0000,102,nie
124567_poprawny_L2A_class,support vector machine,LOF,75.2330,75.3662,0.1332,5,6,1.0000,1.0000,102,nie
124567_poprawny_L2A_class,support vector machine,kNN,75.2330,75.6325,0.3995,5,8,0.5811,1.0000,102,nie
124567_poprawny_L2A_class,support vector machine,Robust_Mahalanobis,75.2330,84.8202,9.5872,21,93,0.0000,0.0000,102,TAK
124567_poprawny_L2A_class,spectral angle mapping,PCA_Reconstruction,71.7710,71.7710,0.0000,0,0,1.0000,1.0000,102,nie
124567_poprawny_L2A_class,spectral angle mapping,SAM,71.7710,72.1704,0.3995,0,3,0.2500,1.0000,102,nie
124567_poprawny_L2A_class,spectral angle mapping,EllipticEnvelope,71.7710,72.0373,0.2663,0,2,0.5000,1.0000,102,nie
124567_poprawny_L2A_class,spectral angle mapping,Band_Z-score,71.7710,71.6378,-0.1332,4,3,1.0000,1.0000,102,nie
124567_poprawny_L2A_class,spectral angle mapping,Mahalanobis,71.7710,71.9041,0.1332,3,4,1.0000,1.0000,102,nie
124567_poprawny_L2A_class,spectral angle mapping,MAD,71.7710,70.5726,-1.1984,13,4,0.0490,1.0000,102,nie
124567_poprawny_L2A_class,spectral angle mapping,IQR,71.7710,70.4394,-1.3316,14,4,0.0309,1.0000,102,nie
124567_poprawny_L2A_class,spectral angle mapping,IsolationForest,71.7710,72.0373,0.2663,2,4,0.6875,1.0000,102,nie
124567_poprawny_L2A_class,spectral angle mapping,Erosion,71.7710,72.4368,0.6658,4,9,0.2668,1.0000,102,nie
124567_poprawny_L2A_class,spectral angle mapping,Robust_Mahalanobis,71.7710,76.8309,5.0599,16,54,0.0000,0.0009,102,TAK
124567_poprawny_L2A_class,spectral angle mapping,HotellingT2,71.7710,71.7710,0.0000,5,5,1.0000,1.0000,102,nie
124567_poprawny_L2A_class,spectral angle mapping,kNN,71.7710,71.9041,0.1332,0,1,1.0000,1.0000,102,nie
124567_poprawny_L2A_class,spectral angle mapping,LOF,71.7710,71.9041,0.1332,0,1,1.0000,1.0000,102,nie
124567_poprawny_L2A_class,spectral angle mapping,PCA,71.7710,73.3688,1.5979,23,35,0.1486,1.0000,102,nie
124567_poprawny_L2A_class,spectral angle mapping,GMM,71.7710,71.9041,0.1332,0,1,1.0000,1.0000,102,nie
124567_poprawny_L2A_class,spectral angle mapping,OneClassSVM,71.7710,71.7710,0.0000,0,0,1.0000,1.0000,102,nie
124567_poprawny_L2A_class,spectral angle mapping,Percentile,71.7710,71.9041,0.1332,2,3,1.0000,1.0000,102,nie
124567_poprawny_L2A_class,minimum distance,GMM,73.6352,73.6352,0.0000,0,0,1.0000,1.0000,102,nie
124567_poprawny_L2A_class,minimum distance,OneClassSVM,73.6352,73.6352,0.0000,0,0,1.0000,1.0000,102,nie
124567_poprawny_L2A_class,minimum distance,Erosion,73.6352,74.0346,0.3995,6,9,0.6072,1.0000,102,nie
124567_poprawny_L2A_class,minimum distance,PCA,73.6352,74.0346,0.3995,44,47,0.8339,1.0000,102,nie
124567_poprawny_L2A_class,minimum distance,Percentile,73.6352,74.1678,0.5326,1,5,0.2188,1.0000,102,nie
124567_poprawny_L2A_class,minimum distance,IsolationForest,73.6352,73.7683,0.1332,0,1,1.0000,1.0000,102,nie
124567_poprawny_L2A_class,minimum distance,LOF,73.6352,73.7683,0.1332,0,1,1.0000,1.0000,102,nie
124567_poprawny_L2A_class,minimum distance,Mahalanobis,73.6352,73.6352,0.0000,1,1,1.0000,1.0000,102,nie
124567_poprawny_L2A_class,minimum distance,EllipticEnvelope,73.6352,73.5020,-0.1332,1,0,1.0000,1.0000,102,nie
124567_poprawny_L2A_class,minimum distance,PCA_Reconstruction,73.6352,73.6352,0.0000,0,0,1.0000,1.0000,102,nie
124567_poprawny_L2A_class,minimum distance,IQR,73.6352,73.1025,-0.5326,17,13,0.5839,1.0000,102,nie
124567_poprawny_L2A_class,minimum distance,Robust_Mahalanobis,73.6352,81.8908,8.2557,20,82,0.0000,0.0000,102,TAK
124567_poprawny_L2A_class,minimum distance,HotellingT2,73.6352,73.6352,0.0000,1,1,1.0000,1.0000,102,nie
124567_poprawny_L2A_class,minimum distance,kNN,73.6352,73.6352,0.0000,0,0,1.0000,1.0000,102,nie
124567_poprawny_L2A_class,minimum distance,Band_Z-score,73.6352,73.7683,0.1332,0,1,1.0000,1.0000,102,nie
124567_poprawny_L2A_class,minimum distance,MAD,73.6352,74.0346,0.3995,13,16,0.7103,1.0000,102,nie
124567_poprawny_L2A_class,minimum distance,SAM,73.6352,73.7683,0.1332,0,1,1.0000,1.0000,102,nie
124567_poprawny_L2A_roi,maximum likelihood,GMM,58.4554,57.6565,-0.7989,10,4,0.1796,1.0000,102,nie
124567_poprawny_L2A_roi,maximum likelihood,Mahalanobis,58.4554,59.3875,0.9321,11,18,0.2652,1.0000,102,nie
124567_poprawny_L2A_roi,maximum likelihood,IsolationForest,58.4554,58.0559,-0.3995,6,3,0.5078,1.0000,102,nie
124567_poprawny_L2A_roi,maximum likelihood,PCA_Reconstruction,58.4554,58.1891,-0.2663,8,6,0.7905,1.0000,102,nie
124567_poprawny_L2A_roi,maximum likelihood,Robust_Mahalanobis,58.4554,58.8549,0.3995,59,62,0.8557,1.0000,102,nie
124567_poprawny_L2A_roi,maximum likelihood,SAM,58.4554,58.1891,-0.2663,6,4,0.7539,1.0000,102,nie
124567_poprawny_L2A_roi,maximum likelihood,HotellingT2,58.4554,59.3875,0.9321,10,17,0.2482,1.0000,102,nie
124567_poprawny_L2A_roi,maximum likelihood,MAD,58.4554,56.0586,-2.3968,33,15,0.0141,1.0000,102,nie
124567_poprawny_L2A_roi,maximum likelihood,IQR,58.4554,59.1212,0.6658,26,31,0.5962,1.0000,102,nie
124567_poprawny_L2A_roi,maximum likelihood,EllipticEnvelope,58.4554,58.9880,0.5326,5,9,0.4240,1.0000,102,nie
124567_poprawny_L2A_roi,maximum likelihood,OneClassSVM,58.4554,57.7896,-0.6658,14,9,0.4049,1.0000,102,nie
124567_poprawny_L2A_roi,maximum likelihood,LOF,58.4554,57.5233,-0.9321,11,4,0.1185,1.0000,102,nie
124567_poprawny_L2A_roi,maximum likelihood,Erosion,58.4554,52.0639,-6.3915,66,18,0.0000,0.0000,102,TAK
124567_poprawny_L2A_roi,maximum likelihood,kNN,58.4554,57.5233,-0.9321,12,5,0.1435,1.0000,102,nie
124567_poprawny_L2A_roi,maximum likelihood,PCA,58.4554,59.9201,1.4647,56,67,0.3672,1.0000,102,nie
124567_poprawny_L2A_roi,maximum likelihood,Percentile,58.4554,59.5206,1.0652,9,17,0.1698,1.0000,102,nie
124567_poprawny_L2A_roi,maximum likelihood,Band_Z-score,58.4554,58.5885,0.1332,15,16,1.0000,1.0000,102,nie
124567_poprawny_L2A_roi,random forest,GMM,73.5020,70.1731,-3.3289,35,10,0.0003,0.0322,102,TAK
124567_poprawny_L2A_roi,random forest,Robust_Mahalanobis,73.5020,72.3036,-1.1984,39,30,0.3355,1.0000,102,nie
124567_poprawny_L2A_roi,random forest,Mahalanobis,73.5020,71.9041,-1.5979,22,10,0.0518,1.0000,102,nie
124567_poprawny_L2A_roi,random forest,OneClassSVM,73.5020,74.4341,0.9321,26,33,0.4347,1.0000,102,nie
124567_poprawny_L2A_roi,random forest,PCA,73.5020,70.7057,-2.7963,59,38,0.0423,1.0000,102,nie
124567_poprawny_L2A_roi,random forest,SAM,73.5020,70.8389,-2.6631,31,11,0.0034,0.3033,102,nie
124567_poprawny_L2A_roi,random forest,EllipticEnvelope,73.5020,71.1052,-2.3968,26,8,0.0036,0.3161,102,nie
124567_poprawny_L2A_roi,random forest,kNN,73.5020,71.5047,-1.9973,22,7,0.0093,0.8117,102,nie
124567_poprawny_L2A_roi,random forest,LOF,73.5020,70.8389,-2.6631,27,7,0.0011,0.1019,102,nie
124567_poprawny_L2A_roi,random forest,Percentile,73.5020,71.7710,-1.7310,25,12,0.0485,1.0000,102,nie
124567_poprawny_L2A_roi,random forest,IQR,73.5020,71.9041,-1.5979,38,26,0.1691,1.0000,102,nie
124567_poprawny_L2A_roi,random forest,Erosion,73.5020,71.6378,-1.8642,38,24,0.0987,1.0000,102,nie
124567_poprawny_L2A_roi,random forest,PCA_Reconstruction,73.5020,71.7710,-1.7310,21,8,0.0259,1.0000,102,nie
124567_poprawny_L2A_roi,random forest,Band_Z-score,73.5020,71.9041,-1.5979,20,8,0.0376,1.0000,102,nie
124567_poprawny_L2A_roi,random forest,IsolationForest,73.5020,71.3715,-2.1305,24,8,0.0080,0.7049,102,nie
124567_poprawny_L2A_roi,random forest,MAD,73.5020,70.9720,-2.5300,39,20,0.0191,1.0000,102,nie
124567_poprawny_L2A_roi,random forest,HotellingT2,73.5020,71.9041,-1.5979,24,12,0.0668,1.0000,102,nie
124567_poprawny_L2A_roi,multi-layer perceptron,Mahalanobis,64.4474,67.5100,3.0626,32,55,0.0183,1.0000,102,nie
124567_poprawny_L2A_roi,multi-layer perceptron,Band_Z-score,64.4474,69.3742,4.9268,26,63,0.0001,0.0130,102,TAK
124567_poprawny_L2A_roi,multi-layer perceptron,EllipticEnvelope,64.4474,62.3169,-2.1305,50,34,0.1017,1.0000,102,nie
124567_poprawny_L2A_roi,multi-layer perceptron,SAM,64.4474,66.9774,2.5300,46,65,0.0875,1.0000,102,nie
124567_poprawny_L2A_roi,multi-layer perceptron,PCA_Reconstruction,64.4474,73.9015,9.4541,23,94,0.0000,0.0000,102,TAK
124567_poprawny_L2A_roi,multi-layer perceptron,IQR,64.4474,67.1105,2.6631,20,40,0.0142,1.0000,102,nie
124567_poprawny_L2A_roi,multi-layer perceptron,MAD,64.4474,69.1079,4.6605,23,58,0.0002,0.0150,102,TAK
124567_poprawny_L2A_roi,multi-layer perceptron,kNN,64.4474,65.1132,0.6658,31,36,0.6251,1.0000,102,nie
124567_poprawny_L2A_roi,multi-layer perceptron,LOF,64.4474,66.5779,2.1305,60,76,0.1984,1.0000,102,nie
124567_poprawny_L2A_roi,multi-layer perceptron,HotellingT2,64.4474,67.7763,3.3289,13,38,0.0008,0.0715,102,nie
124567_poprawny_L2A_roi,multi-layer perceptron,Robust_Mahalanobis,64.4474,72.0373,7.5899,30,87,0.0000,0.0000,102,TAK
124567_poprawny_L2A_roi,multi-layer perceptron,Erosion,64.4474,70.4394,5.9920,35,80,0.0000,0.0040,102,TAK
124567_poprawny_L2A_roi,multi-layer perceptron,IsolationForest,64.4474,70.4394,5.9920,20,65,0.0000,0.0002,102,TAK
124567_poprawny_L2A_roi,multi-layer perceptron,Percentile,64.4474,70.9720,6.5246,23,72,0.0000,0.0001,102,TAK
124567_poprawny_L2A_roi,multi-layer perceptron,OneClassSVM,64.4474,67.7763,3.3289,9,34,0.0003,0.0237,102,TAK
124567_poprawny_L2A_roi,multi-layer perceptron,GMM,64.4474,65.9121,1.4647,13,24,0.1002,1.0000,102,nie
124567_poprawny_L2A_roi,multi-layer perceptron,PCA,64.4474,67.1105,2.6631,34,54,0.0428,1.0000,102,nie
124567_poprawny_L2A_roi,support vector machine,MAD,75.2330,74.9667,-0.2663,15,13,0.8501,1.0000,102,nie
124567_poprawny_L2A_roi,support vector machine,IQR,75.2330,76.1651,0.9321,9,16,0.2301,1.0000,102,nie
124567_poprawny_L2A_roi,support vector machine,SAM,75.2330,75.0999,-0.1332,6,5,1.0000,1.0000,102,nie
124567_poprawny_L2A_roi,support vector machine,PCA_Reconstruction,75.2330,75.4993,0.2663,5,7,0.7744,1.0000,102,nie
124567_poprawny_L2A_roi,support vector machine,Mahalanobis,75.2330,75.4993,0.2663,5,7,0.7744,1.0000,102,nie
124567_poprawny_L2A_roi,support vector machine,EllipticEnvelope,75.2330,75.4993,0.2663,3,5,0.7266,1.0000,102,nie
124567_poprawny_L2A_roi,support vector machine,Band_Z-score,75.2330,75.4993,0.2663,6,8,0.7905,1.0000,102,nie
124567_poprawny_L2A_roi,support vector machine,OneClassSVM,75.2330,75.6325,0.3995,7,10,0.6291,1.0000,102,nie
124567_poprawny_L2A_roi,support vector machine,GMM,75.2330,75.4993,0.2663,4,6,0.7539,1.0000,102,nie
124567_poprawny_L2A_roi,support vector machine,PCA,75.2330,76.0320,0.7989,21,27,0.4705,1.0000,102,nie
124567_poprawny_L2A_roi,support vector machine,Percentile,75.2330,75.8988,0.6658,6,11,0.3323,1.0000,102,nie
124567_poprawny_L2A_roi,support vector machine,Erosion,75.2330,73.7683,-1.4647,18,7,0.0455,1.0000,102,nie
124567_poprawny_L2A_roi,support vector machine,IsolationForest,75.2330,75.2330,0.0000,4,4,1.0000,1.0000,102,nie
124567_poprawny_L2A_roi,support vector machine,HotellingT2,75.2330,75.8988,0.6658,4,9,0.2668,1.0000,102,nie
124567_poprawny_L2A_roi,support vector machine,LOF,75.2330,74.9667,-0.2663,8,6,0.7905,1.0000,102,nie
124567_poprawny_L2A_roi,support vector machine,kNN,75.2330,75.2330,0.0000,5,5,1.0000,1.0000,102,nie
124567_poprawny_L2A_roi,support vector machine,Robust_Mahalanobis,75.2330,74.1678,-1.0652,16,8,0.1516,1.0000,102,nie
124567_poprawny_L2A_roi,spectral angle mapping,PCA_Reconstruction,71.7710,71.6378,-0.1332,1,0,1.0000,1.0000,102,nie
124567_poprawny_L2A_roi,spectral angle mapping,SAM,71.7710,71.9041,0.1332,0,1,1.0000,1.0000,102,nie
124567_poprawny_L2A_roi,spectral angle mapping,EllipticEnvelope,71.7710,71.9041,0.1332,0,1,1.0000,1.0000,102,nie
124567_poprawny_L2A_roi,spectral angle mapping,Band_Z-score,71.7710,71.7710,0.0000,1,1,1.0000,1.0000,102,nie
124567_poprawny_L2A_roi,spectral angle mapping,Mahalanobis,71.7710,71.9041,0.1332,1,2,1.0000,1.0000,102,nie
124567_poprawny_L2A_roi,spectral angle mapping,MAD,71.7710,72.0373,0.2663,6,8,0.7905,1.0000,102,nie
124567_poprawny_L2A_roi,spectral angle mapping,IQR,71.7710,72.3036,0.5326,4,8,0.3877,1.0000,102,nie
124567_poprawny_L2A_roi,spectral angle mapping,IsolationForest,71.7710,72.0373,0.2663,0,2,0.5000,1.0000,102,nie
124567_poprawny_L2A_roi,spectral angle mapping,Erosion,71.7710,72.4368,0.6658,4,9,0.2668,1.0000,102,nie
124567_poprawny_L2A_roi,spectral angle mapping,Robust_Mahalanobis,71.7710,71.5047,-0.2663,10,8,0.8145,1.0000,102,nie
124567_poprawny_L2A_roi,spectral angle mapping,HotellingT2,71.7710,71.9041,0.1332,1,2,1.0000,1.0000,102,nie
124567_poprawny_L2A_roi,spectral angle mapping,kNN,71.7710,72.0373,0.2663,0,2,0.5000,1.0000,102,nie
124567_poprawny_L2A_roi,spectral angle mapping,LOF,71.7710,71.9041,0.1332,0,1,1.0000,1.0000,102,nie
124567_poprawny_L2A_roi,spectral angle mapping,PCA,71.7710,72.3036,0.5326,13,17,0.5839,1.0000,102,nie
124567_poprawny_L2A_roi,spectral angle mapping,GMM,71.7710,71.6378,-0.1332,1,0,1.0000,1.0000,102,nie
124567_poprawny_L2A_roi,spectral angle mapping,OneClassSVM,71.7710,72.1704,0.3995,1,4,0.3750,1.0000,102,nie
124567_poprawny_L2A_roi,spectral angle mapping,Percentile,71.7710,72.0373,0.2663,0,2,0.5000,1.0000,102,nie
124567_poprawny_L2A_roi,minimum distance,GMM,73.6352,73.7683,0.1332,0,1,1.0000,1.0000,102,nie
124567_poprawny_L2A_roi,minimum distance,OneClassSVM,73.6352,74.0346,0.3995,1,4,0.3750,1.0000,102,nie
124567_poprawny_L2A_roi,minimum distance,Erosion,73.6352,74.0346,0.3995,6,9,0.6072,1.0000,102,nie
124567_poprawny_L2A_roi,minimum distance,PCA,73.6352,74.0346,0.3995,5,8,0.5811,1.0000,102,nie
124567_poprawny_L2A_roi,minimum distance,Percentile,73.6352,73.9015,0.2663,0,2,0.5000,1.0000,102,nie
124567_poprawny_L2A_roi,minimum distance,IsolationForest,73.6352,73.6352,0.0000,0,0,1.0000,1.0000,102,nie
124567_poprawny_L2A_roi,minimum distance,LOF,73.6352,73.6352,0.0000,0,0,1.0000,1.0000,102,nie
124567_poprawny_L2A_roi,minimum distance,Mahalanobis,73.6352,73.6352,0.0000,0,0,1.0000,1.0000,102,nie
124567_poprawny_L2A_roi,minimum distance,EllipticEnvelope,73.6352,73.6352,0.0000,0,0,1.0000,1.0000,102,nie
124567_poprawny_L2A_roi,minimum distance,PCA_Reconstruction,73.6352,73.6352,0.0000,1,1,1.0000,1.0000,102,nie
124567_poprawny_L2A_roi,minimum distance,IQR,73.6352,73.9015,0.2663,0,2,0.5000,1.0000,102,nie
124567_poprawny_L2A_roi,minimum distance,Robust_Mahalanobis,73.6352,74.1678,0.5326,1,5,0.2188,1.0000,102,nie
124567_poprawny_L2A_roi,minimum distance,HotellingT2,73.6352,73.6352,0.0000,0,0,1.0000,1.0000,102,nie
124567_poprawny_L2A_roi,minimum distance,kNN,73.6352,73.7683,0.1332,0,1,1.0000,1.0000,102,nie
124567_poprawny_L2A_roi,minimum distance,Band_Z-score,73.6352,73.6352,0.0000,0,0,1.0000,1.0000,102,nie
124567_poprawny_L2A_roi,minimum distance,MAD,73.6352,74.0346,0.3995,0,3,0.2500,1.0000,102,nie
124567_poprawny_L2A_roi,minimum distance,SAM,73.6352,73.7683,0.1332,0,1,1.0000,1.0000,102,nie
124567_zbledami_L1C_class,maximum likelihood,GMM,44.3409,44.2077,-0.1332,10,9,1.0000,1.0000,102,nie
124567_zbledami_L1C_class,maximum likelihood,Mahalanobis,44.3409,46.0719,1.7310,22,35,0.1120,1.0000,102,nie
124567_zbledami_L1C_class,maximum likelihood,IsolationForest,44.3409,44.7403,0.3995,9,12,0.6636,1.0000,102,nie
124567_zbledami_L1C_class,maximum likelihood,PCA_Reconstruction,44.3409,44.3409,0.0000,7,7,1.0000,1.0000,102,nie
124567_zbledami_L1C_class,maximum likelihood,Robust_Mahalanobis,44.3409,54.8602,10.5193,43,122,0.0000,0.0000,102,TAK
124567_zbledami_L1C_class,maximum likelihood,SAM,44.3409,45.6724,1.3316,9,19,0.0890,1.0000,102,nie
124567_zbledami_L1C_class,maximum likelihood,HotellingT2,44.3409,47.2703,2.9294,26,48,0.0146,0.8930,102,nie
124567_zbledami_L1C_class,maximum likelihood,MAD,44.3409,44.3409,0.0000,30,30,0.8973,1.0000,102,nie
124567_zbledami_L1C_class,maximum likelihood,IQR,44.3409,43.1425,-1.1984,60,51,0.4477,1.0000,102,nie
124567_zbledami_L1C_class,maximum likelihood,EllipticEnvelope,44.3409,44.6072,0.2663,10,12,0.8318,1.0000,102,nie
124567_zbledami_L1C_class,maximum likelihood,OneClassSVM,44.3409,44.8735,0.5326,7,11,0.4807,1.0000,102,nie
124567_zbledami_L1C_class,maximum likelihood,LOF,44.3409,45.2730,0.9321,6,13,0.1671,1.0000,102,nie
124567_zbledami_L1C_class,maximum likelihood,Erosion,44.3409,44.3409,0.0000,35,35,0.9049,1.0000,102,nie
124567_zbledami_L1C_class,maximum likelihood,kNN,44.3409,43.9414,-0.3995,10,7,0.6291,1.0000,102,nie
124567_zbledami_L1C_class,maximum likelihood,PCA,44.3409,10.5193,-33.8216,260,6,0.0000,0.0000,102,TAK
124567_zbledami_L1C_class,maximum likelihood,Percentile,44.3409,47.9361,3.5952,6,33,0.0000,0.0027,102,TAK
124567_zbledami_L1C_class,maximum likelihood,Band_Z-score,44.3409,44.6072,0.2663,21,23,0.8802,1.0000,102,nie
124567_zbledami_L1C_class,random forest,GMM,39.5473,41.9441,2.3968,21,39,0.0282,1.0000,102,nie
124567_zbledami_L1C_class,random forest,Robust_Mahalanobis,39.5473,46.3382,6.7909,32,83,0.0000,0.0003,102,TAK
124567_zbledami_L1C_class,random forest,Mahalanobis,39.5473,43.4088,3.8615,32,61,0.0037,0.2583,102,nie
124567_zbledami_L1C_class,random forest,OneClassSVM,39.5473,42.2104,2.6631,19,39,0.0126,0.8065,102,nie
124567_zbledami_L1C_class,random forest,PCA,39.5473,45.9387,6.3915,23,71,0.0000,0.0001,102,TAK
124567_zbledami_L1C_class,random forest,SAM,39.5473,42.2104,2.6631,19,39,0.0126,0.8065,102,nie
124567_zbledami_L1C_class,random forest,EllipticEnvelope,39.5473,42.4767,2.9294,15,37,0.0036,0.2548,102,nie
124567_zbledami_L1C_class,random forest,kNN,39.5473,41.0120,1.4647,28,39,0.2218,1.0000,102,nie
124567_zbledami_L1C_class,random forest,LOF,39.5473,41.4115,1.8642,18,32,0.0660,1.0000,102,nie
124567_zbledami_L1C_class,random forest,Percentile,39.5473,43.0093,3.4621,31,57,0.0077,0.5056,102,nie
124567_zbledami_L1C_class,random forest,IQR,39.5473,44.2077,4.6605,32,67,0.0006,0.0468,102,TAK
124567_zbledami_L1C_class,random forest,Erosion,39.5473,44.3409,4.7936,44,80,0.0017,0.1220,102,nie
124567_zbledami_L1C_class,random forest,PCA_Reconstruction,39.5473,41.6778,2.1305,24,40,0.0608,1.0000,102,nie
124567_zbledami_L1C_class,random forest,Band_Z-score,39.5473,44.3409,4.7936,20,56,0.0001,0.0050,102,TAK
124567_zbledami_L1C_class,random forest,IsolationForest,39.5473,43.6751,4.1278,13,44,0.0001,0.0058,102,TAK
124567_zbledami_L1C_class,random forest,MAD,39.5473,58.1891,18.6418,20,160,0.0000,0.0000,102,TAK
124567_zbledami_L1C_class,random forest,HotellingT2,39.5473,43.6751,4.1278,17,48,0.0002,0.0159,102,TAK
124567_zbledami_L1C_class,multi-layer perceptron,Mahalanobis,80.1598,73.3688,-6.7909,108,57,0.0001,0.0080,102,TAK
124567_zbledami_L1C_class,multi-layer perceptron,Band_Z-score,80.1598,77.4967,-2.6631,78,58,0.1033,1.0000,102,nie
124567_zbledami_L1C_class,multi-layer perceptron,EllipticEnvelope,80.1598,73.7683,-6.3915,76,28,0.0000,0.0004,102,TAK
124567_zbledami_L1C_class,multi-layer perceptron,SAM,80.1598,76.8309,-3.3289,53,28,0.0077,0.5056,102,nie
124567_zbledami_L1C_class,multi-layer perceptron,PCA_Reconstruction,80.1598,69.1079,-11.0519,103,20,0.0000,0.0000,102,TAK
124567_zbledami_L1C_class,multi-layer perceptron,IQR,80.1598,78.5619,-1.5979,59,47,0.2853,1.0000,102,nie
124567_zbledami_L1C_class,multi-layer perceptron,MAD,80.1598,78.9614,-1.1984,34,25,0.2976,1.0000,102,nie
124567_zbledami_L1C_class,multi-layer perceptron,kNN,80.1598,57.2570,-22.9028,203,31,0.0000,0.0000,102,TAK
124567_zbledami_L1C_class,multi-layer perceptron,LOF,80.1598,73.6352,-6.5246,97,48,0.0001,0.0056,102,TAK
124567_zbledami_L1C_class,multi-layer perceptron,HotellingT2,80.1598,76.0320,-4.1278,53,22,0.0005,0.0404,102,TAK
124567_zbledami_L1C_class,multi-layer perceptron,Robust_Mahalanobis,80.1598,67.1105,-13.0493,161,63,0.0000,0.0000,102,TAK
124567_zbledami_L1C_class,multi-layer perceptron,Erosion,80.1598,72.3036,-7.8562,98,39,0.0000,0.0001,102,TAK
124567_zbledami_L1C_class,multi-layer perceptron,IsolationForest,80.1598,75.4993,-4.6605,60,25,0.0002,0.0179,102,TAK
124567_zbledami_L1C_class,multi-layer perceptron,Percentile,80.1598,72.7031,-7.4567,86,30,0.0000,0.0000,102,TAK
124567_zbledami_L1C_class,multi-layer perceptron,OneClassSVM,80.1598,76.5646,-3.5952,69,42,0.0136,0.8428,102,nie
124567_zbledami_L1C_class,multi-layer perceptron,GMM,80.1598,66.3116,-13.8482,118,14,0.0000,0.0000,102,TAK
124567_zbledami_L1C_class,multi-layer perceptron,PCA,80.1598,67.3768,-12.7830,153,57,0.0000,0.0000,102,TAK
124567_zbledami_L1C_class,support vector machine,MAD,82.8229,83.6218,0.7989,11,17,0.3447,1.0000,102,nie
124567_zbledami_L1C_class,support vector machine,IQR,82.8229,85.3529,2.5300,10,29,0.0039,0.2724,102,nie
124567_zbledami_L1C_class,support vector machine,SAM,82.8229,82.9561,0.1332,4,5,1.0000,1.0000,102,nie
124567_zbledami_L1C_class,support vector machine,PCA_Reconstruction,82.8229,83.2224,0.3995,4,7,0.5488,1.0000,102,nie
124567_zbledami_L1C_class,support vector machine,Mahalanobis,82.8229,83.2224,0.3995,19,22,0.7548,1.0000,102,nie
124567_zbledami_L1C_class,support vector machine,EllipticEnvelope,82.8229,82.8229,0.0000,3,3,1.0000,1.0000,102,nie
124567_zbledami_L1C_class,support vector machine,Band_Z-score,82.8229,82.9561,0.1332,10,11,1.0000,1.0000,102,nie
124567_zbledami_L1C_class,support vector machine,OneClassSVM,82.8229,82.8229,0.0000,5,5,1.0000,1.0000,102,nie
124567_zbledami_L1C_class,support vector machine,GMM,82.8229,83.0892,0.2663,3,5,0.7266,1.0000,102,nie
124567_zbledami_L1C_class,support vector machine,PCA,82.8229,81.7577,-1.0652,29,21,0.3222,1.0000,102,nie
124567_zbledami_L1C_class,support vector machine,Percentile,82.8229,83.7550,0.9321,7,14,0.1892,1.0000,102,nie
124567_zbledami_L1C_class,support vector machine,Erosion,82.8229,83.0892,0.2663,12,14,0.8445,1.0000,102,nie
124567_zbledami_L1C_class,support vector machine,IsolationForest,82.8229,82.9561,0.1332,3,4,1.0000,1.0000,102,nie
124567_zbledami_L1C_class,support vector machine,HotellingT2,82.8229,83.4887,0.6658,18,23,0.5322,1.0000,102,nie
124567_zbledami_L1C_class,support vector machine,LOF,82.8229,82.6897,-0.1332,5,4,1.0000,1.0000,102,nie
124567_zbledami_L1C_class,support vector machine,kNN,82.8229,82.8229,0.0000,4,4,1.0000,1.0000,102,nie
124567_zbledami_L1C_class,support vector machine,Robust_Mahalanobis,82.8229,76.1651,-6.6578,63,13,0.0000,0.0000,102,TAK
124567_zbledami_L1C_class,spectral angle mapping,PCA_Reconstruction,81.7577,80.8256,-0.9321,9,2,0.0654,1.0000,102,nie
124567_zbledami_L1C_class,spectral angle mapping,SAM,81.7577,81.2250,-0.5326,7,3,0.3438,1.0000,102,nie
124567_zbledami_L1C_class,spectral angle mapping,EllipticEnvelope,81.7577,80.5593,-1.1984,13,4,0.0490,1.0000,102,nie
124567_zbledami_L1C_class,spectral angle mapping,Band_Z-score,81.7577,81.4913,-0.2663,8,6,0.7905,1.0000,102,nie
124567_zbledami_L1C_class,spectral angle mapping,Mahalanobis,81.7577,77.8961,-3.8615,37,8,0.0000,0.0026,102,TAK
124567_zbledami_L1C_class,spectral angle mapping,MAD,81.7577,81.8908,0.1332,10,11,1.0000,1.0000,102,nie
124567_zbledami_L1C_class,spectral angle mapping,IQR,81.7577,81.6245,-0.1332,16,15,1.0000,1.0000,102,nie
124567_zbledami_L1C_class,spectral angle mapping,IsolationForest,81.7577,81.4913,-0.2663,6,4,0.7539,1.0000,102,nie
124567_zbledami_L1C_class,spectral angle mapping,Erosion,81.7577,78.2956,-3.4621,36,10,0.0002,0.0179,102,TAK
124567_zbledami_L1C_class,spectral angle mapping,Robust_Mahalanobis,81.7577,78.1625,-3.5952,42,15,0.0006,0.0430,102,TAK
124567_zbledami_L1C_class,spectral angle mapping,HotellingT2,81.7577,77.7630,-3.9947,38,8,0.0000,0.0017,102,TAK
124567_zbledami_L1C_class,spectral angle mapping,kNN,81.7577,80.9587,-0.7989,12,6,0.2379,1.0000,102,nie
124567_zbledami_L1C_class,spectral angle mapping,LOF,81.7577,80.4261,-1.3316,11,1,0.0063,0.4253,102,nie
124567_zbledami_L1C_class,spectral angle mapping,PCA,81.7577,78.4288,-3.3289,35,10,0.0003,0.0267,102,TAK
124567_zbledami_L1C_class,spectral angle mapping,GMM,81.7577,81.0919,-0.6658,8,3,0.2266,1.0000,102,nie
124567_zbledami_L1C_class,spectral angle mapping,OneClassSVM,81.7577,81.7577,0.0000,4,4,1.0000,1.0000,102,nie
124567_zbledami_L1C_class,spectral angle mapping,Percentile,81.7577,80.4261,-1.3316,14,4,0.0309,1.0000,102,nie
124567_zbledami_L1C_class,minimum distance,GMM,80.1598,79.4940,-0.6658,8,3,0.2266,1.0000,102,nie
124567_zbledami_L1C_class,minimum distance,OneClassSVM,80.1598,80.0266,-0.1332,3,2,1.0000,1.0000,102,nie
124567_zbledami_L1C_class,minimum distance,Erosion,80.1598,77.2304,-2.9294,24,2,0.0000,0.0032,102,TAK
124567_zbledami_L1C_class,minimum distance,PCA,80.1598,79.6272,-0.5326,29,25,0.6831,1.0000,102,nie
124567_zbledami_L1C_class,minimum distance,Percentile,80.1598,78.9614,-1.1984,11,2,0.0225,1.0000,102,nie
124567_zbledami_L1C_class,minimum distance,IsolationForest,80.1598,79.6272,-0.5326,5,1,0.2188,1.0000,102,nie
124567_zbledami_L1C_class,minimum distance,LOF,80.1598,80.0266,-0.1332,2,1,1.0000,1.0000,102,nie
124567_zbledami_L1C_class,minimum distance,Mahalanobis,80.1598,78.2956,-1.8642,18,4,0.0043,0.2954,102,nie
124567_zbledami_L1C_class,minimum distance,EllipticEnvelope,80.1598,79.6272,-0.5326,8,4,0.3877,1.0000,102,nie
124567_zbledami_L1C_class,minimum distance,PCA_Reconstruction,80.1598,79.8935,-0.2663,6,4,0.7539,1.0000,102,nie
124567_zbledami_L1C_class,minimum distance,IQR,80.1598,82.0240,1.8642,18,32,0.0660,1.0000,102,nie
124567_zbledami_L1C_class,minimum distance,Robust_Mahalanobis,80.1598,77.8961,-2.2636,37,20,0.0341,1.0000,102,nie
124567_zbledami_L1C_class,minimum distance,HotellingT2,80.1598,78.1625,-1.9973,19,4,0.0026,0.1872,102,nie
124567_zbledami_L1C_class,minimum distance,kNN,80.1598,79.6272,-0.5326,7,3,0.3438,1.0000,102,nie
124567_zbledami_L1C_class,minimum distance,Band_Z-score,80.1598,79.3609,-0.7989,8,2,0.1094,1.0000,102,nie
124567_zbledami_L1C_class,minimum distance,MAD,80.1598,80.4261,0.2663,17,19,0.8676,1.0000,102,nie
124567_zbledami_L1C_class,minimum distance,SAM,80.1598,79.6272,-0.5326,5,1,0.2188,1.0000,102,nie
124567_zbledami_L1C_roi,maximum likelihood,GMM,44.3409,45.4061,1.0652,5,13,0.0963,1.0000,102,nie
124567_zbledami_L1C_roi,maximum likelihood,Mahalanobis,44.3409,44.2077,-0.1332,34,33,1.0000,1.0000,102,nie
124567_zbledami_L1C_roi,maximum likelihood,IsolationForest,44.3409,45.4061,1.0652,8,16,0.1516,1.0000,102,nie
124567_zbledami_L1C_roi,maximum likelihood,PCA_Reconstruction,44.3409,44.2077,-0.1332,8,7,1.0000,1.0000,102,nie
124567_zbledami_L1C_roi,maximum likelihood,Robust_Mahalanobis,44.3409,1.5979,-42.7430,327,6,0.0000,0.0000,102,TAK
124567_zbledami_L1C_roi,maximum likelihood,SAM,44.3409,45.9387,1.5979,5,17,0.0169,1.0000,102,nie
124567_zbledami_L1C_roi,maximum likelihood,HotellingT2,44.3409,44.0746,-0.2663,31,29,0.8973,1.0000,102,nie
124567_zbledami_L1C_roi,maximum likelihood,MAD,44.3409,9.5872,-34.7537,304,43,0.0000,0.0000,102,TAK
124567_zbledami_L1C_roi,maximum likelihood,IQR,44.3409,11.0519,-33.2889,253,3,0.0000,0.0000,102,TAK
124567_zbledami_L1C_roi,maximum likelihood,EllipticEnvelope,44.3409,44.4740,0.1332,13,14,1.0000,1.0000,102,nie
124567_zbledami_L1C_roi,maximum likelihood,OneClassSVM,44.3409,43.8083,-0.5326,14,10,0.5413,1.0000,102,nie
124567_zbledami_L1C_roi,maximum likelihood,LOF,44.3409,45.0067,0.6658,6,11,0.3323,1.0000,102,nie
124567_zbledami_L1C_roi,maximum likelihood,Erosion,44.3409,44.3409,0.0000,35,35,0.9049,1.0000,102,nie
124567_zbledami_L1C_roi,maximum likelihood,kNN,44.3409,44.7403,0.3995,11,14,0.6892,1.0000,102,nie
124567_zbledami_L1C_roi,maximum likelihood,PCA,44.3409,6.2583,-38.0826,301,15,0.0000,0.0000,102,TAK
124567_zbledami_L1C_roi,maximum likelihood,Percentile,44.3409,43.6751,-0.6658,18,13,0.4725,1.0000,102,nie
124567_zbledami_L1C_roi,maximum likelihood,Band_Z-score,44.3409,45.8056,1.4647,18,29,0.1447,1.0000,102,nie
124567_zbledami_L1C_roi,random forest,GMM,39.9467,42.6099,2.6631,17,37,0.0097,0.6902,102,nie
124567_zbledami_L1C_roi,random forest,Robust_Mahalanobis,39.9467,44.6072,4.6605,26,61,0.0003,0.0222,102,TAK
124567_zbledami_L1C_roi,random forest,Mahalanobis,39.9467,45.5393,5.5925,9,51,0.0000,0.0000,102,TAK
124567_zbledami_L1C_roi,random forest,OneClassSVM,39.9467,40.4794,0.5326,25,29,0.6831,1.0000,102,nie
124567_zbledami_L1C_roi,random forest,PCA,39.9467,42.4767,2.5300,53,72,0.1074,1.0000,102,nie
124567_zbledami_L1C_roi,random forest,SAM,39.9467,42.0772,2.1305,19,35,0.0412,1.0000,102,nie
124567_zbledami_L1C_roi,random forest,EllipticEnvelope,39.9467,43.1425,3.1957,16,40,0.0021,0.1608,102,nie
124567_zbledami_L1C_roi,random forest,kNN,39.9467,43.6751,3.7284,16,44,0.0005,0.0393,102,TAK
124567_zbledami_L1C_roi,random forest,LOF,39.9467,42.4767,2.5300,18,37,0.0152,0.9893,102,nie
124567_zbledami_L1C_roi,random forest,Percentile,39.9467,42.4767,2.5300,27,46,0.0351,1.0000,102,nie
124567_zbledami_L1C_roi,random forest,IQR,39.9467,44.4740,4.5273,24,58,0.0003,0.0222,102,TAK
124567_zbledami_L1C_roi,random forest,Erosion,39.9467,41.9441,1.9973,42,57,0.1594,1.0000,102,nie
124567_zbledami_L1C_roi,random forest,PCA_Reconstruction,39.9467,42.0772,2.1305,23,39,0.0568,1.0000,102,nie
124567_zbledami_L1C_roi,random forest,Band_Z-score,39.9467,43.2756,3.3289,20,45,0.0029,0.2155,102,nie
124567_zbledami_L1C_roi,random forest,IsolationForest,39.9467,42.6099,2.6631,20,40,0.0142,0.9353,102,nie
124567_zbledami_L1C_roi,random forest,MAD,39.9467,43.2756,3.3289,28,53,0.0077,0.5516,102,nie
124567_zbledami_L1C_roi,random forest,HotellingT2,39.9467,44.3409,4.3941,23,56,0.0003,0.0257,102,TAK
124567_zbledami_L1C_roi,multi-layer perceptron,Mahalanobis,76.0320,66.0453,-9.9867,128,53,0.0000,0.0000,102,TAK
124567_zbledami_L1C_roi,multi-layer perceptron,Band_Z-score,76.0320,77.2304,1.1984,16,25,0.2115,1.0000,102,nie
124567_zbledami_L1C_roi,multi-layer perceptron,EllipticEnvelope,76.0320,76.2983,0.2663,33,35,0.9035,1.0000,102,nie
124567_zbledami_L1C_roi,multi-layer perceptron,SAM,76.0320,67.2437,-8.7883,85,19,0.0000,0.0000,102,TAK
124567_zbledami_L1C_roi,multi-layer perceptron,PCA_Reconstruction,76.0320,74.0346,-1.9973,41,26,0.0872,1.0000,102,nie
124567_zbledami_L1C_roi,multi-layer perceptron,IQR,76.0320,82.1571,6.1252,24,70,0.0000,0.0003,102,TAK
124567_zbledami_L1C_roi,multi-layer perceptron,MAD,76.0320,75.8988,-0.1332,63,62,1.0000,1.0000,102,nie
124567_zbledami_L1C_roi,multi-layer perceptron,kNN,76.0320,77.0972,1.0652,22,30,0.3317,1.0000,102,nie
124567_zbledami_L1C_roi,multi-layer perceptron,LOF,76.0320,76.1651,0.1332,32,33,1.0000,1.0000,102,nie
124567_zbledami_L1C_roi,multi-layer perceptron,HotellingT2,76.0320,77.8961,1.8642,33,47,0.1461,1.0000,102,nie
124567_zbledami_L1C_roi,multi-layer perceptron,Robust_Mahalanobis,76.0320,77.6298,1.5979,39,51,0.2463,1.0000,102,nie
124567_zbledami_L1C_roi,multi-layer perceptron,Erosion,76.0320,78.1625,2.1305,32,48,0.0935,1.0000,102,nie
124567_zbledami_L1C_roi,multi-layer perceptron,IsolationForest,76.0320,69.7736,-6.2583,74,27,0.0000,0.0004,102,TAK
124567_zbledami_L1C_roi,multi-layer perceptron,Percentile,76.0320,74.9667,-1.0652,37,29,0.3889,1.0000,102,nie
124567_zbledami_L1C_roi,multi-layer perceptron,OneClassSVM,76.0320,78.8282,2.7963,27,48,0.0209,1.0000,102,nie
124567_zbledami_L1C_roi,multi-layer perceptron,GMM,76.0320,69.5073,-6.5246,56,7,0.0000,0.0000,102,TAK
124567_zbledami_L1C_roi,multi-layer perceptron,PCA,76.0320,74.3009,-1.7310,56,43,0.2278,1.0000,102,nie
124567_zbledami_L1C_roi,support vector machine,MAD,82.8229,79.6272,-3.1957,45,21,0.0046,0.3386,102,nie
124567_zbledami_L1C_roi,support vector machine,IQR,82.8229,83.7550,0.9321,24,31,0.4185,1.0000,102,nie
124567_zbledami_L1C_roi,support vector machine,SAM,82.8229,83.0892,0.2663,3,5,0.7266,1.0000,102,nie
124567_zbledami_L1C_roi,support vector machine,PCA_Reconstruction,82.8229,82.8229,0.0000,3,3,1.0000,1.0000,102,nie
124567_zbledami_L1C_roi,support vector machine,Mahalanobis,82.8229,82.9561,0.1332,13,14,1.0000,1.0000,102,nie
124567_zbledami_L1C_roi,support vector machine,EllipticEnvelope,82.8229,83.2224,0.3995,2,5,0.4531,1.0000,102,nie
124567_zbledami_L1C_roi,support vector machine,Band_Z-score,82.8229,82.9561,0.1332,9,10,1.0000,1.0000,102,nie
124567_zbledami_L1C_roi,support vector machine,OneClassSVM,82.8229,82.8229,0.0000,5,5,1.0000,1.0000,102,nie
124567_zbledami_L1C_roi,support vector machine,GMM,82.8229,82.9561,0.1332,1,2,1.0000,1.0000,102,nie
124567_zbledami_L1C_roi,support vector machine,PCA,82.8229,76.9640,-5.8589,64,20,0.0000,0.0003,102,TAK
124567_zbledami_L1C_roi,support vector machine,Percentile,82.8229,83.6218,0.7989,3,9,0.1460,1.0000,102,nie
124567_zbledami_L1C_roi,support vector machine,Erosion,82.8229,83.0892,0.2663,12,14,0.8445,1.0000,102,nie
124567_zbledami_L1C_roi,support vector machine,IsolationForest,82.8229,83.4887,0.6658,2,7,0.1797,1.0000,102,nie
124567_zbledami_L1C_roi,support vector machine,HotellingT2,82.8229,83.2224,0.3995,13,16,0.7103,1.0000,102,nie
124567_zbledami_L1C_roi,support vector machine,LOF,82.8229,82.6897,-0.1332,3,2,1.0000,1.0000,102,nie
124567_zbledami_L1C_roi,support vector machine,kNN,82.8229,83.2224,0.3995,2,5,0.4531,1.0000,102,nie
124567_zbledami_L1C_roi,support vector machine,Robust_Mahalanobis,82.8229,80.4261,-2.3968,38,20,0.0256,1.0000,102,nie
124567_zbledami_L1C_roi,spectral angle mapping,PCA_Reconstruction,81.7577,81.2250,-0.5326,6,2,0.2891,1.0000,102,nie
124567_zbledami_L1C_roi,spectral angle mapping,SAM,81.7577,80.4261,-1.3316,12,2,0.0129,0.8799,102,nie
124567_zbledami_L1C_roi,spectral angle mapping,EllipticEnvelope,81.7577,80.9587,-0.7989,9,3,0.1460,1.0000,102,nie
124567_zbledami_L1C_roi,spectral angle mapping,Band_Z-score,81.7577,79.0945,-2.6631,27,7,0.0011,0.0874,102,nie
124567_zbledami_L1C_roi,spectral angle mapping,Mahalanobis,81.7577,80.5593,-1.1984,21,12,0.1637,1.0000,102,nie
124567_zbledami_L1C_roi,spectral angle mapping,MAD,81.7577,77.8961,-3.8615,47,18,0.0005,0.0407,102,TAK
124567_zbledami_L1C_roi,spectral angle mapping,IQR,81.7577,79.4940,-2.2636,35,18,0.0280,1.0000,102,nie
124567_zbledami_L1C_roi,spectral angle mapping,IsolationForest,81.7577,80.4261,-1.3316,12,2,0.0129,0.8799,102,nie
124567_zbledami_L1C_roi,spectral angle mapping,Erosion,81.7577,78.2956,-3.4621,36,10,0.0002,0.0191,102,TAK
124567_zbledami_L1C_roi,spectral angle mapping,Robust_Mahalanobis,81.7577,76.2983,-5.4594,57,16,0.0000,0.0003,102,TAK
124567_zbledami_L1C_roi,spectral angle mapping,HotellingT2,81.7577,80.8256,-0.9321,20,13,0.2963,1.0000,102,nie
124567_zbledami_L1C_roi,spectral angle mapping,kNN,81.7577,80.5593,-1.1984,11,2,0.0225,1.0000,102,nie
124567_zbledami_L1C_roi,spectral angle mapping,LOF,81.7577,80.5593,-1.1984,10,1,0.0117,0.8203,102,nie
124567_zbledami_L1C_roi,spectral angle mapping,PCA,81.7577,74.7004,-7.0573,72,19,0.0000,0.0000,102,TAK
124567_zbledami_L1C_roi,spectral angle mapping,GMM,81.7577,80.5593,-1.1984,10,1,0.0117,0.8203,102,nie
124567_zbledami_L1C_roi,spectral angle mapping,OneClassSVM,81.7577,80.8256,-0.9321,14,7,0.1892,1.0000,102,nie
124567_zbledami_L1C_roi,spectral angle mapping,Percentile,81.7577,80.1598,-1.5979,17,5,0.0169,1.0000,102,nie
124567_zbledami_L1C_roi,minimum distance,GMM,80.1598,80.1598,0.0000,3,3,1.0000,1.0000,102,nie
124567_zbledami_L1C_roi,minimum distance,OneClassSVM,80.1598,79.4940,-0.6658,7,2,0.1797,1.0000,102,nie
124567_zbledami_L1C_roi,minimum distance,Erosion,80.1598,77.2304,-2.9294,24,2,0.0000,0.0034,102,TAK
124567_zbledami_L1C_roi,minimum distance,PCA,80.1598,75.6325,-4.5273,52,18,0.0001,0.0069,102,TAK
124567_zbledami_L1C_roi,minimum distance,Percentile,80.1598,79.0945,-1.0652,10,2,0.0386,1.0000,102,nie
124567_zbledami_L1C_roi,minimum distance,IsolationForest,80.1598,79.6272,-0.5326,7,3,0.3438,1.0000,102,nie
124567_zbledami_L1C_roi,minimum distance,LOF,80.1598,80.2929,0.1332,3,4,1.0000,1.0000,102,nie
124567_zbledami_L1C_roi,minimum distance,Mahalanobis,80.1598,78.0293,-2.1305,16,0,0.0000,0.0027,102,TAK
124567_zbledami_L1C_roi,minimum distance,EllipticEnvelope,80.1598,79.8935,-0.2663,4,2,0.6875,1.0000,102,nie
124567_zbledami_L1C_roi,minimum distance,PCA_Reconstruction,80.1598,79.7603,-0.3995,5,2,0.4531,1.0000,102,nie
124567_zbledami_L1C_roi,minimum distance,IQR,80.1598,76.8309,-3.3289,32,7,0.0001,0.0103,102,TAK
124567_zbledami_L1C_roi,minimum distance,Robust_Mahalanobis,80.1598,77.8961,-2.2636,31,14,0.0171,1.0000,102,nie
124567_zbledami_L1C_roi,minimum distance,HotellingT2,80.1598,78.2956,-1.8642,16,2,0.0013,0.1010,102,nie
124567_zbledami_L1C_roi,minimum distance,kNN,80.1598,79.8935,-0.2663,5,3,0.7266,1.0000,102,nie
124567_zbledami_L1C_roi,minimum distance,Band_Z-score,80.1598,78.2956,-1.8642,17,3,0.0026,0.1933,102,nie
124567_zbledami_L1C_roi,minimum distance,MAD,80.1598,76.5646,-3.5952,35,8,0.0001,0.0064,102,TAK
124567_zbledami_L1C_roi,minimum distance,SAM,80.1598,79.6272,-0.5326,7,3,0.3438,1.0000,102,nie
124567_zbledami_L2A_class,maximum likelihood,GMM,60.4527,61.9174,1.4647,11,22,0.0817,1.0000,102,nie
124567_zbledami_L2A_class,maximum likelihood,Mahalanobis,60.4527,63.2490,2.7963,31,52,0.0281,1.0000,102,nie
124567_zbledami_L2A_class,maximum likelihood,IsolationForest,60.4527,62.4501,1.9973,11,26,0.0214,1.0000,102,nie
124567_zbledami_L2A_class,maximum likelihood,PCA_Reconstruction,60.4527,62.1838,1.7310,10,23,0.0367,1.0000,102,nie
124567_zbledami_L2A_class,maximum likelihood,Robust_Mahalanobis,60.4527,57.5233,-2.9294,116,94,0.1473,1.0000,102,nie
124567_zbledami_L2A_class,maximum likelihood,SAM,60.4527,63.3822,2.9294,11,33,0.0015,0.1330,102,nie
124567_zbledami_L2A_class,maximum likelihood,HotellingT2,60.4527,63.6485,3.1957,34,58,0.0165,1.0000,102,nie
124567_zbledami_L2A_class,maximum likelihood,MAD,60.4527,58.4554,-1.9973,44,29,0.1013,1.0000,102,nie
124567_zbledami_L2A_class,maximum likelihood,IQR,60.4527,49.4008,-11.0519,110,27,0.0000,0.0000,102,TAK
124567_zbledami_L2A_class,maximum likelihood,EllipticEnvelope,60.4527,63.7816,3.3289,6,31,0.0001,0.0072,102,TAK
124567_zbledami_L2A_class,maximum likelihood,OneClassSVM,60.4527,63.7816,3.3289,9,34,0.0003,0.0225,102,TAK
124567_zbledami_L2A_class,maximum likelihood,LOF,60.4527,63.2490,2.7963,2,23,0.0001,0.0058,102,TAK
124567_zbledami_L2A_class,maximum likelihood,Erosion,60.4527,60.3196,-0.1332,37,36,1.0000,1.0000,102,nie
124567_zbledami_L2A_class,maximum likelihood,kNN,60.4527,62.5832,2.1305,11,27,0.0150,1.0000,102,nie
124567_zbledami_L2A_class,maximum likelihood,PCA,60.4527,54.9933,-5.4594,87,46,0.0005,0.0461,102,TAK
124567_zbledami_L2A_class,maximum likelihood,Percentile,60.4527,64.8469,4.3941,15,48,0.0001,0.0052,102,TAK
124567_zbledami_L2A_class,maximum likelihood,Band_Z-score,60.4527,62.7164,2.2636,18,35,0.0280,1.0000,102,nie
124567_zbledami_L2A_class,random forest,GMM,77.0972,74.8336,-2.2636,53,36,0.0899,1.0000,102,nie
124567_zbledami_L2A_class,random forest,Robust_Mahalanobis,77.0972,70.5726,-6.5246,87,38,0.0000,0.0017,102,TAK
124567_zbledami_L2A_class,random forest,Mahalanobis,77.0972,79.0945,1.9973,40,55,0.1509,1.0000,102,nie
124567_zbledami_L2A_class,random forest,OneClassSVM,77.0972,76.5646,-0.5326,37,33,0.7199,1.0000,102,nie
124567_zbledami_L2A_class,random forest,PCA,77.0972,68.4421,-8.6551,111,46,0.0000,0.0000,102,TAK
124567_zbledami_L2A_class,random forest,SAM,77.0972,77.8961,0.7989,36,42,0.5713,1.0000,102,nie
124567_zbledami_L2A_class,random forest,EllipticEnvelope,77.0972,75.4993,-1.5979,38,26,0.1691,1.0000,102,nie
124567_zbledami_L2A_class,random forest,kNN,77.0972,76.5646,-0.5326,43,39,0.7404,1.0000,102,nie
124567_zbledami_L2A_class,random forest,LOF,77.0972,77.3635,0.2663,23,25,0.8852,1.0000,102,nie
124567_zbledami_L2A_class,random forest,Percentile,77.0972,78.2956,1.1984,39,48,0.3911,1.0000,102,nie
124567_zbledami_L2A_class,random forest,IQR,77.0972,79.2277,2.1305,48,64,0.1564,1.0000,102,nie
124567_zbledami_L2A_class,random forest,Erosion,77.0972,76.8309,-0.2663,54,52,0.9226,1.0000,102,nie
124567_zbledami_L2A_class,random forest,PCA_Reconstruction,77.0972,75.6325,-1.4647,36,25,0.2004,1.0000,102,nie
124567_zbledami_L2A_class,random forest,Band_Z-score,77.0972,74.5672,-2.5300,63,44,0.0818,1.0000,102,nie
124567_zbledami_L2A_class,random forest,IsolationForest,77.0972,73.6352,-3.4621,52,26,0.0046,0.3902,102,nie
124567_zbledami_L2A_class,random forest,MAD,77.0972,74.4341,-2.6631,64,44,0.0675,1.0000,102,nie
124567_zbledami_L2A_class,random forest,HotellingT2,77.0972,77.3635,0.2663,47,49,0.9187,1.0000,102,nie
124567_zbledami_L2A_class,multi-layer perceptron,Mahalanobis,67.2437,70.7057,3.4621,56,82,0.0333,1.0000,102,nie
124567_zbledami_L2A_class,multi-layer perceptron,Band_Z-score,67.2437,71.2383,3.9947,30,60,0.0022,0.1901,102,nie
124567_zbledami_L2A_class,multi-layer perceptron,EllipticEnvelope,67.2437,79.2277,11.9840,26,116,0.0000,0.0000,102,TAK
124567_zbledami_L2A_class,multi-layer perceptron,SAM,67.2437,72.0373,4.7936,25,61,0.0002,0.0145,102,TAK
124567_zbledami_L2A_class,multi-layer perceptron,PCA_Reconstruction,67.2437,70.1731,2.9294,17,39,0.0050,0.4160,102,nie
124567_zbledami_L2A_class,multi-layer perceptron,IQR,67.2437,64.7137,-2.5300,72,53,0.1074,1.0000,102,nie
124567_zbledami_L2A_class,multi-layer perceptron,MAD,67.2437,66.7111,-0.5326,68,64,0.7940,1.0000,102,nie
124567_zbledami_L2A_class,multi-layer perceptron,kNN,67.2437,77.2304,9.9867,17,92,0.0000,0.0000,102,TAK
124567_zbledami_L2A_class,multi-layer perceptron,LOF,67.2437,73.2357,5.9920,24,69,0.0000,0.0005,102,TAK
124567_zbledami_L2A_class,multi-layer perceptron,HotellingT2,67.2437,69.1079,1.8642,42,56,0.1891,1.0000,102,nie
124567_zbledami_L2A_class,multi-layer perceptron,Robust_Mahalanobis,67.2437,69.5073,2.2636,81,98,0.2317,1.0000,102,nie
124567_zbledami_L2A_class,multi-layer perceptron,Erosion,67.2437,75.3662,8.1225,33,94,0.0000,0.0000,102,TAK
124567_zbledami_L2A_class,multi-layer perceptron,IsolationForest,67.2437,70.0399,2.7963,33,54,0.0320,1.0000,102,nie
124567_zbledami_L2A_class,multi-layer perceptron,Percentile,67.2437,77.0972,9.8535,14,88,0.0000,0.0000,102,TAK
124567_zbledami_L2A_class,multi-layer perceptron,OneClassSVM,67.2437,77.2304,9.9867,29,104,0.0000,0.0000,102,TAK
124567_zbledami_L2A_class,multi-layer perceptron,GMM,67.2437,65.9121,-1.3316,40,30,0.2821,1.0000,102,nie
124567_zbledami_L2A_class,multi-layer perceptron,PCA,67.2437,66.3116,-0.9321,87,80,0.6424,1.0000,102,nie
124567_zbledami_L2A_class,support vector machine,MAD,82.4234,81.6245,-0.7989,25,19,0.4510,1.0000,102,nie
124567_zbledami_L2A_class,support vector machine,IQR,82.4234,83.7550,1.3316,18,28,0.1845,1.0000,102,nie
124567_zbledami_L2A_class,support vector machine,SAM,82.4234,82.5566,0.1332,8,9,1.0000,1.0000,102,nie
124567_zbledami_L2A_class,support vector machine,PCA_Reconstruction,82.4234,81.6245,-0.7989,13,7,0.2632,1.0000,102,nie
124567_zbledami_L2A_class,support vector machine,Mahalanobis,82.4234,82.9561,0.5326,20,24,0.6511,1.0000,102,nie
124567_zbledami_L2A_class,support vector machine,EllipticEnvelope,82.4234,83.2224,0.7989,3,9,0.1460,1.0000,102,nie
124567_zbledami_L2A_class,support vector machine,Band_Z-score,82.4234,81.7577,-0.6658,22,17,0.5218,1.0000,102,nie
124567_zbledami_L2A_class,support vector machine,OneClassSVM,82.4234,82.4234,0.0000,7,7,1.0000,1.0000,102,nie
124567_zbledami_L2A_class,support vector machine,GMM,82.4234,82.6897,0.2663,8,10,0.8145,1.0000,102,nie
124567_zbledami_L2A_class,support vector machine,PCA,82.4234,78.1625,-4.2610,60,28,0.0010,0.0827,102,nie
124567_zbledami_L2A_class,support vector machine,Percentile,82.4234,83.8881,1.4647,11,22,0.0817,1.0000,102,nie
124567_zbledami_L2A_class,support vector machine,Erosion,82.4234,81.7577,-0.6658,20,15,0.4990,1.0000,102,nie
124567_zbledami_L2A_class,support vector machine,IsolationForest,82.4234,82.6897,0.2663,6,8,0.7905,1.0000,102,nie
124567_zbledami_L2A_class,support vector machine,HotellingT2,82.4234,83.2224,0.7989,20,26,0.4610,1.0000,102,nie
124567_zbledami_L2A_class,support vector machine,LOF,82.4234,81.7577,-0.6658,5,0,0.0625,1.0000,102,nie
124567_zbledami_L2A_class,support vector machine,kNN,82.4234,82.6897,0.2663,7,9,0.8036,1.0000,102,nie
124567_zbledami_L2A_class,support vector machine,Robust_Mahalanobis,82.4234,81.0919,-1.3316,42,32,0.2955,1.0000,102,nie
124567_zbledami_L2A_class,spectral angle mapping,PCA_Reconstruction,74.7004,74.4341,-0.2663,8,6,0.7905,1.0000,102,nie
124567_zbledami_L2A_class,spectral angle mapping,SAM,74.7004,74.9667,0.2663,5,7,0.7744,1.0000,102,nie
124567_zbledami_L2A_class,spectral angle mapping,EllipticEnvelope,74.7004,74.1678,-0.5326,11,7,0.4807,1.0000,102,nie
124567_zbledami_L2A_class,spectral angle mapping,Band_Z-score,74.7004,75.4993,0.7989,9,15,0.3075,1.0000,102,nie
124567_zbledami_L2A_class,spectral angle mapping,Mahalanobis,74.7004,74.0346,-0.6658,18,13,0.4725,1.0000,102,nie
124567_zbledami_L2A_class,spectral angle mapping,MAD,74.7004,75.4993,0.7989,10,16,0.3268,1.0000,102,nie
124567_zbledami_L2A_class,spectral angle mapping,IQR,74.7004,75.7656,1.0652,13,21,0.2299,1.0000,102,nie
124567_zbledami_L2A_class,spectral angle mapping,IsolationForest,74.7004,74.5672,-0.1332,8,7,1.0000,1.0000,102,nie
124567_zbledami_L2A_class,spectral angle mapping,Erosion,74.7004,73.7683,-0.9321,17,10,0.2482,1.0000,102,nie
124567_zbledami_L2A_class,spectral angle mapping,Robust_Mahalanobis,74.7004,72.5699,-2.1305,38,22,0.0528,1.0000,102,nie
124567_zbledami_L2A_class,spectral angle mapping,HotellingT2,74.7004,74.3009,-0.3995,17,14,0.7194,1.0000,102,nie
124567_zbledami_L2A_class,spectral angle mapping,kNN,74.7004,74.4341,-0.2663,8,6,0.7905,1.0000,102,nie
124567_zbledami_L2A_class,spectral angle mapping,LOF,74.7004,74.0346,-0.6658,6,1,0.1250,1.0000,102,nie
124567_zbledami_L2A_class,spectral angle mapping,PCA,74.7004,72.5699,-2.1305,33,17,0.0339,1.0000,102,nie
124567_zbledami_L2A_class,spectral angle mapping,GMM,74.7004,74.1678,-0.5326,9,5,0.4240,1.0000,102,nie
124567_zbledami_L2A_class,spectral angle mapping,OneClassSVM,74.7004,74.7004,0.0000,7,7,1.0000,1.0000,102,nie
124567_zbledami_L2A_class,spectral angle mapping,Percentile,74.7004,75.3662,0.6658,8,13,0.3833,1.0000,102,nie
124567_zbledami_L2A_class,minimum distance,GMM,77.6298,77.6298,0.0000,2,2,1.0000,1.0000,102,nie
124567_zbledami_L2A_class,minimum distance,OneClassSVM,77.6298,77.6298,0.0000,1,1,1.0000,1.0000,102,nie
124567_zbledami_L2A_class,minimum distance,Erosion,77.6298,77.0972,-0.5326,12,8,0.5034,1.0000,102,nie
124567_zbledami_L2A_class,minimum distance,PCA,77.6298,79.2277,1.5979,13,25,0.0744,1.0000,102,nie
124567_zbledami_L2A_class,minimum distance,Percentile,77.6298,77.2304,-0.3995,7,4,0.5488,1.0000,102,nie
124567_zbledami_L2A_class,minimum distance,IsolationForest,77.6298,77.3635,-0.2663,4,2,0.6875,1.0000,102,nie
124567_zbledami_L2A_class,minimum distance,LOF,77.6298,77.4967,-0.1332,1,0,1.0000,1.0000,102,nie
124567_zbledami_L2A_class,minimum distance,Mahalanobis,77.6298,76.2983,-1.3316,13,3,0.0213,1.0000,102,nie
124567_zbledami_L2A_class,minimum distance,EllipticEnvelope,77.6298,77.6298,0.0000,1,1,1.0000,1.0000,102,nie
124567_zbledami_L2A_class,minimum distance,PCA_Reconstruction,77.6298,77.0972,-0.5326,4,0,0.1250,1.0000,102,nie
124567_zbledami_L2A_class,minimum distance,IQR,77.6298,77.6298,0.0000,13,13,0.8445,1.0000,102,nie
124567_zbledami_L2A_class,minimum distance,Robust_Mahalanobis,77.6298,76.2983,-1.3316,24,14,0.1443,1.0000,102,nie
124567_zbledami_L2A_class,minimum distance,HotellingT2,77.6298,76.5646,-1.0652,13,5,0.0963,1.0000,102,nie
124567_zbledami_L2A_class,minimum distance,kNN,77.6298,77.4967,-0.1332,3,2,1.0000,1.0000,102,nie
124567_zbledami_L2A_class,minimum distance,Band_Z-score,77.6298,77.3635,-0.2663,6,4,0.7539,1.0000,102,nie
124567_zbledami_L2A_class,minimum distance,MAD,77.6298,76.9640,-0.6658,12,7,0.3593,1.0000,102,nie
124567_zbledami_L2A_class,minimum distance,SAM,77.6298,77.0972,-0.5326,4,0,0.1250,1.0000,102,nie
124567_zbledami_L2A_roi,maximum likelihood,GMM,60.4527,62.8495,2.3968,5,23,0.0013,0.1118,102,nie
124567_zbledami_L2A_roi,maximum likelihood,Mahalanobis,60.4527,61.6511,1.1984,32,41,0.3491,1.0000,102,nie
124567_zbledami_L2A_roi,maximum likelihood,IsolationForest,60.4527,63.3822,2.9294,7,29,0.0005,0.0414,102,TAK
124567_zbledami_L2A_roi,maximum likelihood,PCA_Reconstruction,60.4527,62.3169,1.8642,7,21,0.0140,1.0000,102,nie
124567_zbledami_L2A_roi,maximum likelihood,Robust_Mahalanobis,60.4527,61.6511,1.1984,89,98,0.5585,1.0000,102,nie
124567_zbledami_L2A_roi,maximum likelihood,SAM,60.4527,63.3822,2.9294,7,29,0.0005,0.0414,102,TAK
124567_zbledami_L2A_roi,maximum likelihood,HotellingT2,60.4527,60.0533,-0.3995,35,32,0.8070,1.0000,102,nie
124567_zbledami_L2A_roi,maximum likelihood,MAD,60.4527,52.8628,-7.5899,101,44,0.0000,0.0003,102,TAK
124567_zbledami_L2A_roi,maximum likelihood,IQR,60.4527,58.1891,-2.2636,60,43,0.1149,1.0000,102,nie
124567_zbledami_L2A_roi,maximum likelihood,EllipticEnvelope,60.4527,62.4501,1.9973,8,23,0.0119,0.9418,102,nie
124567_zbledami_L2A_roi,maximum likelihood,OneClassSVM,60.4527,63.1158,2.6631,13,33,0.0051,0.4121,102,nie
124567_zbledami_L2A_roi,maximum likelihood,LOF,60.4527,62.1838,1.7310,9,22,0.0311,1.0000,102,nie
124567_zbledami_L2A_roi,maximum likelihood,Erosion,60.4527,60.3196,-0.1332,37,36,1.0000,1.0000,102,nie
124567_zbledami_L2A_roi,maximum likelihood,kNN,60.4527,62.3169,1.8642,7,21,0.0140,1.0000,102,nie
124567_zbledami_L2A_roi,maximum likelihood,PCA,60.4527,50.3329,-10.1198,114,38,0.0000,0.0000,102,TAK
124567_zbledami_L2A_roi,maximum likelihood,Percentile,60.4527,60.5859,0.1332,25,26,1.0000,1.0000,102,nie
124567_zbledami_L2A_roi,maximum likelihood,Band_Z-score,60.4527,61.2517,0.7989,24,30,0.4962,1.0000,102,nie
124567_zbledami_L2A_roi,random forest,GMM,75.3662,76.2983,0.9321,39,46,0.5152,1.0000,102,nie
124567_zbledami_L2A_roi,random forest,Robust_Mahalanobis,75.3662,70.9720,-4.3941,107,74,0.0174,1.0000,102,nie
124567_zbledami_L2A_roi,random forest,Mahalanobis,75.3662,77.3635,1.9973,37,52,0.1378,1.0000,102,nie
124567_zbledami_L2A_roi,random forest,OneClassSVM,75.3662,76.9640,1.5979,24,36,0.1556,1.0000,102,nie
124567_zbledami_L2A_roi,random forest,PCA,75.3662,68.4421,-6.9241,119,67,0.0002,0.0170,102,TAK
124567_zbledami_L2A_roi,random forest,SAM,75.3662,77.6298,2.2636,30,47,0.0682,1.0000,102,nie
124567_zbledami_L2A_roi,random forest,EllipticEnvelope,75.3662,77.4967,2.1305,27,43,0.0730,1.0000,102,nie
124567_zbledami_L2A_roi,random forest,kNN,75.3662,76.4314,1.0652,38,46,0.4450,1.0000,102,nie
124567_zbledami_L2A_roi,random forest,LOF,75.3662,78.9614,3.5952,26,53,0.0034,0.2891,102,nie
124567_zbledami_L2A_roi,random forest,Percentile,75.3662,81.2250,5.8589,14,58,0.0000,0.0000,102,TAK
124567_zbledami_L2A_roi,random forest,IQR,75.3662,72.8362,-2.5300,94,75,0.1662,1.0000,102,nie
124567_zbledami_L2A_roi,random forest,Erosion,75.3662,76.8309,1.4647,53,64,0.3552,1.0000,102,nie
124567_zbledami_L2A_roi,random forest,PCA_Reconstruction,75.3662,77.0972,1.7310,29,42,0.1544,1.0000,102,nie
124567_zbledami_L2A_roi,random forest,Band_Z-score,75.3662,76.1651,0.7989,41,47,0.5940,1.0000,102,nie
124567_zbledami_L2A_roi,random forest,IsolationForest,75.3662,77.8961,2.5300,33,52,0.0509,1.0000,102,nie
124567_zbledami_L2A_roi,random forest,MAD,75.3662,72.0373,-3.3289,99,74,0.0680,1.0000,102,nie
124567_zbledami_L2A_roi,random forest,HotellingT2,75.3662,78.4288,3.0626,30,53,0.0157,1.0000,102,nie
124567_zbledami_L2A_roi,multi-layer perceptron,Mahalanobis,71.6378,70.1731,-1.4647,36,25,0.2004,1.0000,102,nie
124567_zbledami_L2A_roi,multi-layer perceptron,Band_Z-score,71.6378,68.5752,-3.0626,88,65,0.0753,1.0000,102,nie
124567_zbledami_L2A_roi,multi-layer perceptron,EllipticEnvelope,71.6378,72.7031,1.0652,46,54,0.4839,1.0000,102,nie
124567_zbledami_L2A_roi,multi-layer perceptron,SAM,71.6378,60.8522,-10.7856,122,41,0.0000,0.0000,102,TAK
124567_zbledami_L2A_roi,multi-layer perceptron,PCA_Reconstruction,71.6378,63.6485,-7.9893,102,42,0.0000,0.0001,102,TAK
124567_zbledami_L2A_roi,multi-layer perceptron,IQR,71.6378,70.0399,-1.5979,76,64,0.3525,1.0000,102,nie
124567_zbledami_L2A_roi,multi-layer perceptron,MAD,71.6378,68.9747,-2.6631,98,78,0.1521,1.0000,102,nie
124567_zbledami_L2A_roi,multi-layer perceptron,kNN,71.6378,72.4368,0.7989,67,73,0.6726,1.0000,102,nie
124567_zbledami_L2A_roi,multi-layer perceptron,LOF,71.6378,65.2463,-6.3915,114,66,0.0005,0.0414,102,TAK
124567_zbledami_L2A_roi,multi-layer perceptron,HotellingT2,71.6378,60.1864,-11.4514,118,32,0.0000,0.0000,102,TAK
124567_zbledami_L2A_roi,multi-layer perceptron,Robust_Mahalanobis,71.6378,70.4394,-1.1984,67,58,0.4743,1.0000,102,nie
124567_zbledami_L2A_roi,multi-layer perceptron,Erosion,71.6378,75.3662,3.7284,36,64,0.0069,0.5547,102,nie
124567_zbledami_L2A_roi,multi-layer perceptron,IsolationForest,71.6378,44.7403,-26.8975,296,94,0.0000,0.0000,102,TAK
124567_zbledami_L2A_roi,multi-layer perceptron,Percentile,71.6378,73.2357,1.5979,47,59,0.2853,1.0000,102,nie
124567_zbledami_L2A_roi,multi-layer perceptron,OneClassSVM,71.6378,59.6538,-11.9840,154,64,0.0000,0.0000,102,TAK
124567_zbledami_L2A_roi,multi-layer perceptron,GMM,71.6378,55.2597,-16.3782,161,38,0.0000,0.0000,102,TAK
124567_zbledami_L2A_roi,multi-layer perceptron,PCA,71.6378,64.1811,-7.4567,121,65,0.0001,0.0051,102,TAK
124567_zbledami_L2A_roi,support vector machine,MAD,82.4234,78.2956,-4.1278,49,18,0.0002,0.0225,102,TAK
124567_zbledami_L2A_roi,support vector machine,IQR,82.4234,83.0892,0.6658,30,35,0.6198,1.0000,102,nie
124567_zbledami_L2A_roi,support vector machine,SAM,82.4234,82.4234,0.0000,7,7,1.0000,1.0000,102,nie
124567_zbledami_L2A_roi,support vector machine,PCA_Reconstruction,82.4234,81.6245,-0.7989,6,0,0.0312,1.0000,102,nie
124567_zbledami_L2A_roi,support vector machine,Mahalanobis,82.4234,81.4913,-0.9321,27,20,0.3815,1.0000,102,nie
124567_zbledami_L2A_roi,support vector machine,EllipticEnvelope,82.4234,82.9561,0.5326,5,9,0.4240,1.0000,102,nie
124567_zbledami_L2A_roi,support vector machine,Band_Z-score,82.4234,82.8229,0.3995,13,16,0.7103,1.0000,102,nie
124567_zbledami_L2A_roi,support vector machine,OneClassSVM,82.4234,82.0240,-0.3995,14,11,0.6892,1.0000,102,nie
124567_zbledami_L2A_roi,support vector machine,GMM,82.4234,81.7577,-0.6658,6,1,0.1250,1.0000,102,nie
124567_zbledami_L2A_roi,support vector machine,PCA,82.4234,78.0293,-4.3941,61,28,0.0007,0.0604,102,nie
124567_zbledami_L2A_roi,support vector machine,Percentile,82.4234,82.9561,0.5326,8,12,0.5034,1.0000,102,nie
124567_zbledami_L2A_roi,support vector machine,Erosion,82.4234,81.7577,-0.6658,20,15,0.4990,1.0000,102,nie
124567_zbledami_L2A_roi,support vector machine,IsolationForest,82.4234,82.8229,0.3995,6,9,0.6072,1.0000,102,nie
124567_zbledami_L2A_roi,support vector machine,HotellingT2,82.4234,81.3582,-1.0652,27,19,0.3020,1.0000,102,nie
124567_zbledami_L2A_roi,support vector machine,LOF,82.4234,82.4234,0.0000,4,4,1.0000,1.0000,102,nie
124567_zbledami_L2A_roi,support vector machine,kNN,82.4234,82.6897,0.2663,5,7,0.7744,1.0000,102,nie
124567_zbledami_L2A_roi,support vector machine,Robust_Mahalanobis,82.4234,80.9587,-1.4647,49,38,0.2837,1.0000,102,nie
124567_zbledami_L2A_roi,spectral angle mapping,PCA_Reconstruction,74.7004,74.1678,-0.5326,6,2,0.2891,1.0000,102,nie
124567_zbledami_L2A_roi,spectral angle mapping,SAM,74.7004,73.7683,-0.9321,11,4,0.1185,1.0000,102,nie
124567_zbledami_L2A_roi,spectral angle mapping,EllipticEnvelope,74.7004,73.6352,-1.0652,12,4,0.0768,1.0000,102,nie
124567_zbledami_L2A_roi,spectral angle mapping,Band_Z-score,74.7004,73.9015,-0.7989,15,9,0.3075,1.0000,102,nie
124567_zbledami_L2A_roi,spectral angle mapping,Mahalanobis,74.7004,74.3009,-0.3995,16,13,0.7103,1.0000,102,nie
124567_zbledami_L2A_roi,spectral angle mapping,MAD,74.7004,72.8362,-1.8642,36,22,0.0878,1.0000,102,nie
124567_zbledami_L2A_roi,spectral angle mapping,IQR,74.7004,73.1025,-1.5979,33,21,0.1344,1.0000,102,nie
124567_zbledami_L2A_roi,spectral angle mapping,IsolationForest,74.7004,73.6352,-1.0652,11,3,0.0574,1.0000,102,nie
124567_zbledami_L2A_roi,spectral angle mapping,Erosion,74.7004,73.7683,-0.9321,17,10,0.2482,1.0000,102,nie
124567_zbledami_L2A_roi,spectral angle mapping,Robust_Mahalanobis,74.7004,72.9694,-1.7310,39,26,0.1366,1.0000,102,nie
124567_zbledami_L2A_roi,spectral angle mapping,HotellingT2,74.7004,74.1678,-0.5326,16,12,0.5708,1.0000,102,nie
124567_zbledami_L2A_roi,spectral angle mapping,kNN,74.7004,73.9015,-0.7989,8,2,0.1094,1.0000,102,nie
124567_zbledami_L2A_roi,spectral angle mapping,LOF,74.7004,73.7683,-0.9321,10,3,0.0923,1.0000,102,nie
124567_zbledami_L2A_roi,spectral angle mapping,PCA,74.7004,73.1025,-1.5979,36,24,0.1556,1.0000,102,nie
124567_zbledami_L2A_roi,spectral angle mapping,GMM,74.7004,74.1678,-0.5326,7,3,0.3438,1.0000,102,nie
124567_zbledami_L2A_roi,spectral angle mapping,OneClassSVM,74.7004,74.3009,-0.3995,7,4,0.5488,1.0000,102,nie
124567_zbledami_L2A_roi,spectral angle mapping,Percentile,74.7004,73.3688,-1.3316,14,4,0.0309,1.0000,102,nie
124567_zbledami_L2A_roi,minimum distance,GMM,77.6298,77.6298,0.0000,1,1,1.0000,1.0000,102,nie
124567_zbledami_L2A_roi,minimum distance,OneClassSVM,77.6298,77.3635,-0.2663,2,0,0.5000,1.0000,102,nie
124567_zbledami_L2A_roi,minimum distance,Erosion,77.6298,77.0972,-0.5326,12,8,0.5034,1.0000,102,nie
124567_zbledami_L2A_roi,minimum distance,PCA,77.6298,76.0320,-1.5979,32,20,0.1272,1.0000,102,nie
124567_zbledami_L2A_roi,minimum distance,Percentile,77.6298,77.0972,-0.5326,4,0,0.1250,1.0000,102,nie
124567_zbledami_L2A_roi,minimum distance,IsolationForest,77.6298,77.4967,-0.1332,1,0,1.0000,1.0000,102,nie
124567_zbledami_L2A_roi,minimum distance,LOF,77.6298,77.6298,0.0000,1,1,1.0000,1.0000,102,nie
124567_zbledami_L2A_roi,minimum distance,Mahalanobis,77.6298,76.1651,-1.4647,14,3,0.0127,0.9926,102,nie
124567_zbledami_L2A_roi,minimum distance,EllipticEnvelope,77.6298,77.3635,-0.2663,2,0,0.5000,1.0000,102,nie
124567_zbledami_L2A_roi,minimum distance,PCA_Reconstruction,77.6298,77.6298,0.0000,0,0,1.0000,1.0000,102,nie
124567_zbledami_L2A_roi,minimum distance,IQR,77.6298,74.9667,-2.6631,26,6,0.0008,0.0673,102,nie
124567_zbledami_L2A_roi,minimum distance,Robust_Mahalanobis,77.6298,75.3662,-2.2636,33,16,0.0223,1.0000,102,nie
124567_zbledami_L2A_roi,minimum distance,HotellingT2,77.6298,76.0320,-1.5979,14,2,0.0042,0.3428,102,nie
124567_zbledami_L2A_roi,minimum distance,kNN,77.6298,77.4967,-0.1332,2,1,1.0000,1.0000,102,nie
124567_zbledami_L2A_roi,minimum distance,Band_Z-score,77.6298,76.5646,-1.0652,11,3,0.0574,1.0000,102,nie
124567_zbledami_L2A_roi,minimum distance,MAD,77.6298,75.0999,-2.5300,29,10,0.0039,0.3277,102,nie
124567_zbledami_L2A_roi,minimum distance,SAM,77.6298,77.4967,-0.1332,2,1,1.0000,1.0000,102,nie
12456_poprawny_L1C_class,maximum likelihood,GMM,74.0346,70.7057,-3.3289,28,3,0.0000,0.0015,102,TAK
12456_poprawny_L1C_class,maximum likelihood,Mahalanobis,74.0346,75.2330,1.1984,11,20,0.1508,1.0000,102,nie
12456_poprawny_L1C_class,maximum likelihood,IsolationForest,74.0346,72.8362,-1.1984,14,5,0.0636,1.0000,102,nie
12456_poprawny_L1C_class,maximum likelihood,PCA_Reconstruction,74.0346,73.3688,-0.6658,10,5,0.3018,1.0000,102,nie
12456_poprawny_L1C_class,maximum likelihood,Robust_Mahalanobis,74.0346,79.8935,5.8589,42,86,0.0001,0.0121,102,TAK
12456_poprawny_L1C_class,maximum likelihood,SAM,74.0346,73.6352,-0.3995,9,6,0.6072,1.0000,102,nie
12456_poprawny_L1C_class,maximum likelihood,HotellingT2,74.0346,75.0999,1.0652,12,20,0.2159,1.0000,102,nie
12456_poprawny_L1C_class,maximum likelihood,MAD,74.0346,75.8988,1.8642,72,86,0.3010,1.0000,102,nie
12456_poprawny_L1C_class,maximum likelihood,IQR,74.0346,71.7710,-2.2636,86,69,0.1987,1.0000,102,nie
12456_poprawny_L1C_class,maximum likelihood,EllipticEnvelope,74.0346,73.9015,-0.1332,8,7,1.0000,1.0000,102,nie
12456_poprawny_L1C_class,maximum likelihood,OneClassSVM,74.0346,77.3635,3.3289,44,69,0.0240,1.0000,102,nie
12456_poprawny_L1C_class,maximum likelihood,LOF,74.0346,73.2357,-0.7989,17,11,0.3447,1.0000,102,nie
12456_poprawny_L1C_class,maximum likelihood,Erosion,74.0346,12.6498,-61.3848,487,26,0.0000,0.0000,102,TAK
12456_poprawny_L1C_class,maximum likelihood,kNN,74.0346,71.2383,-2.7963,25,4,0.0002,0.0167,102,TAK
12456_poprawny_L1C_class,maximum likelihood,PCA,74.0346,60.8522,-13.1824,154,55,0.0000,0.0000,102,TAK
12456_poprawny_L1C_class,maximum likelihood,Percentile,74.0346,72.5699,-1.4647,30,19,0.1531,1.0000,102,nie
12456_poprawny_L1C_class,maximum likelihood,Band_Z-score,74.0346,72.8362,-1.1984,14,5,0.0636,1.0000,102,nie
12456_poprawny_L1C_class,random forest,GMM,51.5313,51.6644,0.1332,2,3,1.0000,1.0000,102,nie
12456_poprawny_L1C_class,random forest,Robust_Mahalanobis,51.5313,76.5646,25.0333,65,253,0.0000,0.0000,102,TAK
12456_poprawny_L1C_class,random forest,Mahalanobis,51.5313,57.5233,5.9920,29,74,0.0000,0.0013,102,TAK
12456_poprawny_L1C_class,random forest,OneClassSVM,51.5313,52.7297,1.1984,3,12,0.0352,1.0000,102,nie
12456_poprawny_L1C_class,random forest,PCA,51.5313,54.4607,2.9294,93,115,0.1454,1.0000,102,nie
12456_poprawny_L1C_class,random forest,SAM,51.5313,56.8575,5.3262,24,64,0.0000,0.0028,102,TAK
12456_poprawny_L1C_class,random forest,EllipticEnvelope,51.5313,57.2570,5.7257,25,68,0.0000,0.0012,102,TAK
12456_poprawny_L1C_class,random forest,kNN,51.5313,52.7297,1.1984,3,12,0.0352,1.0000,102,nie
12456_poprawny_L1C_class,random forest,LOF,51.5313,53.7949,2.2636,1,18,0.0001,0.0066,102,TAK
12456_poprawny_L1C_class,random forest,Percentile,51.5313,57.9228,6.3915,27,75,0.0000,0.0003,102,TAK
12456_poprawny_L1C_class,random forest,IQR,51.5313,56.5912,5.0599,31,69,0.0002,0.0172,102,TAK
12456_poprawny_L1C_class,random forest,Erosion,51.5313,74.8336,23.3023,26,201,0.0000,0.0000,102,TAK
12456_poprawny_L1C_class,random forest,PCA_Reconstruction,51.5313,53.6618,2.1305,7,23,0.0062,0.4566,102,nie
12456_poprawny_L1C_class,random forest,Band_Z-score,51.5313,54.8602,3.3289,11,36,0.0005,0.0362,102,TAK
12456_poprawny_L1C_class,random forest,IsolationForest,51.5313,51.7976,0.2663,4,6,0.7539,1.0000,102,nie
12456_poprawny_L1C_class,random forest,MAD,51.5313,76.9640,25.4328,52,243,0.0000,0.0000,102,TAK
12456_poprawny_L1C_class,random forest,HotellingT2,51.5313,58.4554,6.9241,30,82,0.0000,0.0001,102,TAK
12456_poprawny_L1C_class,multi-layer perceptron,Mahalanobis,83.4887,85.6192,2.1305,30,46,0.0853,1.0000,102,nie
12456_poprawny_L1C_class,multi-layer perceptron,Band_Z-score,83.4887,87.0839,3.5952,11,38,0.0002,0.0167,102,TAK
12456_poprawny_L1C_class,multi-layer perceptron,EllipticEnvelope,83.4887,87.4834,3.9947,15,45,0.0002,0.0150,102,TAK
12456_poprawny_L1C_class,multi-layer perceptron,SAM,83.4887,84.2876,0.7989,36,42,0.5713,1.0000,102,nie
12456_poprawny_L1C_class,multi-layer perceptron,PCA_Reconstruction,83.4887,84.5539,1.0652,23,31,0.3408,1.0000,102,nie
12456_poprawny_L1C_class,multi-layer perceptron,IQR,83.4887,80.5593,-2.9294,31,9,0.0009,0.0692,102,nie
12456_poprawny_L1C_class,multi-layer perceptron,MAD,83.4887,84.1545,0.6658,20,25,0.5510,1.0000,102,nie
12456_poprawny_L1C_class,multi-layer perceptron,kNN,83.4887,86.4181,2.9294,33,55,0.0252,1.0000,102,nie
12456_poprawny_L1C_class,multi-layer perceptron,LOF,83.4887,82.1571,-1.3316,25,15,0.1547,1.0000,102,nie
12456_poprawny_L1C_class,multi-layer perceptron,HotellingT2,83.4887,80.0266,-3.4621,33,7,0.0001,0.0066,102,TAK
12456_poprawny_L1C_class,multi-layer perceptron,Robust_Mahalanobis,83.4887,82.9561,-0.5326,56,52,0.7728,1.0000,102,nie
12456_poprawny_L1C_class,multi-layer perceptron,Erosion,83.4887,85.6192,2.1305,45,61,0.1451,1.0000,102,nie
12456_poprawny_L1C_class,multi-layer perceptron,IsolationForest,83.4887,82.5566,-0.9321,44,37,0.5050,1.0000,102,nie
12456_poprawny_L1C_class,multi-layer perceptron,Percentile,83.4887,85.7523,2.2636,26,43,0.0541,1.0000,102,nie
12456_poprawny_L1C_class,multi-layer perceptron,OneClassSVM,83.4887,85.6192,2.1305,37,53,0.1138,1.0000,102,nie
12456_poprawny_L1C_class,multi-layer perceptron,GMM,83.4887,83.8881,0.3995,15,18,0.7277,1.0000,102,nie
12456_poprawny_L1C_class,multi-layer perceptron,PCA,83.4887,78.6951,-4.7936,51,15,0.0000,0.0015,102,TAK
12456_poprawny_L1C_class,support vector machine,MAD,90.5459,88.8149,-1.7310,15,2,0.0023,0.1762,102,nie
12456_poprawny_L1C_class,support vector machine,IQR,90.5459,88.0160,-2.5300,19,0,0.0000,0.0004,102,TAK
12456_poprawny_L1C_class,support vector machine,SAM,90.5459,90.5459,0.0000,2,2,1.0000,1.0000,102,nie
12456_poprawny_L1C_class,support vector machine,PCA_Reconstruction,90.5459,90.8123,0.2663,0,2,0.5000,1.0000,102,nie
12456_poprawny_L1C_class,support vector machine,Mahalanobis,90.5459,90.4128,-0.1332,2,1,1.0000,1.0000,102,nie
12456_poprawny_L1C_class,support vector machine,EllipticEnvelope,90.5459,90.6791,0.1332,1,2,1.0000,1.0000,102,nie
12456_poprawny_L1C_class,support vector machine,Band_Z-score,90.5459,90.4128,-0.1332,1,0,1.0000,1.0000,102,nie
12456_poprawny_L1C_class,support vector machine,OneClassSVM,90.5459,90.5459,0.0000,1,1,1.0000,1.0000,102,nie
12456_poprawny_L1C_class,support vector machine,GMM,90.5459,90.6791,0.1332,1,2,1.0000,1.0000,102,nie
12456_poprawny_L1C_class,support vector machine,PCA,90.5459,81.6245,-8.9214,75,8,0.0000,0.0000,102,TAK
12456_poprawny_L1C_class,support vector machine,Percentile,90.5459,89.7470,-0.7989,7,1,0.0703,1.0000,102,nie
12456_poprawny_L1C_class,support vector machine,Erosion,90.5459,88.1491,-2.3968,21,3,0.0003,0.0219,102,TAK
12456_poprawny_L1C_class,support vector machine,IsolationForest,90.5459,90.2796,-0.2663,2,0,0.5000,1.0000,102,nie
12456_poprawny_L1C_class,support vector machine,HotellingT2,90.5459,90.4128,-0.1332,2,1,1.0000,1.0000,102,nie
12456_poprawny_L1C_class,support vector machine,LOF,90.5459,90.6791,0.1332,1,2,1.0000,1.0000,102,nie
12456_poprawny_L1C_class,support vector machine,kNN,90.5459,90.8123,0.2663,0,2,0.5000,1.0000,102,nie
12456_poprawny_L1C_class,support vector machine,Robust_Mahalanobis,90.5459,87.2170,-3.3289,29,4,0.0000,0.0026,102,TAK
12456_poprawny_L1C_class,spectral angle mapping,PCA_Reconstruction,87.0839,86.8176,-0.2663,3,1,0.6250,1.0000,102,nie
12456_poprawny_L1C_class,spectral angle mapping,SAM,87.0839,86.6844,-0.3995,3,0,0.2500,1.0000,102,nie
12456_poprawny_L1C_class,spectral angle mapping,EllipticEnvelope,87.0839,86.6844,-0.3995,3,0,0.2500,1.0000,102,nie
12456_poprawny_L1C_class,spectral angle mapping,Band_Z-score,87.0839,87.0839,0.0000,2,2,1.0000,1.0000,102,nie
12456_poprawny_L1C_class,spectral angle mapping,Mahalanobis,87.0839,86.9507,-0.1332,4,3,1.0000,1.0000,102,nie
12456_poprawny_L1C_class,spectral angle mapping,MAD,87.0839,85.3529,-1.7310,19,6,0.0164,1.0000,102,nie
12456_poprawny_L1C_class,spectral angle mapping,IQR,87.0839,84.2876,-2.7963,30,9,0.0014,0.1035,102,nie
12456_poprawny_L1C_class,spectral angle mapping,IsolationForest,87.0839,86.9507,-0.1332,3,2,1.0000,1.0000,102,nie
12456_poprawny_L1C_class,spectral angle mapping,Erosion,87.0839,86.4181,-0.6658,12,7,0.3593,1.0000,102,nie
12456_poprawny_L1C_class,spectral angle mapping,Robust_Mahalanobis,87.0839,86.6844,-0.3995,24,21,0.7656,1.0000,102,nie
12456_poprawny_L1C_class,spectral angle mapping,HotellingT2,87.0839,86.9507,-0.1332,4,3,1.0000,1.0000,102,nie
12456_poprawny_L1C_class,spectral angle mapping,kNN,87.0839,86.8176,-0.2663,3,1,0.6250,1.0000,102,nie
12456_poprawny_L1C_class,spectral angle mapping,LOF,87.0839,86.6844,-0.3995,3,0,0.2500,1.0000,102,nie
12456_poprawny_L1C_class,spectral angle mapping,PCA,87.0839,81.8908,-5.1931,54,15,0.0000,0.0004,102,TAK
12456_poprawny_L1C_class,spectral angle mapping,GMM,87.0839,86.8176,-0.2663,3,1,0.6250,1.0000,102,nie
12456_poprawny_L1C_class,spectral angle mapping,OneClassSVM,87.0839,86.6844,-0.3995,3,0,0.2500,1.0000,102,nie
12456_poprawny_L1C_class,spectral angle mapping,Percentile,87.0839,86.8176,-0.2663,4,2,0.6875,1.0000,102,nie
12456_poprawny_L1C_class,minimum distance,GMM,83.8881,83.7550,-0.1332,1,0,1.0000,1.0000,102,nie
12456_poprawny_L1C_class,minimum distance,OneClassSVM,83.8881,83.7550,-0.1332,1,0,1.0000,1.0000,102,nie
12456_poprawny_L1C_class,minimum distance,Erosion,83.8881,83.6218,-0.2663,6,4,0.7539,1.0000,102,nie
12456_poprawny_L1C_class,minimum distance,PCA,83.8881,80.8256,-3.0626,50,27,0.0122,0.8885,102,nie
12456_poprawny_L1C_class,minimum distance,Percentile,83.8881,83.8881,0.0000,3,3,1.0000,1.0000,102,nie
12456_poprawny_L1C_class,minimum distance,IsolationForest,83.8881,83.8881,0.0000,1,1,1.0000,1.0000,102,nie
12456_poprawny_L1C_class,minimum distance,LOF,83.8881,83.6218,-0.2663,2,0,0.5000,1.0000,102,nie
12456_poprawny_L1C_class,minimum distance,Mahalanobis,83.8881,83.7550,-0.1332,2,1,1.0000,1.0000,102,nie
12456_poprawny_L1C_class,minimum distance,EllipticEnvelope,83.8881,83.8881,0.0000,0,0,1.0000,1.0000,102,nie
12456_poprawny_L1C_class,minimum distance,PCA_Reconstruction,83.8881,83.8881,0.0000,0,0,1.0000,1.0000,102,nie
12456_poprawny_L1C_class,minimum distance,IQR,83.8881,84.6871,0.7989,11,17,0.3447,1.0000,102,nie
12456_poprawny_L1C_class,minimum distance,Robust_Mahalanobis,83.8881,84.4208,0.5326,7,11,0.4807,1.0000,102,nie
12456_poprawny_L1C_class,minimum distance,HotellingT2,83.8881,83.7550,-0.1332,2,1,1.0000,1.0000,102,nie
12456_poprawny_L1C_class,minimum distance,kNN,83.8881,83.7550,-0.1332,1,0,1.0000,1.0000,102,nie
12456_poprawny_L1C_class,minimum distance,Band_Z-score,83.8881,83.8881,0.0000,1,1,1.0000,1.0000,102,nie
12456_poprawny_L1C_class,minimum distance,MAD,83.8881,85.4860,1.5979,7,19,0.0310,1.0000,102,nie
12456_poprawny_L1C_class,minimum distance,SAM,83.8881,83.8881,0.0000,0,0,1.0000,1.0000,102,nie
12456_poprawny_L1C_roi,maximum likelihood,GMM,74.0346,77.2304,3.1957,9,33,0.0004,0.0340,102,TAK
12456_poprawny_L1C_roi,maximum likelihood,Mahalanobis,74.0346,78.1625,4.1278,53,84,0.0104,0.8093,102,nie
12456_poprawny_L1C_roi,maximum likelihood,IsolationForest,74.0346,72.9694,-1.0652,14,6,0.1153,1.0000,102,nie
12456_poprawny_L1C_roi,maximum likelihood,PCA_Reconstruction,74.0346,74.5672,0.5326,10,14,0.5413,1.0000,102,nie
12456_poprawny_L1C_roi,maximum likelihood,Robust_Mahalanobis,74.0346,71.7710,-2.2636,118,101,0.2796,1.0000,102,nie
12456_poprawny_L1C_roi,maximum likelihood,SAM,74.0346,72.0373,-1.9973,20,5,0.0051,0.4190,102,nie
12456_poprawny_L1C_roi,maximum likelihood,HotellingT2,74.0346,78.6951,4.6605,51,86,0.0037,0.3050,102,nie
12456_poprawny_L1C_roi,maximum likelihood,MAD,74.0346,11.0519,-62.9827,478,5,0.0000,0.0000,102,TAK
12456_poprawny_L1C_roi,maximum likelihood,IQR,74.0346,11.0519,-62.9827,478,5,0.0000,0.0000,102,TAK
12456_poprawny_L1C_roi,maximum likelihood,EllipticEnvelope,74.0346,74.1678,0.1332,13,14,1.0000,1.0000,102,nie
12456_poprawny_L1C_roi,maximum likelihood,OneClassSVM,74.0346,77.3635,3.3289,8,33,0.0002,0.0160,102,TAK
12456_poprawny_L1C_roi,maximum likelihood,LOF,74.0346,75.0999,1.0652,10,18,0.1859,1.0000,102,nie
12456_poprawny_L1C_roi,maximum likelihood,Erosion,74.0346,12.6498,-61.3848,487,26,0.0000,0.0000,102,TAK
12456_poprawny_L1C_roi,maximum likelihood,kNN,74.0346,74.4341,0.3995,14,17,0.7194,1.0000,102,nie
12456_poprawny_L1C_roi,maximum likelihood,PCA,74.0346,3.8615,-70.1731,541,14,0.0000,0.0000,102,TAK
12456_poprawny_L1C_roi,maximum likelihood,Percentile,74.0346,77.2304,3.1957,48,72,0.0358,1.0000,102,nie
12456_poprawny_L1C_roi,maximum likelihood,Band_Z-score,74.0346,77.6298,3.5952,51,78,0.0221,1.0000,102,nie
12456_poprawny_L1C_roi,random forest,GMM,51.3981,51.3981,0.0000,3,3,1.0000,1.0000,102,nie
12456_poprawny_L1C_roi,random forest,Robust_Mahalanobis,51.3981,56.7244,5.3262,25,65,0.0000,0.0037,102,TAK
12456_poprawny_L1C_roi,random forest,Mahalanobis,51.3981,51.2650,-0.1332,5,4,1.0000,1.0000,102,nie
12456_poprawny_L1C_roi,random forest,OneClassSVM,51.3981,55.3928,3.9947,3,33,0.0000,0.0001,102,TAK
12456_poprawny_L1C_roi,random forest,PCA,51.3981,56.0586,4.6605,31,66,0.0006,0.0473,102,TAK
12456_poprawny_L1C_roi,random forest,SAM,51.3981,53.7949,2.3968,4,22,0.0009,0.0719,102,nie
12456_poprawny_L1C_roi,random forest,EllipticEnvelope,51.3981,53.5286,2.1305,2,18,0.0004,0.0350,102,TAK
12456_poprawny_L1C_roi,random forest,kNN,51.3981,53.9281,2.5300,4,23,0.0005,0.0458,102,TAK
12456_poprawny_L1C_roi,random forest,LOF,51.3981,51.2650,-0.1332,4,3,1.0000,1.0000,102,nie
12456_poprawny_L1C_roi,random forest,Percentile,51.3981,57.6565,6.2583,24,71,0.0000,0.0002,102,TAK
12456_poprawny_L1C_roi,random forest,IQR,51.3981,58.3222,6.9241,30,82,0.0000,0.0001,102,TAK
12456_poprawny_L1C_roi,random forest,Erosion,51.3981,72.1704,20.7723,6,162,0.0000,0.0000,102,TAK
12456_poprawny_L1C_roi,random forest,PCA_Reconstruction,51.3981,51.6644,0.2663,3,5,0.7266,1.0000,102,nie
12456_poprawny_L1C_roi,random forest,Band_Z-score,51.3981,52.7297,1.3316,6,16,0.0525,1.0000,102,nie
12456_poprawny_L1C_roi,random forest,IsolationForest,51.3981,53.9281,2.5300,2,21,0.0001,0.0061,102,TAK
12456_poprawny_L1C_roi,random forest,MAD,51.3981,56.7244,5.3262,26,66,0.0000,0.0044,102,TAK
12456_poprawny_L1C_roi,random forest,HotellingT2,51.3981,51.5313,0.1332,2,3,1.0000,1.0000,102,nie
12456_poprawny_L1C_roi,multi-layer perceptron,Mahalanobis,84.1545,84.4208,0.2663,26,28,0.8918,1.0000,102,nie
12456_poprawny_L1C_roi,multi-layer perceptron,Band_Z-score,84.1545,84.0213,-0.1332,23,22,1.0000,1.0000,102,nie
12456_poprawny_L1C_roi,multi-layer perceptron,EllipticEnvelope,84.1545,82.1571,-1.9973,42,27,0.0919,1.0000,102,nie
12456_poprawny_L1C_roi,multi-layer perceptron,SAM,84.1545,84.6871,0.5326,26,30,0.6885,1.0000,102,nie
12456_poprawny_L1C_roi,multi-layer perceptron,PCA_Reconstruction,84.1545,85.6192,1.4647,30,41,0.2353,1.0000,102,nie
12456_poprawny_L1C_roi,multi-layer perceptron,IQR,84.1545,84.2876,0.1332,24,25,1.0000,1.0000,102,nie
12456_poprawny_L1C_roi,multi-layer perceptron,MAD,84.1545,85.8855,1.7310,29,42,0.1544,1.0000,102,nie
12456_poprawny_L1C_roi,multi-layer perceptron,kNN,84.1545,86.8176,2.6631,14,34,0.0061,0.4940,102,nie
12456_poprawny_L1C_roi,multi-layer perceptron,LOF,84.1545,85.8855,1.7310,20,33,0.0993,1.0000,102,nie
12456_poprawny_L1C_roi,multi-layer perceptron,HotellingT2,84.1545,82.4234,-1.7310,28,15,0.0673,1.0000,102,nie
12456_poprawny_L1C_roi,multi-layer perceptron,Robust_Mahalanobis,84.1545,80.9587,-3.1957,52,28,0.0101,0.8000,102,nie
12456_poprawny_L1C_roi,multi-layer perceptron,Erosion,84.1545,85.6192,1.4647,34,45,0.2606,1.0000,102,nie
12456_poprawny_L1C_roi,multi-layer perceptron,IsolationForest,84.1545,82.8229,-1.3316,29,19,0.1939,1.0000,102,nie
12456_poprawny_L1C_roi,multi-layer perceptron,Percentile,84.1545,84.0213,-0.1332,19,18,1.0000,1.0000,102,nie
12456_poprawny_L1C_roi,multi-layer perceptron,OneClassSVM,84.1545,83.3555,-0.7989,20,14,0.3912,1.0000,102,nie
12456_poprawny_L1C_roi,multi-layer perceptron,GMM,84.1545,82.8229,-1.3316,34,24,0.2373,1.0000,102,nie
12456_poprawny_L1C_roi,multi-layer perceptron,PCA,84.1545,82.5566,-1.5979,54,42,0.2616,1.0000,102,nie
12456_poprawny_L1C_roi,support vector machine,MAD,90.5459,89.8802,-0.6658,6,1,0.1250,1.0000,102,nie
12456_poprawny_L1C_roi,support vector machine,IQR,90.5459,89.6138,-0.9321,8,1,0.0391,1.0000,102,nie
12456_poprawny_L1C_roi,support vector machine,SAM,90.5459,90.5459,0.0000,2,2,1.0000,1.0000,102,nie
12456_poprawny_L1C_roi,support vector machine,PCA_Reconstruction,90.5459,90.8123,0.2663,0,2,0.5000,1.0000,102,nie
12456_poprawny_L1C_roi,support vector machine,Mahalanobis,90.5459,90.6791,0.1332,1,2,1.0000,1.0000,102,nie
12456_poprawny_L1C_roi,support vector machine,EllipticEnvelope,90.5459,90.8123,0.2663,0,2,0.5000,1.0000,102,nie
12456_poprawny_L1C_roi,support vector machine,Band_Z-score,90.5459,90.1465,-0.3995,4,1,0.3750,1.0000,102,nie
12456_poprawny_L1C_roi,support vector machine,OneClassSVM,90.5459,90.1465,-0.3995,3,0,0.2500,1.0000,102,nie
12456_poprawny_L1C_roi,support vector machine,GMM,90.5459,90.6791,0.1332,1,2,1.0000,1.0000,102,nie
12456_poprawny_L1C_roi,support vector machine,PCA,90.5459,89.2144,-1.3316,11,1,0.0063,0.5078,102,nie
12456_poprawny_L1C_roi,support vector machine,Percentile,90.5459,90.0133,-0.5326,5,1,0.2188,1.0000,102,nie
12456_poprawny_L1C_roi,support vector machine,Erosion,90.5459,88.1491,-2.3968,21,3,0.0003,0.0247,102,TAK
12456_poprawny_L1C_roi,support vector machine,IsolationForest,90.5459,90.6791,0.1332,1,2,1.0000,1.0000,102,nie
12456_poprawny_L1C_roi,support vector machine,HotellingT2,90.5459,90.6791,0.1332,1,2,1.0000,1.0000,102,nie
12456_poprawny_L1C_roi,support vector machine,LOF,90.5459,90.6791,0.1332,1,2,1.0000,1.0000,102,nie
12456_poprawny_L1C_roi,support vector machine,kNN,90.5459,90.6791,0.1332,1,2,1.0000,1.0000,102,nie
12456_poprawny_L1C_roi,support vector machine,Robust_Mahalanobis,90.5459,88.4154,-2.1305,17,1,0.0001,0.0132,102,TAK
12456_poprawny_L1C_roi,spectral angle mapping,PCA_Reconstruction,87.0839,86.8176,-0.2663,3,1,0.6250,1.0000,102,nie
12456_poprawny_L1C_roi,spectral angle mapping,SAM,87.0839,86.6844,-0.3995,3,0,0.2500,1.0000,102,nie
12456_poprawny_L1C_roi,spectral angle mapping,EllipticEnvelope,87.0839,86.6844,-0.3995,3,0,0.2500,1.0000,102,nie
12456_poprawny_L1C_roi,spectral angle mapping,Band_Z-score,87.0839,86.8176,-0.2663,3,1,0.6250,1.0000,102,nie
12456_poprawny_L1C_roi,spectral angle mapping,Mahalanobis,87.0839,86.8176,-0.2663,3,1,0.6250,1.0000,102,nie
12456_poprawny_L1C_roi,spectral angle mapping,MAD,87.0839,86.9507,-0.1332,5,4,1.0000,1.0000,102,nie
12456_poprawny_L1C_roi,spectral angle mapping,IQR,87.0839,86.9507,-0.1332,7,6,1.0000,1.0000,102,nie
12456_poprawny_L1C_roi,spectral angle mapping,IsolationForest,87.0839,86.6844,-0.3995,3,0,0.2500,1.0000,102,nie
12456_poprawny_L1C_roi,spectral angle mapping,Erosion,87.0839,86.4181,-0.6658,12,7,0.3593,1.0000,102,nie
12456_poprawny_L1C_roi,spectral angle mapping,Robust_Mahalanobis,87.0839,86.5513,-0.5326,11,7,0.4807,1.0000,102,nie
12456_poprawny_L1C_roi,spectral angle mapping,HotellingT2,87.0839,86.8176,-0.2663,3,1,0.6250,1.0000,102,nie
12456_poprawny_L1C_roi,spectral angle mapping,kNN,87.0839,86.6844,-0.3995,3,0,0.2500,1.0000,102,nie
12456_poprawny_L1C_roi,spectral angle mapping,LOF,87.0839,86.6844,-0.3995,3,0,0.2500,1.0000,102,nie
12456_poprawny_L1C_roi,spectral angle mapping,PCA,87.0839,86.2850,-0.7989,12,6,0.2379,1.0000,102,nie
12456_poprawny_L1C_roi,spectral angle mapping,GMM,87.0839,86.6844,-0.3995,3,0,0.2500,1.0000,102,nie
12456_poprawny_L1C_roi,spectral angle mapping,OneClassSVM,87.0839,86.6844,-0.3995,3,0,0.2500,1.0000,102,nie
12456_poprawny_L1C_roi,spectral angle mapping,Percentile,87.0839,86.8176,-0.2663,3,1,0.6250,1.0000,102,nie
12456_poprawny_L1C_roi,minimum distance,GMM,83.8881,83.8881,0.0000,0,0,1.0000,1.0000,102,nie
12456_poprawny_L1C_roi,minimum distance,OneClassSVM,83.8881,83.8881,0.0000,0,0,1.0000,1.0000,102,nie
12456_poprawny_L1C_roi,minimum distance,Erosion,83.8881,83.6218,-0.2663,6,4,0.7539,1.0000,102,nie
12456_poprawny_L1C_roi,minimum distance,PCA,83.8881,84.0213,0.1332,3,4,1.0000,1.0000,102,nie
12456_poprawny_L1C_roi,minimum distance,Percentile,83.8881,83.8881,0.0000,0,0,1.0000,1.0000,102,nie
12456_poprawny_L1C_roi,minimum distance,IsolationForest,83.8881,83.7550,-0.1332,1,0,1.0000,1.0000,102,nie
12456_poprawny_L1C_roi,minimum distance,LOF,83.8881,83.6218,-0.2663,2,0,0.5000,1.0000,102,nie
12456_poprawny_L1C_roi,minimum distance,Mahalanobis,83.8881,83.7550,-0.1332,1,0,1.0000,1.0000,102,nie
12456_poprawny_L1C_roi,minimum distance,EllipticEnvelope,83.8881,83.6218,-0.2663,2,0,0.5000,1.0000,102,nie
12456_poprawny_L1C_roi,minimum distance,PCA_Reconstruction,83.8881,83.7550,-0.1332,1,0,1.0000,1.0000,102,nie
12456_poprawny_L1C_roi,minimum distance,IQR,83.8881,84.1545,0.2663,2,4,0.6875,1.0000,102,nie
12456_poprawny_L1C_roi,minimum distance,Robust_Mahalanobis,83.8881,83.8881,0.0000,4,4,1.0000,1.0000,102,nie
12456_poprawny_L1C_roi,minimum distance,HotellingT2,83.8881,83.7550,-0.1332,1,0,1.0000,1.0000,102,nie
12456_poprawny_L1C_roi,minimum distance,kNN,83.8881,83.7550,-0.1332,1,0,1.0000,1.0000,102,nie
12456_poprawny_L1C_roi,minimum distance,Band_Z-score,83.8881,83.8881,0.0000,0,0,1.0000,1.0000,102,nie
12456_poprawny_L1C_roi,minimum distance,MAD,83.8881,83.8881,0.0000,2,2,1.0000,1.0000,102,nie
12456_poprawny_L1C_roi,minimum distance,SAM,83.8881,83.8881,0.0000,0,0,1.0000,1.0000,102,nie
12456_poprawny_L2A_class,maximum likelihood,GMM,74.8336,74.5672,-0.2663,7,5,0.7744,1.0000,102,nie
12456_poprawny_L2A_class,maximum likelihood,Mahalanobis,74.8336,76.1651,1.3316,8,18,0.0776,1.0000,102,nie
12456_poprawny_L2A_class,maximum likelihood,IsolationForest,74.8336,75.3662,0.5326,5,9,0.4240,1.0000,102,nie
12456_poprawny_L2A_class,maximum likelihood,PCA_Reconstruction,74.8336,74.7004,-0.1332,6,5,1.0000,1.0000,102,nie
12456_poprawny_L2A_class,maximum likelihood,Robust_Mahalanobis,74.8336,70.8389,-3.9947,75,45,0.0081,0.6977,102,nie
12456_poprawny_L2A_class,maximum likelihood,SAM,74.8336,74.7004,-0.1332,8,7,1.0000,1.0000,102,nie
12456_poprawny_L2A_class,maximum likelihood,HotellingT2,74.8336,75.6325,0.7989,8,14,0.2863,1.0000,102,nie
12456_poprawny_L2A_class,maximum likelihood,MAD,74.8336,78.5619,3.7284,14,42,0.0003,0.0287,102,TAK
12456_poprawny_L2A_class,maximum likelihood,IQR,74.8336,78.0293,3.1957,20,44,0.0040,0.3555,102,nie
12456_poprawny_L2A_class,maximum likelihood,EllipticEnvelope,74.8336,74.7004,-0.1332,7,6,1.0000,1.0000,102,nie
12456_poprawny_L2A_class,maximum likelihood,OneClassSVM,74.8336,75.4993,0.6658,3,8,0.2266,1.0000,102,nie
12456_poprawny_L2A_class,maximum likelihood,LOF,74.8336,75.3662,0.5326,3,7,0.3438,1.0000,102,nie
12456_poprawny_L2A_class,maximum likelihood,Erosion,74.8336,69.6405,-5.1931,61,22,0.0000,0.0029,102,TAK
12456_poprawny_L2A_class,maximum likelihood,kNN,74.8336,74.8336,0.0000,6,6,1.0000,1.0000,102,nie
12456_poprawny_L2A_class,maximum likelihood,PCA,74.8336,68.1758,-6.6578,66,16,0.0000,0.0000,102,TAK
12456_poprawny_L2A_class,maximum likelihood,Percentile,74.8336,75.2330,0.3995,13,16,0.7103,1.0000,102,nie
12456_poprawny_L2A_class,maximum likelihood,Band_Z-score,74.8336,75.0999,0.2663,7,9,0.8036,1.0000,102,nie
12456_poprawny_L2A_class,random forest,GMM,81.8908,82.0240,0.1332,0,1,1.0000,1.0000,102,nie
12456_poprawny_L2A_class,random forest,Robust_Mahalanobis,81.8908,76.4314,-5.4594,53,12,0.0000,0.0001,102,TAK
12456_poprawny_L2A_class,random forest,Mahalanobis,81.8908,81.7577,-0.1332,16,15,1.0000,1.0000,102,nie
12456_poprawny_L2A_class,random forest,OneClassSVM,81.8908,82.2903,0.3995,2,5,0.4531,1.0000,102,nie
12456_poprawny_L2A_class,random forest,PCA,81.8908,77.2304,-4.6605,44,9,0.0000,0.0003,102,TAK
12456_poprawny_L2A_class,random forest,SAM,81.8908,82.2903,0.3995,9,12,0.6636,1.0000,102,nie
12456_poprawny_L2A_class,random forest,EllipticEnvelope,81.8908,81.7577,-0.1332,8,7,1.0000,1.0000,102,nie
12456_poprawny_L2A_class,random forest,kNN,81.8908,81.4913,-0.3995,8,5,0.5811,1.0000,102,nie
12456_poprawny_L2A_class,random forest,LOF,81.8908,82.1571,0.2663,1,3,0.6250,1.0000,102,nie
12456_poprawny_L2A_class,random forest,Percentile,81.8908,79.8935,-1.9973,28,13,0.0288,1.0000,102,nie
12456_poprawny_L2A_class,random forest,IQR,81.8908,80.1598,-1.7310,28,15,0.0673,1.0000,102,nie
12456_poprawny_L2A_class,random forest,Erosion,81.8908,79.8935,-1.9973,29,14,0.0328,1.0000,102,nie
12456_poprawny_L2A_class,random forest,PCA_Reconstruction,81.8908,82.4234,0.5326,0,4,0.1250,1.0000,102,nie
12456_poprawny_L2A_class,random forest,Band_Z-score,81.8908,81.8908,0.0000,11,11,1.0000,1.0000,102,nie
12456_poprawny_L2A_class,random forest,IsolationForest,81.8908,80.9587,-0.9321,12,5,0.1435,1.0000,102,nie
12456_poprawny_L2A_class,random forest,MAD,81.8908,79.3609,-2.5300,23,4,0.0005,0.0484,102,TAK
12456_poprawny_L2A_class,random forest,HotellingT2,81.8908,82.9561,1.0652,4,12,0.0768,1.0000,102,nie
12456_poprawny_L2A_class,multi-layer perceptron,Mahalanobis,80.4261,73.3688,-7.0573,69,16,0.0000,0.0000,102,TAK
12456_poprawny_L2A_class,multi-layer perceptron,Band_Z-score,80.4261,77.8961,-2.5300,29,10,0.0039,0.3513,102,nie
12456_poprawny_L2A_class,multi-layer perceptron,EllipticEnvelope,80.4261,79.3609,-1.0652,20,12,0.2159,1.0000,102,nie
12456_poprawny_L2A_class,multi-layer perceptron,SAM,80.4261,78.9614,-1.4647,25,14,0.1093,1.0000,102,nie
12456_poprawny_L2A_class,multi-layer perceptron,PCA_Reconstruction,80.4261,77.8961,-2.5300,31,12,0.0061,0.5265,102,nie
12456_poprawny_L2A_class,multi-layer perceptron,IQR,80.4261,80.2929,-0.1332,25,24,1.0000,1.0000,102,nie
12456_poprawny_L2A_class,multi-layer perceptron,MAD,80.4261,78.5619,-1.8642,34,20,0.0769,1.0000,102,nie
12456_poprawny_L2A_class,multi-layer perceptron,kNN,80.4261,79.2277,-1.1984,20,11,0.1508,1.0000,102,nie
12456_poprawny_L2A_class,multi-layer perceptron,LOF,80.4261,80.5593,0.1332,25,26,1.0000,1.0000,102,nie
12456_poprawny_L2A_class,multi-layer perceptron,HotellingT2,80.4261,76.9640,-3.4621,39,13,0.0005,0.0484,102,TAK
12456_poprawny_L2A_class,multi-layer perceptron,Robust_Mahalanobis,80.4261,62.3169,-18.1092,158,22,0.0000,0.0000,102,TAK
12456_poprawny_L2A_class,multi-layer perceptron,Erosion,80.4261,71.3715,-9.0546,87,19,0.0000,0.0000,102,TAK
12456_poprawny_L2A_class,multi-layer perceptron,IsolationForest,80.4261,78.4288,-1.9973,24,9,0.0148,1.0000,102,nie
12456_poprawny_L2A_class,multi-layer perceptron,Percentile,80.4261,80.0266,-0.3995,35,32,0.8070,1.0000,102,nie
12456_poprawny_L2A_class,multi-layer perceptron,OneClassSVM,80.4261,78.1625,-2.2636,34,17,0.0251,1.0000,102,nie
12456_poprawny_L2A_class,multi-layer perceptron,GMM,80.4261,81.4913,1.0652,20,28,0.3123,1.0000,102,nie
12456_poprawny_L2A_class,multi-layer perceptron,PCA,80.4261,79.8935,-0.5326,59,55,0.7787,1.0000,102,nie
12456_poprawny_L2A_class,support vector machine,MAD,86.9507,85.3529,-1.5979,21,9,0.0446,1.0000,102,nie
12456_poprawny_L2A_class,support vector machine,IQR,86.9507,84.5539,-2.3968,24,6,0.0019,0.1720,102,nie
12456_poprawny_L2A_class,support vector machine,SAM,86.9507,87.7497,0.7989,1,7,0.0703,1.0000,102,nie
12456_poprawny_L2A_class,support vector machine,PCA_Reconstruction,86.9507,87.3502,0.3995,2,5,0.4531,1.0000,102,nie
12456_poprawny_L2A_class,support vector machine,Mahalanobis,86.9507,86.8176,-0.1332,7,6,1.0000,1.0000,102,nie
12456_poprawny_L2A_class,support vector machine,EllipticEnvelope,86.9507,87.3502,0.3995,2,5,0.4531,1.0000,102,nie
12456_poprawny_L2A_class,support vector machine,Band_Z-score,86.9507,87.6165,0.6658,0,5,0.0625,1.0000,102,nie
12456_poprawny_L2A_class,support vector machine,OneClassSVM,86.9507,87.6165,0.6658,1,6,0.1250,1.0000,102,nie
12456_poprawny_L2A_class,support vector machine,GMM,86.9507,87.6165,0.6658,2,7,0.1797,1.0000,102,nie
12456_poprawny_L2A_class,support vector machine,PCA,86.9507,84.4208,-2.5300,67,48,0.0932,1.0000,102,nie
12456_poprawny_L2A_class,support vector machine,Percentile,86.9507,86.5513,-0.3995,7,4,0.5488,1.0000,102,nie
12456_poprawny_L2A_class,support vector machine,Erosion,86.9507,84.2876,-2.6631,22,2,0.0000,0.0034,102,TAK
12456_poprawny_L2A_class,support vector machine,IsolationForest,86.9507,87.6165,0.6658,0,5,0.0625,1.0000,102,nie
12456_poprawny_L2A_class,support vector machine,HotellingT2,86.9507,86.6844,-0.2663,8,6,0.7905,1.0000,102,nie
12456_poprawny_L2A_class,support vector machine,LOF,86.9507,87.6165,0.6658,1,6,0.1250,1.0000,102,nie
12456_poprawny_L2A_class,support vector machine,kNN,86.9507,87.7497,0.7989,1,7,0.0703,1.0000,102,nie
12456_poprawny_L2A_class,support vector machine,Robust_Mahalanobis,86.9507,86.6844,-0.2663,26,24,0.8875,1.0000,102,nie
12456_poprawny_L2A_class,spectral angle mapping,PCA_Reconstruction,82.8229,82.8229,0.0000,0,0,1.0000,1.0000,102,nie
12456_poprawny_L2A_class,spectral angle mapping,SAM,82.8229,83.0892,0.2663,0,2,0.5000,1.0000,102,nie
12456_poprawny_L2A_class,spectral angle mapping,EllipticEnvelope,82.8229,83.0892,0.2663,0,2,0.5000,1.0000,102,nie
12456_poprawny_L2A_class,spectral angle mapping,Band_Z-score,82.8229,82.6897,-0.1332,4,3,1.0000,1.0000,102,nie
12456_poprawny_L2A_class,spectral angle mapping,Mahalanobis,82.8229,82.9561,0.1332,3,4,1.0000,1.0000,102,nie
12456_poprawny_L2A_class,spectral angle mapping,MAD,82.8229,81.6245,-1.1984,13,4,0.0490,1.0000,102,nie
12456_poprawny_L2A_class,spectral angle mapping,IQR,82.8229,81.4913,-1.3316,14,4,0.0309,1.0000,102,nie
12456_poprawny_L2A_class,spectral angle mapping,IsolationForest,82.8229,82.9561,0.1332,2,3,1.0000,1.0000,102,nie
12456_poprawny_L2A_class,spectral angle mapping,Erosion,82.8229,83.4887,0.6658,4,9,0.2668,1.0000,102,nie
12456_poprawny_L2A_class,spectral angle mapping,Robust_Mahalanobis,82.8229,75.6325,-7.1904,71,17,0.0000,0.0000,102,TAK
12456_poprawny_L2A_class,spectral angle mapping,HotellingT2,82.8229,82.8229,0.0000,5,5,1.0000,1.0000,102,nie
12456_poprawny_L2A_class,spectral angle mapping,kNN,82.8229,82.9561,0.1332,0,1,1.0000,1.0000,102,nie
12456_poprawny_L2A_class,spectral angle mapping,LOF,82.8229,82.9561,0.1332,0,1,1.0000,1.0000,102,nie
12456_poprawny_L2A_class,spectral angle mapping,PCA,82.8229,84.4208,1.5979,23,35,0.1486,1.0000,102,nie
12456_poprawny_L2A_class,spectral angle mapping,GMM,82.8229,82.9561,0.1332,0,1,1.0000,1.0000,102,nie
12456_poprawny_L2A_class,spectral angle mapping,OneClassSVM,82.8229,82.8229,0.0000,0,0,1.0000,1.0000,102,nie
12456_poprawny_L2A_class,spectral angle mapping,Percentile,82.8229,82.9561,0.1332,2,3,1.0000,1.0000,102,nie
12456_poprawny_L2A_class,minimum distance,GMM,82.1571,82.0240,-0.1332,1,0,1.0000,1.0000,102,nie
12456_poprawny_L2A_class,minimum distance,OneClassSVM,82.1571,82.1571,0.0000,0,0,1.0000,1.0000,102,nie
12456_poprawny_L2A_class,minimum distance,Erosion,82.1571,82.5566,0.3995,6,9,0.6072,1.0000,102,nie
12456_poprawny_L2A_class,minimum distance,PCA,82.1571,83.0892,0.9321,40,47,0.5201,1.0000,102,nie
12456_poprawny_L2A_class,minimum distance,Percentile,82.1571,82.4234,0.2663,1,3,0.6250,1.0000,102,nie
12456_poprawny_L2A_class,minimum distance,IsolationForest,82.1571,82.0240,-0.1332,1,0,1.0000,1.0000,102,nie
12456_poprawny_L2A_class,minimum distance,LOF,82.1571,82.2903,0.1332,0,1,1.0000,1.0000,102,nie
12456_poprawny_L2A_class,minimum distance,Mahalanobis,82.1571,82.0240,-0.1332,2,1,1.0000,1.0000,102,nie
12456_poprawny_L2A_class,minimum distance,EllipticEnvelope,82.1571,82.0240,-0.1332,1,0,1.0000,1.0000,102,nie
12456_poprawny_L2A_class,minimum distance,PCA_Reconstruction,82.1571,82.1571,0.0000,0,0,1.0000,1.0000,102,nie
12456_poprawny_L2A_class,minimum distance,IQR,82.1571,82.1571,0.0000,11,11,1.0000,1.0000,102,nie
12456_poprawny_L2A_class,minimum distance,Robust_Mahalanobis,82.1571,82.1571,0.0000,28,28,0.8937,1.0000,102,nie
12456_poprawny_L2A_class,minimum distance,HotellingT2,82.1571,82.0240,-0.1332,2,1,1.0000,1.0000,102,nie
12456_poprawny_L2A_class,minimum distance,kNN,82.1571,82.1571,0.0000,0,0,1.0000,1.0000,102,nie
12456_poprawny_L2A_class,minimum distance,Band_Z-score,82.1571,82.2903,0.1332,0,1,1.0000,1.0000,102,nie
12456_poprawny_L2A_class,minimum distance,MAD,82.1571,83.0892,0.9321,9,16,0.2301,1.0000,102,nie
12456_poprawny_L2A_class,minimum distance,SAM,82.1571,82.0240,-0.1332,1,0,1.0000,1.0000,102,nie
12456_poprawny_L2A_roi,maximum likelihood,GMM,74.8336,74.8336,0.0000,8,8,1.0000,1.0000,102,nie
12456_poprawny_L2A_roi,maximum likelihood,Mahalanobis,74.8336,75.4993,0.6658,10,15,0.4237,1.0000,102,nie
12456_poprawny_L2A_roi,maximum likelihood,IsolationForest,74.8336,75.0999,0.2663,5,7,0.7744,1.0000,102,nie
12456_poprawny_L2A_roi,maximum likelihood,PCA_Reconstruction,74.8336,75.0999,0.2663,7,9,0.8036,1.0000,102,nie
12456_poprawny_L2A_roi,maximum likelihood,Robust_Mahalanobis,74.8336,76.2983,1.4647,58,69,0.3749,1.0000,102,nie
12456_poprawny_L2A_roi,maximum likelihood,SAM,74.8336,75.2330,0.3995,5,8,0.5811,1.0000,102,nie
12456_poprawny_L2A_roi,maximum likelihood,HotellingT2,74.8336,75.6325,0.7989,10,16,0.3268,1.0000,102,nie
12456_poprawny_L2A_roi,maximum likelihood,MAD,74.8336,72.4368,-2.3968,33,15,0.0141,1.0000,102,nie
12456_poprawny_L2A_roi,maximum likelihood,IQR,74.8336,72.0373,-2.7963,40,19,0.0092,0.8575,102,nie
12456_poprawny_L2A_roi,maximum likelihood,EllipticEnvelope,74.8336,75.7656,0.9321,4,11,0.1185,1.0000,102,nie
12456_poprawny_L2A_roi,maximum likelihood,OneClassSVM,74.8336,74.0346,-0.7989,15,9,0.3075,1.0000,102,nie
12456_poprawny_L2A_roi,maximum likelihood,LOF,74.8336,74.8336,0.0000,9,9,1.0000,1.0000,102,nie
12456_poprawny_L2A_roi,maximum likelihood,Erosion,74.8336,69.6405,-5.1931,61,22,0.0000,0.0030,102,TAK
12456_poprawny_L2A_roi,maximum likelihood,kNN,74.8336,74.5672,-0.2663,11,9,0.8238,1.0000,102,nie
12456_poprawny_L2A_roi,maximum likelihood,PCA,74.8336,72.7031,-2.1305,72,56,0.1849,1.0000,102,nie
12456_poprawny_L2A_roi,maximum likelihood,Percentile,74.8336,75.3662,0.5326,10,14,0.5413,1.0000,102,nie
12456_poprawny_L2A_roi,maximum likelihood,Band_Z-score,74.8336,75.2330,0.3995,15,18,0.7277,1.0000,102,nie
12456_poprawny_L2A_roi,random forest,GMM,81.8908,82.0240,0.1332,1,2,1.0000,1.0000,102,nie
12456_poprawny_L2A_roi,random forest,Robust_Mahalanobis,81.8908,82.1571,0.2663,8,10,0.8145,1.0000,102,nie
12456_poprawny_L2A_roi,random forest,Mahalanobis,81.8908,81.7577,-0.1332,3,2,1.0000,1.0000,102,nie
12456_poprawny_L2A_roi,random forest,OneClassSVM,81.8908,80.9587,-0.9321,16,9,0.2301,1.0000,102,nie
12456_poprawny_L2A_roi,random forest,PCA,81.8908,80.1598,-1.7310,26,13,0.0547,1.0000,102,nie
12456_poprawny_L2A_roi,random forest,SAM,81.8908,81.7577,-0.1332,9,8,1.0000,1.0000,102,nie
12456_poprawny_L2A_roi,random forest,EllipticEnvelope,81.8908,82.0240,0.1332,3,4,1.0000,1.0000,102,nie
12456_poprawny_L2A_roi,random forest,kNN,81.8908,82.5566,0.6658,3,8,0.2266,1.0000,102,nie
12456_poprawny_L2A_roi,random forest,LOF,81.8908,82.9561,1.0652,2,10,0.0386,1.0000,102,nie
12456_poprawny_L2A_roi,random forest,Percentile,81.8908,81.2250,-0.6658,13,8,0.3833,1.0000,102,nie
12456_poprawny_L2A_roi,random forest,IQR,81.8908,81.8908,0.0000,9,9,1.0000,1.0000,102,nie
12456_poprawny_L2A_roi,random forest,Erosion,81.8908,79.8935,-1.9973,29,14,0.0328,1.0000,102,nie
12456_poprawny_L2A_roi,random forest,PCA_Reconstruction,81.8908,82.1571,0.2663,1,3,0.6250,1.0000,102,nie
12456_poprawny_L2A_roi,random forest,Band_Z-score,81.8908,81.8908,0.0000,10,10,1.0000,1.0000,102,nie
12456_poprawny_L2A_roi,random forest,IsolationForest,81.8908,82.1571,0.2663,3,5,0.7266,1.0000,102,nie
12456_poprawny_L2A_roi,random forest,MAD,81.8908,81.2250,-0.6658,17,12,0.4576,1.0000,102,nie
12456_poprawny_L2A_roi,random forest,HotellingT2,81.8908,81.4913,-0.3995,4,1,0.3750,1.0000,102,nie
12456_poprawny_L2A_roi,multi-layer perceptron,Mahalanobis,80.4261,77.0972,-3.3289,36,11,0.0005,0.0450,102,TAK
12456_poprawny_L2A_roi,multi-layer perceptron,Band_Z-score,80.4261,78.1625,-2.2636,37,20,0.0341,1.0000,102,nie
12456_poprawny_L2A_roi,multi-layer perceptron,EllipticEnvelope,80.4261,81.2250,0.7989,17,23,0.4292,1.0000,102,nie
12456_poprawny_L2A_roi,multi-layer perceptron,SAM,80.4261,79.0945,-1.3316,29,19,0.1939,1.0000,102,nie
12456_poprawny_L2A_roi,multi-layer perceptron,PCA_Reconstruction,80.4261,82.4234,1.9973,35,50,0.1289,1.0000,102,nie
12456_poprawny_L2A_roi,multi-layer perceptron,IQR,80.4261,78.1625,-2.2636,58,41,0.1078,1.0000,102,nie
12456_poprawny_L2A_roi,multi-layer perceptron,MAD,80.4261,74.8336,-5.5925,49,7,0.0000,0.0000,102,TAK
12456_poprawny_L2A_roi,multi-layer perceptron,kNN,80.4261,79.2277,-1.1984,41,32,0.3491,1.0000,102,nie
12456_poprawny_L2A_roi,multi-layer perceptron,LOF,80.4261,79.0945,-1.3316,28,18,0.1845,1.0000,102,nie
12456_poprawny_L2A_roi,multi-layer perceptron,HotellingT2,80.4261,80.0266,-0.3995,23,20,0.7604,1.0000,102,nie
12456_poprawny_L2A_roi,multi-layer perceptron,Robust_Mahalanobis,80.4261,73.6352,-6.7909,58,7,0.0000,0.0000,102,TAK
12456_poprawny_L2A_roi,multi-layer perceptron,Erosion,80.4261,71.3715,-9.0546,87,19,0.0000,0.0000,102,TAK
12456_poprawny_L2A_roi,multi-layer perceptron,IsolationForest,80.4261,82.5566,2.1305,19,35,0.0412,1.0000,102,nie
12456_poprawny_L2A_roi,multi-layer perceptron,Percentile,80.4261,79.8935,-0.5326,19,15,0.6069,1.0000,102,nie
12456_poprawny_L2A_roi,multi-layer perceptron,OneClassSVM,80.4261,77.4967,-2.9294,36,14,0.0030,0.2860,102,nie
12456_poprawny_L2A_roi,multi-layer perceptron,GMM,80.4261,80.6924,0.2663,29,31,0.8973,1.0000,102,nie
12456_poprawny_L2A_roi,multi-layer perceptron,PCA,80.4261,76.9640,-3.4621,51,25,0.0041,0.3928,102,nie
12456_poprawny_L2A_roi,support vector machine,MAD,86.9507,86.2850,-0.6658,14,9,0.4049,1.0000,102,nie
12456_poprawny_L2A_roi,support vector machine,IQR,86.9507,86.8176,-0.1332,9,8,1.0000,1.0000,102,nie
12456_poprawny_L2A_roi,support vector machine,SAM,86.9507,87.3502,0.3995,2,5,0.4531,1.0000,102,nie
12456_poprawny_L2A_roi,support vector machine,PCA_Reconstruction,86.9507,87.4834,0.5326,2,6,0.2891,1.0000,102,nie
12456_poprawny_L2A_roi,support vector machine,Mahalanobis,86.9507,87.4834,0.5326,2,6,0.2891,1.0000,102,nie
12456_poprawny_L2A_roi,support vector machine,EllipticEnvelope,86.9507,87.4834,0.5326,1,5,0.2188,1.0000,102,nie
12456_poprawny_L2A_roi,support vector machine,Band_Z-score,86.9507,87.2170,0.2663,4,6,0.7539,1.0000,102,nie
12456_poprawny_L2A_roi,support vector machine,OneClassSVM,86.9507,87.0839,0.1332,5,6,1.0000,1.0000,102,nie
12456_poprawny_L2A_roi,support vector machine,GMM,86.9507,87.3502,0.3995,2,5,0.4531,1.0000,102,nie
12456_poprawny_L2A_roi,support vector machine,PCA,86.9507,85.2197,-1.7310,24,11,0.0425,1.0000,102,nie
12456_poprawny_L2A_roi,support vector machine,Percentile,86.9507,87.0839,0.1332,4,5,1.0000,1.0000,102,nie
12456_poprawny_L2A_roi,support vector machine,Erosion,86.9507,84.2876,-2.6631,22,2,0.0000,0.0035,102,TAK
12456_poprawny_L2A_roi,support vector machine,IsolationForest,86.9507,87.4834,0.5326,1,5,0.2188,1.0000,102,nie
12456_poprawny_L2A_roi,support vector machine,HotellingT2,86.9507,87.6165,0.6658,2,7,0.1797,1.0000,102,nie
12456_poprawny_L2A_roi,support vector machine,LOF,86.9507,87.3502,0.3995,2,5,0.4531,1.0000,102,nie
12456_poprawny_L2A_roi,support vector machine,kNN,86.9507,87.4834,0.5326,1,5,0.2188,1.0000,102,nie
12456_poprawny_L2A_roi,support vector machine,Robust_Mahalanobis,86.9507,85.3529,-1.5979,15,3,0.0075,0.7086,102,nie
12456_poprawny_L2A_roi,spectral angle mapping,PCA_Reconstruction,82.8229,82.6897,-0.1332,1,0,1.0000,1.0000,102,nie
12456_poprawny_L2A_roi,spectral angle mapping,SAM,82.8229,82.9561,0.1332,0,1,1.0000,1.0000,102,nie
12456_poprawny_L2A_roi,spectral angle mapping,EllipticEnvelope,82.8229,82.9561,0.1332,0,1,1.0000,1.0000,102,nie
12456_poprawny_L2A_roi,spectral angle mapping,Band_Z-score,82.8229,82.8229,0.0000,1,1,1.0000,1.0000,102,nie
12456_poprawny_L2A_roi,spectral angle mapping,Mahalanobis,82.8229,82.9561,0.1332,1,2,1.0000,1.0000,102,nie
12456_poprawny_L2A_roi,spectral angle mapping,MAD,82.8229,82.9561,0.1332,6,7,1.0000,1.0000,102,nie
12456_poprawny_L2A_roi,spectral angle mapping,IQR,82.8229,83.3555,0.5326,4,8,0.3877,1.0000,102,nie
12456_poprawny_L2A_roi,spectral angle mapping,IsolationForest,82.8229,83.0892,0.2663,0,2,0.5000,1.0000,102,nie
12456_poprawny_L2A_roi,spectral angle mapping,Erosion,82.8229,83.4887,0.6658,4,9,0.2668,1.0000,102,nie
12456_poprawny_L2A_roi,spectral angle mapping,Robust_Mahalanobis,82.8229,82.6897,-0.1332,10,9,1.0000,1.0000,102,nie
12456_poprawny_L2A_roi,spectral angle mapping,HotellingT2,82.8229,82.9561,0.1332,1,2,1.0000,1.0000,102,nie
12456_poprawny_L2A_roi,spectral angle mapping,kNN,82.8229,83.0892,0.2663,0,2,0.5000,1.0000,102,nie
12456_poprawny_L2A_roi,spectral angle mapping,LOF,82.8229,82.9561,0.1332,0,1,1.0000,1.0000,102,nie
12456_poprawny_L2A_roi,spectral angle mapping,PCA,82.8229,83.2224,0.3995,13,16,0.7103,1.0000,102,nie
12456_poprawny_L2A_roi,spectral angle mapping,GMM,82.8229,82.6897,-0.1332,1,0,1.0000,1.0000,102,nie
12456_poprawny_L2A_roi,spectral angle mapping,OneClassSVM,82.8229,83.2224,0.3995,1,4,0.3750,1.0000,102,nie
12456_poprawny_L2A_roi,spectral angle mapping,Percentile,82.8229,83.0892,0.2663,0,2,0.5000,1.0000,102,nie
12456_poprawny_L2A_roi,minimum distance,GMM,82.1571,82.2903,0.1332,0,1,1.0000,1.0000,102,nie
12456_poprawny_L2A_roi,minimum distance,OneClassSVM,82.1571,82.5566,0.3995,1,4,0.3750,1.0000,102,nie
12456_poprawny_L2A_roi,minimum distance,Erosion,82.1571,82.5566,0.3995,6,9,0.6072,1.0000,102,nie
12456_poprawny_L2A_roi,minimum distance,PCA,82.1571,82.2903,0.1332,5,6,1.0000,1.0000,102,nie
12456_poprawny_L2A_roi,minimum distance,Percentile,82.1571,82.4234,0.2663,0,2,0.5000,1.0000,102,nie
12456_poprawny_L2A_roi,minimum distance,IsolationForest,82.1571,82.1571,0.0000,0,0,1.0000,1.0000,102,nie
12456_poprawny_L2A_roi,minimum distance,LOF,82.1571,82.1571,0.0000,0,0,1.0000,1.0000,102,nie
12456_poprawny_L2A_roi,minimum distance,Mahalanobis,82.1571,82.1571,0.0000,0,0,1.0000,1.0000,102,nie
12456_poprawny_L2A_roi,minimum distance,EllipticEnvelope,82.1571,82.1571,0.0000,0,0,1.0000,1.0000,102,nie
12456_poprawny_L2A_roi,minimum distance,PCA_Reconstruction,82.1571,82.1571,0.0000,1,1,1.0000,1.0000,102,nie
12456_poprawny_L2A_roi,minimum distance,IQR,82.1571,82.2903,0.1332,0,1,1.0000,1.0000,102,nie
12456_poprawny_L2A_roi,minimum distance,Robust_Mahalanobis,82.1571,82.6897,0.5326,1,5,0.2188,1.0000,102,nie
12456_poprawny_L2A_roi,minimum distance,HotellingT2,82.1571,82.1571,0.0000,0,0,1.0000,1.0000,102,nie
12456_poprawny_L2A_roi,minimum distance,kNN,82.1571,82.2903,0.1332,0,1,1.0000,1.0000,102,nie
12456_poprawny_L2A_roi,minimum distance,Band_Z-score,82.1571,82.1571,0.0000,0,0,1.0000,1.0000,102,nie
12456_poprawny_L2A_roi,minimum distance,MAD,82.1571,82.4234,0.2663,0,2,0.5000,1.0000,102,nie
12456_poprawny_L2A_roi,minimum distance,SAM,82.1571,82.2903,0.1332,0,1,1.0000,1.0000,102,nie
12456_zbledami_L1C_class,maximum likelihood,GMM,61.5180,62.3169,0.7989,6,12,0.2379,1.0000,102,nie
12456_zbledami_L1C_class,maximum likelihood,Mahalanobis,61.5180,64.8469,3.3289,15,40,0.0012,0.1090,102,nie
12456_zbledami_L1C_class,maximum likelihood,IsolationForest,61.5180,62.9827,1.4647,5,16,0.0266,1.0000,102,nie
12456_zbledami_L1C_class,maximum likelihood,PCA_Reconstruction,61.5180,62.5832,1.0652,7,15,0.1338,1.0000,102,nie
12456_zbledami_L1C_class,maximum likelihood,Robust_Mahalanobis,61.5180,76.2983,14.7803,27,138,0.0000,0.0000,102,TAK
12456_zbledami_L1C_class,maximum likelihood,SAM,61.5180,62.9827,1.4647,7,18,0.0455,1.0000,102,nie
12456_zbledami_L1C_class,maximum likelihood,HotellingT2,61.5180,65.5126,3.9947,15,45,0.0002,0.0167,102,TAK
12456_zbledami_L1C_class,maximum likelihood,MAD,61.5180,66.1784,4.6605,14,49,0.0000,0.0018,102,TAK
12456_zbledami_L1C_class,maximum likelihood,IQR,61.5180,64.7137,3.1957,46,70,0.0327,1.0000,102,nie
12456_zbledami_L1C_class,maximum likelihood,EllipticEnvelope,61.5180,62.5832,1.0652,4,12,0.0768,1.0000,102,nie
12456_zbledami_L1C_class,maximum likelihood,OneClassSVM,61.5180,62.7164,1.1984,6,15,0.0784,1.0000,102,nie
12456_zbledami_L1C_class,maximum likelihood,LOF,61.5180,62.1838,0.6658,9,14,0.4049,1.0000,102,nie
12456_zbledami_L1C_class,maximum likelihood,Erosion,61.5180,66.9774,5.4594,30,71,0.0001,0.0065,102,TAK
12456_zbledami_L1C_class,maximum likelihood,kNN,61.5180,61.6511,0.1332,9,10,1.0000,1.0000,102,nie
12456_zbledami_L1C_class,maximum likelihood,PCA,61.5180,10.5193,-50.9987,389,6,0.0000,0.0000,102,TAK
12456_zbledami_L1C_class,maximum likelihood,Percentile,61.5180,65.2463,3.7284,8,36,0.0000,0.0046,102,TAK
12456_zbledami_L1C_class,maximum likelihood,Band_Z-score,61.5180,65.5126,3.9947,6,36,0.0000,0.0008,102,TAK
12456_zbledami_L1C_class,random forest,GMM,63.7816,62.0506,-1.7310,33,20,0.0993,1.0000,102,nie
12456_zbledami_L1C_class,random forest,Robust_Mahalanobis,63.7816,64.0479,0.2663,53,55,0.9233,1.0000,102,nie
12456_zbledami_L1C_class,random forest,Mahalanobis,63.7816,66.1784,2.3968,20,38,0.0256,1.0000,102,nie
12456_zbledami_L1C_class,random forest,OneClassSVM,63.7816,62.0506,-1.7310,28,15,0.0673,1.0000,102,nie
12456_zbledami_L1C_class,random forest,PCA,63.7816,64.8469,1.0652,41,49,0.4606,1.0000,102,nie
12456_zbledami_L1C_class,random forest,SAM,63.7816,62.9827,-0.7989,30,24,0.4962,1.0000,102,nie
12456_zbledami_L1C_class,random forest,EllipticEnvelope,63.7816,62.9827,-0.7989,27,21,0.4705,1.0000,102,nie
12456_zbledami_L1C_class,random forest,kNN,63.7816,62.5832,-1.1984,30,21,0.2626,1.0000,102,nie
12456_zbledami_L1C_class,random forest,LOF,63.7816,64.9800,1.1984,19,28,0.2432,1.0000,102,nie
12456_zbledami_L1C_class,random forest,Percentile,63.7816,61.6511,-2.1305,56,40,0.1258,1.0000,102,nie
12456_zbledami_L1C_class,random forest,IQR,63.7816,62.3169,-1.4647,52,41,0.2998,1.0000,102,nie
12456_zbledami_L1C_class,random forest,Erosion,63.7816,65.1132,1.3316,55,65,0.4113,1.0000,102,nie
12456_zbledami_L1C_class,random forest,PCA_Reconstruction,63.7816,67.9095,4.1278,12,43,0.0001,0.0050,102,TAK
12456_zbledami_L1C_class,random forest,Band_Z-score,63.7816,63.6485,-0.1332,28,27,1.0000,1.0000,102,nie
12456_zbledami_L1C_class,random forest,IsolationForest,63.7816,62.1838,-1.5979,37,25,0.1624,1.0000,102,nie
12456_zbledami_L1C_class,random forest,MAD,63.7816,67.9095,4.1278,12,43,0.0001,0.0050,102,TAK
12456_zbledami_L1C_class,random forest,HotellingT2,63.7816,65.9121,2.1305,26,42,0.0689,1.0000,102,nie
12456_zbledami_L1C_class,multi-layer perceptron,Mahalanobis,85.6192,84.4208,-1.1984,45,36,0.3741,1.0000,102,nie
12456_zbledami_L1C_class,multi-layer perceptron,Band_Z-score,85.6192,85.3529,-0.2663,36,34,0.9049,1.0000,102,nie
12456_zbledami_L1C_class,multi-layer perceptron,EllipticEnvelope,85.6192,84.9534,-0.6658,54,49,0.6935,1.0000,102,nie
12456_zbledami_L1C_class,multi-layer perceptron,SAM,85.6192,87.3502,1.7310,11,24,0.0425,1.0000,102,nie
12456_zbledami_L1C_class,multi-layer perceptron,PCA_Reconstruction,85.6192,81.3582,-4.2610,56,24,0.0005,0.0481,102,TAK
12456_zbledami_L1C_class,multi-layer perceptron,IQR,85.6192,83.3555,-2.2636,53,36,0.0899,1.0000,102,nie
12456_zbledami_L1C_class,multi-layer perceptron,MAD,85.6192,84.6871,-0.9321,54,47,0.5505,1.0000,102,nie
12456_zbledami_L1C_class,multi-layer perceptron,kNN,85.6192,82.8229,-2.7963,73,52,0.0736,1.0000,102,nie
12456_zbledami_L1C_class,multi-layer perceptron,LOF,85.6192,84.4208,-1.1984,44,35,0.3681,1.0000,102,nie
12456_zbledami_L1C_class,multi-layer perceptron,HotellingT2,85.6192,87.2170,1.5979,36,48,0.2301,1.0000,102,nie
12456_zbledami_L1C_class,multi-layer perceptron,Robust_Mahalanobis,85.6192,78.1625,-7.4567,85,29,0.0000,0.0000,102,TAK
12456_zbledami_L1C_class,multi-layer perceptron,Erosion,85.6192,84.1545,-1.4647,30,19,0.1531,1.0000,102,nie
12456_zbledami_L1C_class,multi-layer perceptron,IsolationForest,85.6192,87.3502,1.7310,25,38,0.1306,1.0000,102,nie
12456_zbledami_L1C_class,multi-layer perceptron,Percentile,85.6192,83.8881,-1.7310,56,43,0.2278,1.0000,102,nie
12456_zbledami_L1C_class,multi-layer perceptron,OneClassSVM,85.6192,86.1518,0.5326,11,15,0.5563,1.0000,102,nie
12456_zbledami_L1C_class,multi-layer perceptron,GMM,85.6192,79.3609,-6.2583,93,46,0.0001,0.0089,102,TAK
12456_zbledami_L1C_class,multi-layer perceptron,PCA,85.6192,84.0213,-1.5979,48,36,0.2301,1.0000,102,nie
12456_zbledami_L1C_class,support vector machine,MAD,91.0786,90.4128,-0.6658,12,7,0.3593,1.0000,102,nie
12456_zbledami_L1C_class,support vector machine,IQR,91.0786,90.9454,-0.1332,10,9,1.0000,1.0000,102,nie
12456_zbledami_L1C_class,support vector machine,SAM,91.0786,90.8123,-0.2663,3,1,0.6250,1.0000,102,nie
12456_zbledami_L1C_class,support vector machine,PCA_Reconstruction,91.0786,91.3449,0.2663,1,3,0.6250,1.0000,102,nie
12456_zbledami_L1C_class,support vector machine,Mahalanobis,91.0786,91.7443,0.6658,7,12,0.3593,1.0000,102,nie
12456_zbledami_L1C_class,support vector machine,EllipticEnvelope,91.0786,90.6791,-0.3995,4,1,0.3750,1.0000,102,nie
12456_zbledami_L1C_class,support vector machine,Band_Z-score,91.0786,90.9454,-0.1332,6,5,1.0000,1.0000,102,nie
12456_zbledami_L1C_class,support vector machine,OneClassSVM,91.0786,91.2117,0.1332,3,4,1.0000,1.0000,102,nie
12456_zbledami_L1C_class,support vector machine,GMM,91.0786,91.2117,0.1332,1,2,1.0000,1.0000,102,nie
12456_zbledami_L1C_class,support vector machine,PCA,91.0786,92.4101,1.3316,10,20,0.1003,1.0000,102,nie
12456_zbledami_L1C_class,support vector machine,Percentile,91.0786,90.5459,-0.5326,6,2,0.2891,1.0000,102,nie
12456_zbledami_L1C_class,support vector machine,Erosion,91.0786,89.8802,-1.1984,11,2,0.0225,1.0000,102,nie
12456_zbledami_L1C_class,support vector machine,IsolationForest,91.0786,90.8123,-0.2663,3,1,0.6250,1.0000,102,nie
12456_zbledami_L1C_class,support vector machine,HotellingT2,91.0786,92.1438,1.0652,4,12,0.0768,1.0000,102,nie
12456_zbledami_L1C_class,support vector machine,LOF,91.0786,91.0786,0.0000,2,2,1.0000,1.0000,102,nie
12456_zbledami_L1C_class,support vector machine,kNN,91.0786,90.9454,-0.1332,2,1,1.0000,1.0000,102,nie
12456_zbledami_L1C_class,support vector machine,Robust_Mahalanobis,91.0786,89.2144,-1.8642,19,5,0.0066,0.5817,102,nie
12456_zbledami_L1C_class,spectral angle mapping,PCA_Reconstruction,89.2144,88.0160,-1.1984,12,3,0.0352,1.0000,102,nie
12456_zbledami_L1C_class,spectral angle mapping,SAM,89.2144,90.0133,0.7989,0,6,0.0312,1.0000,102,nie
12456_zbledami_L1C_class,spectral angle mapping,EllipticEnvelope,89.2144,88.6818,-0.5326,12,8,0.5034,1.0000,102,nie
12456_zbledami_L1C_class,spectral angle mapping,Band_Z-score,89.2144,89.6138,0.3995,5,8,0.5811,1.0000,102,nie
12456_zbledami_L1C_class,spectral angle mapping,Mahalanobis,89.2144,87.2170,-1.9973,24,9,0.0148,1.0000,102,nie
12456_zbledami_L1C_class,spectral angle mapping,MAD,89.2144,89.3475,0.1332,8,9,1.0000,1.0000,102,nie
12456_zbledami_L1C_class,spectral angle mapping,IQR,89.2144,88.8149,-0.3995,13,10,0.6776,1.0000,102,nie
12456_zbledami_L1C_class,spectral angle mapping,IsolationForest,89.2144,89.4807,0.2663,5,7,0.7744,1.0000,102,nie
12456_zbledami_L1C_class,spectral angle mapping,Erosion,89.2144,88.0160,-1.1984,22,13,0.1763,1.0000,102,nie
12456_zbledami_L1C_class,spectral angle mapping,Robust_Mahalanobis,89.2144,87.7497,-1.4647,31,20,0.1614,1.0000,102,nie
12456_zbledami_L1C_class,spectral angle mapping,HotellingT2,89.2144,87.0839,-2.1305,25,9,0.0101,0.8785,102,nie
12456_zbledami_L1C_class,spectral angle mapping,kNN,89.2144,88.4154,-0.7989,12,6,0.2379,1.0000,102,nie
12456_zbledami_L1C_class,spectral angle mapping,LOF,89.2144,88.0160,-1.1984,10,1,0.0117,1.0000,102,nie
12456_zbledami_L1C_class,spectral angle mapping,PCA,89.2144,87.4834,-1.7310,27,14,0.0609,1.0000,102,nie
12456_zbledami_L1C_class,spectral angle mapping,GMM,89.2144,88.5486,-0.6658,8,3,0.2266,1.0000,102,nie
12456_zbledami_L1C_class,spectral angle mapping,OneClassSVM,89.2144,88.9481,-0.2663,6,4,0.7539,1.0000,102,nie
12456_zbledami_L1C_class,spectral angle mapping,Percentile,89.2144,89.3475,0.1332,6,7,1.0000,1.0000,102,nie
12456_zbledami_L1C_class,minimum distance,GMM,85.7523,86.0186,0.2663,2,4,0.6875,1.0000,102,nie
12456_zbledami_L1C_class,minimum distance,OneClassSVM,85.7523,86.0186,0.2663,1,3,0.6250,1.0000,102,nie
12456_zbledami_L1C_class,minimum distance,Erosion,85.7523,83.8881,-1.8642,16,2,0.0013,0.1168,102,nie
12456_zbledami_L1C_class,minimum distance,PCA,85.7523,87.6165,1.8642,19,33,0.0714,1.0000,102,nie
12456_zbledami_L1C_class,minimum distance,Percentile,85.7523,85.3529,-0.3995,6,3,0.5078,1.0000,102,nie
12456_zbledami_L1C_class,minimum distance,IsolationForest,85.7523,85.8855,0.1332,1,2,1.0000,1.0000,102,nie
12456_zbledami_L1C_class,minimum distance,LOF,85.7523,85.4860,-0.2663,3,1,0.6250,1.0000,102,nie
12456_zbledami_L1C_class,minimum distance,Mahalanobis,85.7523,85.0866,-0.6658,9,4,0.2668,1.0000,102,nie
12456_zbledami_L1C_class,minimum distance,EllipticEnvelope,85.7523,85.8855,0.1332,4,5,1.0000,1.0000,102,nie
12456_zbledami_L1C_class,minimum distance,PCA_Reconstruction,85.7523,86.1518,0.3995,2,5,0.4531,1.0000,102,nie
12456_zbledami_L1C_class,minimum distance,IQR,85.7523,86.2850,0.5326,8,12,0.5034,1.0000,102,nie
12456_zbledami_L1C_class,minimum distance,Robust_Mahalanobis,85.7523,85.8855,0.1332,25,26,1.0000,1.0000,102,nie
12456_zbledami_L1C_class,minimum distance,HotellingT2,85.7523,85.0866,-0.6658,9,4,0.2668,1.0000,102,nie
12456_zbledami_L1C_class,minimum distance,kNN,85.7523,85.4860,-0.2663,5,3,0.7266,1.0000,102,nie
12456_zbledami_L1C_class,minimum distance,Band_Z-score,85.7523,85.4860,-0.2663,4,2,0.6875,1.0000,102,nie
12456_zbledami_L1C_class,minimum distance,MAD,85.7523,86.2850,0.5326,7,11,0.4807,1.0000,102,nie
12456_zbledami_L1C_class,minimum distance,SAM,85.7523,85.7523,0.0000,2,2,1.0000,1.0000,102,nie
12456_zbledami_L1C_roi,maximum likelihood,GMM,61.5180,62.9827,1.4647,6,17,0.0347,1.0000,102,nie
12456_zbledami_L1C_roi,maximum likelihood,Mahalanobis,61.5180,61.9174,0.3995,34,37,0.8124,1.0000,102,nie
12456_zbledami_L1C_roi,maximum likelihood,IsolationForest,61.5180,62.5832,1.0652,9,17,0.1698,1.0000,102,nie
12456_zbledami_L1C_roi,maximum likelihood,PCA_Reconstruction,61.5180,61.1185,-0.3995,15,12,0.7003,1.0000,102,nie
12456_zbledami_L1C_roi,maximum likelihood,Robust_Mahalanobis,61.5180,1.5979,-59.9201,456,6,0.0000,0.0000,102,TAK
12456_zbledami_L1C_roi,maximum likelihood,SAM,61.5180,63.2490,1.7310,4,17,0.0072,0.5614,102,nie
12456_zbledami_L1C_roi,maximum likelihood,HotellingT2,61.5180,61.3848,-0.1332,31,30,1.0000,1.0000,102,nie
12456_zbledami_L1C_roi,maximum likelihood,MAD,61.5180,51.2650,-10.2530,260,183,0.0003,0.0262,102,TAK
12456_zbledami_L1C_roi,maximum likelihood,IQR,61.5180,11.0519,-50.4660,382,3,0.0000,0.0000,102,TAK
12456_zbledami_L1C_roi,maximum likelihood,EllipticEnvelope,61.5180,61.5180,0.0000,13,13,0.8445,1.0000,102,nie
12456_zbledami_L1C_roi,maximum likelihood,OneClassSVM,61.5180,61.7843,0.2663,14,16,0.8551,1.0000,102,nie
12456_zbledami_L1C_roi,maximum likelihood,LOF,61.5180,62.8495,1.3316,6,16,0.0525,1.0000,102,nie
12456_zbledami_L1C_roi,maximum likelihood,Erosion,61.5180,66.9774,5.4594,30,71,0.0001,0.0062,102,TAK
12456_zbledami_L1C_roi,maximum likelihood,kNN,61.5180,61.5180,0.0000,11,11,1.0000,1.0000,102,nie
12456_zbledami_L1C_roi,maximum likelihood,PCA,61.5180,46.3382,-15.1798,260,146,0.0000,0.0000,102,TAK
12456_zbledami_L1C_roi,maximum likelihood,Percentile,61.5180,60.5859,-0.9321,22,15,0.3239,1.0000,102,nie
12456_zbledami_L1C_roi,maximum likelihood,Band_Z-score,61.5180,61.7843,0.2663,24,26,0.8875,1.0000,102,nie
12456_zbledami_L1C_roi,random forest,GMM,63.5153,62.8495,-0.6658,21,16,0.5108,1.0000,102,nie
12456_zbledami_L1C_roi,random forest,Robust_Mahalanobis,63.5153,50.7324,-12.7830,149,53,0.0000,0.0000,102,TAK
12456_zbledami_L1C_roi,random forest,Mahalanobis,63.5153,65.6458,2.1305,29,45,0.0812,1.0000,102,nie
12456_zbledami_L1C_roi,random forest,OneClassSVM,63.5153,63.5153,0.0000,21,21,0.8774,1.0000,102,nie
12456_zbledami_L1C_roi,random forest,PCA,63.5153,62.4501,-1.0652,57,49,0.4966,1.0000,102,nie
12456_zbledami_L1C_roi,random forest,SAM,63.5153,61.9174,-1.5979,22,10,0.0518,1.0000,102,nie
12456_zbledami_L1C_roi,random forest,EllipticEnvelope,63.5153,62.3169,-1.1984,23,14,0.1884,1.0000,102,nie
12456_zbledami_L1C_roi,random forest,kNN,63.5153,63.9148,0.3995,18,21,0.7488,1.0000,102,nie
12456_zbledami_L1C_roi,random forest,LOF,63.5153,61.7843,-1.7310,23,10,0.0367,1.0000,102,nie
12456_zbledami_L1C_roi,random forest,Percentile,63.5153,63.3822,-0.1332,17,16,1.0000,1.0000,102,nie
12456_zbledami_L1C_roi,random forest,IQR,63.5153,51.7976,-11.7177,142,54,0.0000,0.0000,102,TAK
12456_zbledami_L1C_roi,random forest,Erosion,63.5153,66.0453,2.5300,43,62,0.0790,1.0000,102,nie
12456_zbledami_L1C_roi,random forest,PCA_Reconstruction,63.5153,62.9827,-0.5326,22,18,0.6353,1.0000,102,nie
12456_zbledami_L1C_roi,random forest,Band_Z-score,63.5153,60.8522,-2.6631,45,25,0.0232,1.0000,102,nie
12456_zbledami_L1C_roi,random forest,IsolationForest,63.5153,63.6485,0.1332,17,18,1.0000,1.0000,102,nie
12456_zbledami_L1C_roi,random forest,MAD,63.5153,52.4634,-11.0519,133,50,0.0000,0.0000,102,TAK
12456_zbledami_L1C_roi,random forest,HotellingT2,63.5153,66.0453,2.5300,19,38,0.0171,1.0000,102,nie
12456_zbledami_L1C_roi,multi-layer perceptron,Mahalanobis,89.2144,87.6165,-1.5979,40,28,0.1822,1.0000,102,nie
12456_zbledami_L1C_roi,multi-layer perceptron,Band_Z-score,89.2144,84.8202,-4.3941,61,28,0.0007,0.0576,102,nie
12456_zbledami_L1C_roi,multi-layer perceptron,EllipticEnvelope,89.2144,84.0213,-5.1931,58,19,0.0000,0.0014,102,TAK
12456_zbledami_L1C_roi,multi-layer perceptron,SAM,89.2144,83.7550,-5.4594,57,16,0.0000,0.0003,102,TAK
12456_zbledami_L1C_roi,multi-layer perceptron,PCA_Reconstruction,89.2144,86.4181,-2.7963,44,23,0.0146,1.0000,102,nie
12456_zbledami_L1C_roi,multi-layer perceptron,IQR,89.2144,83.0892,-6.1252,81,35,0.0000,0.0027,102,TAK
12456_zbledami_L1C_roi,multi-layer perceptron,MAD,89.2144,85.7523,-3.4621,52,26,0.0046,0.3669,102,nie
12456_zbledami_L1C_roi,multi-layer perceptron,kNN,89.2144,86.6844,-2.5300,34,15,0.0101,0.7697,102,nie
12456_zbledami_L1C_roi,multi-layer perceptron,LOF,89.2144,88.8149,-0.3995,14,11,0.6892,1.0000,102,nie
12456_zbledami_L1C_roi,multi-layer perceptron,HotellingT2,89.2144,84.4208,-4.7936,68,32,0.0005,0.0395,102,TAK
12456_zbledami_L1C_roi,multi-layer perceptron,Robust_Mahalanobis,89.2144,84.0213,-5.1931,62,23,0.0000,0.0034,102,TAK
12456_zbledami_L1C_roi,multi-layer perceptron,Erosion,89.2144,85.0866,-4.1278,46,15,0.0001,0.0108,102,TAK
12456_zbledami_L1C_roi,multi-layer perceptron,IsolationForest,89.2144,84.8202,-4.3941,51,18,0.0001,0.0104,102,TAK
12456_zbledami_L1C_roi,multi-layer perceptron,Percentile,89.2144,84.1545,-5.0599,68,30,0.0002,0.0162,102,TAK
12456_zbledami_L1C_roi,multi-layer perceptron,OneClassSVM,89.2144,85.8855,-3.3289,39,14,0.0010,0.0802,102,nie
12456_zbledami_L1C_roi,multi-layer perceptron,GMM,89.2144,70.8389,-18.3755,169,31,0.0000,0.0000,102,TAK
12456_zbledami_L1C_roi,multi-layer perceptron,PCA,89.2144,81.3582,-7.8562,92,33,0.0000,0.0000,102,TAK
12456_zbledami_L1C_roi,support vector machine,MAD,91.0786,89.8802,-1.1984,21,12,0.1637,1.0000,102,nie
12456_zbledami_L1C_roi,support vector machine,IQR,91.0786,89.6138,-1.4647,21,10,0.0725,1.0000,102,nie
12456_zbledami_L1C_roi,support vector machine,SAM,91.0786,91.2117,0.1332,1,2,1.0000,1.0000,102,nie
12456_zbledami_L1C_roi,support vector machine,PCA_Reconstruction,91.0786,91.0786,0.0000,1,1,1.0000,1.0000,102,nie
12456_zbledami_L1C_roi,support vector machine,Mahalanobis,91.0786,91.8775,0.7989,3,9,0.1460,1.0000,102,nie
12456_zbledami_L1C_roi,support vector machine,EllipticEnvelope,91.0786,91.2117,0.1332,1,2,1.0000,1.0000,102,nie
12456_zbledami_L1C_roi,support vector machine,Band_Z-score,91.0786,91.2117,0.1332,4,5,1.0000,1.0000,102,nie
12456_zbledami_L1C_roi,support vector machine,OneClassSVM,91.0786,90.8123,-0.2663,3,1,0.6250,1.0000,102,nie
12456_zbledami_L1C_roi,support vector machine,GMM,91.0786,91.2117,0.1332,1,2,1.0000,1.0000,102,nie
12456_zbledami_L1C_roi,support vector machine,PCA,91.0786,89.2144,-1.8642,25,11,0.0303,1.0000,102,nie
12456_zbledami_L1C_roi,support vector machine,Percentile,91.0786,91.0786,0.0000,2,2,1.0000,1.0000,102,nie
12456_zbledami_L1C_roi,support vector machine,Erosion,91.0786,89.8802,-1.1984,11,2,0.0225,1.0000,102,nie
12456_zbledami_L1C_roi,support vector machine,IsolationForest,91.0786,91.2117,0.1332,1,2,1.0000,1.0000,102,nie
12456_zbledami_L1C_roi,support vector machine,HotellingT2,91.0786,92.1438,1.0652,2,10,0.0386,1.0000,102,nie
12456_zbledami_L1C_roi,support vector machine,LOF,91.0786,91.0786,0.0000,1,1,1.0000,1.0000,102,nie
12456_zbledami_L1C_roi,support vector machine,kNN,91.0786,91.2117,0.1332,1,2,1.0000,1.0000,102,nie
12456_zbledami_L1C_roi,support vector machine,Robust_Mahalanobis,91.0786,89.8802,-1.1984,24,15,0.2002,1.0000,102,nie
12456_zbledami_L1C_roi,spectral angle mapping,PCA_Reconstruction,89.2144,88.6818,-0.5326,6,2,0.2891,1.0000,102,nie
12456_zbledami_L1C_roi,spectral angle mapping,SAM,89.2144,88.6818,-0.5326,9,5,0.4240,1.0000,102,nie
12456_zbledami_L1C_roi,spectral angle mapping,EllipticEnvelope,89.2144,88.4154,-0.7989,9,3,0.1460,1.0000,102,nie
12456_zbledami_L1C_roi,spectral angle mapping,Band_Z-score,89.2144,87.7497,-1.4647,20,9,0.0633,1.0000,102,nie
12456_zbledami_L1C_roi,spectral angle mapping,Mahalanobis,89.2144,88.6818,-0.5326,18,14,0.5959,1.0000,102,nie
12456_zbledami_L1C_roi,spectral angle mapping,MAD,89.2144,88.5486,-0.6658,26,21,0.5596,1.0000,102,nie
12456_zbledami_L1C_roi,spectral angle mapping,IQR,89.2144,90.1465,0.9321,14,21,0.3105,1.0000,102,nie
12456_zbledami_L1C_roi,spectral angle mapping,IsolationForest,89.2144,88.5486,-0.6658,9,4,0.2668,1.0000,102,nie
12456_zbledami_L1C_roi,spectral angle mapping,Erosion,89.2144,88.0160,-1.1984,22,13,0.1763,1.0000,102,nie
12456_zbledami_L1C_roi,spectral angle mapping,Robust_Mahalanobis,89.2144,86.1518,-3.0626,40,17,0.0036,0.2855,102,nie
12456_zbledami_L1C_roi,spectral angle mapping,HotellingT2,89.2144,88.9481,-0.2663,17,15,0.8597,1.0000,102,nie
12456_zbledami_L1C_roi,spectral angle mapping,kNN,89.2144,88.5486,-0.6658,9,4,0.2668,1.0000,102,nie
12456_zbledami_L1C_roi,spectral angle mapping,LOF,89.2144,88.6818,-0.5326,8,4,0.3877,1.0000,102,nie
12456_zbledami_L1C_roi,spectral angle mapping,PCA,89.2144,87.2170,-1.9973,39,24,0.0778,1.0000,102,nie
12456_zbledami_L1C_roi,spectral angle mapping,GMM,89.2144,88.5486,-0.6658,8,3,0.2266,1.0000,102,nie
12456_zbledami_L1C_roi,spectral angle mapping,OneClassSVM,89.2144,88.9481,-0.2663,12,10,0.8318,1.0000,102,nie
12456_zbledami_L1C_roi,spectral angle mapping,Percentile,89.2144,88.5486,-0.6658,13,8,0.3833,1.0000,102,nie
12456_zbledami_L1C_roi,minimum distance,GMM,85.7523,85.8855,0.1332,2,3,1.0000,1.0000,102,nie
12456_zbledami_L1C_roi,minimum distance,OneClassSVM,85.7523,85.3529,-0.3995,5,2,0.4531,1.0000,102,nie
12456_zbledami_L1C_roi,minimum distance,Erosion,85.7523,83.8881,-1.8642,16,2,0.0013,0.1063,102,nie
12456_zbledami_L1C_roi,minimum distance,PCA,85.7523,84.9534,-0.7989,28,22,0.4795,1.0000,102,nie
12456_zbledami_L1C_roi,minimum distance,Percentile,85.7523,85.3529,-0.3995,5,2,0.4531,1.0000,102,nie
12456_zbledami_L1C_roi,minimum distance,IsolationForest,85.7523,85.6192,-0.1332,4,3,1.0000,1.0000,102,nie
12456_zbledami_L1C_roi,minimum distance,LOF,85.7523,86.0186,0.2663,2,4,0.6875,1.0000,102,nie
12456_zbledami_L1C_roi,minimum distance,Mahalanobis,85.7523,84.1545,-1.5979,12,0,0.0005,0.0410,102,TAK
12456_zbledami_L1C_roi,minimum distance,EllipticEnvelope,85.7523,85.4860,-0.2663,4,2,0.6875,1.0000,102,nie
12456_zbledami_L1C_roi,minimum distance,PCA_Reconstruction,85.7523,85.4860,-0.2663,4,2,0.6875,1.0000,102,nie
12456_zbledami_L1C_roi,minimum distance,IQR,85.7523,84.0213,-1.7310,21,8,0.0259,1.0000,102,nie
12456_zbledami_L1C_roi,minimum distance,Robust_Mahalanobis,85.7523,84.5539,-1.1984,23,14,0.1884,1.0000,102,nie
12456_zbledami_L1C_roi,minimum distance,HotellingT2,85.7523,84.4208,-1.3316,12,2,0.0129,0.9705,102,nie
12456_zbledami_L1C_roi,minimum distance,kNN,85.7523,85.6192,-0.1332,4,3,1.0000,1.0000,102,nie
12456_zbledami_L1C_roi,minimum distance,Band_Z-score,85.7523,84.6871,-1.0652,11,3,0.0574,1.0000,102,nie
12456_zbledami_L1C_roi,minimum distance,MAD,85.7523,83.6218,-2.1305,24,8,0.0080,0.6168,102,nie
12456_zbledami_L1C_roi,minimum distance,SAM,85.7523,85.6192,-0.1332,4,3,1.0000,1.0000,102,nie
12456_zbledami_L2A_class,maximum likelihood,GMM,69.7736,71.2383,1.4647,3,14,0.0127,0.9799,102,nie
12456_zbledami_L2A_class,maximum likelihood,Mahalanobis,69.7736,73.9015,4.1278,16,47,0.0002,0.0144,102,TAK
12456_zbledami_L2A_class,maximum likelihood,IsolationForest,69.7736,71.9041,2.1305,4,20,0.0015,0.1281,102,nie
12456_zbledami_L2A_class,maximum likelihood,PCA_Reconstruction,69.7736,71.1052,1.3316,7,17,0.0639,1.0000,102,nie
12456_zbledami_L2A_class,maximum likelihood,Robust_Mahalanobis,69.7736,78.1625,8.3888,42,105,0.0000,0.0000,102,TAK
12456_zbledami_L2A_class,maximum likelihood,SAM,69.7736,72.7031,2.9294,4,26,0.0001,0.0117,102,TAK
12456_zbledami_L2A_class,maximum likelihood,HotellingT2,69.7736,74.3009,4.5273,16,50,0.0000,0.0047,102,TAK
12456_zbledami_L2A_class,maximum likelihood,MAD,69.7736,72.7031,2.9294,9,31,0.0009,0.0764,102,nie
12456_zbledami_L2A_class,maximum likelihood,IQR,69.7736,62.7164,-7.0573,77,24,0.0000,0.0000,102,TAK
12456_zbledami_L2A_class,maximum likelihood,EllipticEnvelope,69.7736,72.8362,3.0626,4,27,0.0001,0.0075,102,TAK
12456_zbledami_L2A_class,maximum likelihood,OneClassSVM,69.7736,72.8362,3.0626,6,29,0.0002,0.0182,102,TAK
12456_zbledami_L2A_class,maximum likelihood,LOF,69.7736,71.5047,1.7310,3,16,0.0044,0.3584,102,nie
12456_zbledami_L2A_class,maximum likelihood,Erosion,69.7736,69.7736,0.0000,28,28,0.8937,1.0000,102,nie
12456_zbledami_L2A_class,maximum likelihood,kNN,69.7736,71.9041,2.1305,4,20,0.0015,0.1281,102,nie
12456_zbledami_L2A_class,maximum likelihood,PCA,69.7736,76.6977,6.9241,27,79,0.0000,0.0001,102,TAK
12456_zbledami_L2A_class,maximum likelihood,Percentile,69.7736,73.5020,3.7284,10,38,0.0001,0.0092,102,TAK
12456_zbledami_L2A_class,maximum likelihood,Band_Z-score,69.7736,72.7031,2.9294,8,30,0.0007,0.0566,102,nie
12456_zbledami_L2A_class,random forest,GMM,84.8202,85.6192,0.7989,14,20,0.3912,1.0000,102,nie
12456_zbledami_L2A_class,random forest,Robust_Mahalanobis,84.8202,82.9561,-1.8642,42,28,0.1202,1.0000,102,nie
12456_zbledami_L2A_class,random forest,Mahalanobis,84.8202,86.2850,1.4647,16,27,0.1273,1.0000,102,nie
12456_zbledami_L2A_class,random forest,OneClassSVM,84.8202,85.0866,0.2663,14,16,0.8551,1.0000,102,nie
12456_zbledami_L2A_class,random forest,PCA,84.8202,81.0919,-3.7284,63,35,0.0064,0.5102,102,nie
12456_zbledami_L2A_class,random forest,SAM,84.8202,85.3529,0.5326,15,19,0.6069,1.0000,102,nie
12456_zbledami_L2A_class,random forest,EllipticEnvelope,84.8202,85.8855,1.0652,15,23,0.2561,1.0000,102,nie
12456_zbledami_L2A_class,random forest,kNN,84.8202,83.3555,-1.4647,31,20,0.1614,1.0000,102,nie
12456_zbledami_L2A_class,random forest,LOF,84.8202,84.4208,-0.3995,15,12,0.7003,1.0000,102,nie
12456_zbledami_L2A_class,random forest,Percentile,84.8202,82.4234,-2.3968,41,23,0.0336,1.0000,102,nie
12456_zbledami_L2A_class,random forest,IQR,84.8202,85.2197,0.3995,30,33,0.8011,1.0000,102,nie
12456_zbledami_L2A_class,random forest,Erosion,84.8202,83.2224,-1.5979,35,23,0.1486,1.0000,102,nie
12456_zbledami_L2A_class,random forest,PCA_Reconstruction,84.8202,86.8176,1.9973,11,26,0.0214,1.0000,102,nie
12456_zbledami_L2A_class,random forest,Band_Z-score,84.8202,84.9534,0.1332,23,24,1.0000,1.0000,102,nie
12456_zbledami_L2A_class,random forest,IsolationForest,84.8202,85.8855,1.0652,13,21,0.2299,1.0000,102,nie
12456_zbledami_L2A_class,random forest,MAD,84.8202,84.6871,-0.1332,30,29,1.0000,1.0000,102,nie
12456_zbledami_L2A_class,random forest,HotellingT2,84.8202,85.4860,0.6658,17,22,0.5218,1.0000,102,nie
12456_zbledami_L2A_class,multi-layer perceptron,Mahalanobis,86.4181,86.4181,0.0000,31,31,0.8989,1.0000,102,nie
12456_zbledami_L2A_class,multi-layer perceptron,Band_Z-score,86.4181,88.8149,2.3968,15,33,0.0141,1.0000,102,nie
12456_zbledami_L2A_class,multi-layer perceptron,EllipticEnvelope,86.4181,84.6871,-1.7310,35,22,0.1120,1.0000,102,nie
12456_zbledami_L2A_class,multi-layer perceptron,SAM,86.4181,81.3582,-5.0599,64,26,0.0001,0.0091,102,TAK
12456_zbledami_L2A_class,multi-layer perceptron,PCA_Reconstruction,86.4181,82.4234,-3.9947,49,19,0.0004,0.0384,102,TAK
12456_zbledami_L2A_class,multi-layer perceptron,IQR,86.4181,86.6844,0.2663,33,35,0.9035,1.0000,102,nie
12456_zbledami_L2A_class,multi-layer perceptron,MAD,86.4181,86.5513,0.1332,40,41,1.0000,1.0000,102,nie
12456_zbledami_L2A_class,multi-layer perceptron,kNN,86.4181,81.8908,-4.5273,62,28,0.0005,0.0439,102,TAK
12456_zbledami_L2A_class,multi-layer perceptron,LOF,86.4181,82.0240,-4.3941,56,23,0.0003,0.0283,102,TAK
12456_zbledami_L2A_class,multi-layer perceptron,HotellingT2,86.4181,86.6844,0.2663,26,28,0.8918,1.0000,102,nie
12456_zbledami_L2A_class,multi-layer perceptron,Robust_Mahalanobis,86.4181,78.0293,-8.3888,91,28,0.0000,0.0000,102,TAK
12456_zbledami_L2A_class,multi-layer perceptron,Erosion,86.4181,83.6218,-2.7963,50,29,0.0244,1.0000,102,nie
12456_zbledami_L2A_class,multi-layer perceptron,IsolationForest,86.4181,80.4261,-5.9920,60,15,0.0000,0.0000,102,TAK
12456_zbledami_L2A_class,multi-layer perceptron,Percentile,86.4181,87.2170,0.7989,29,35,0.5320,1.0000,102,nie
12456_zbledami_L2A_class,multi-layer perceptron,OneClassSVM,86.4181,82.9561,-3.4621,55,29,0.0064,0.5102,102,nie
12456_zbledami_L2A_class,multi-layer perceptron,GMM,86.4181,83.0892,-3.3289,53,28,0.0077,0.5975,102,nie
12456_zbledami_L2A_class,multi-layer perceptron,PCA,86.4181,82.0240,-4.3941,63,30,0.0009,0.0764,102,nie
12456_zbledami_L2A_class,support vector machine,MAD,91.6112,90.6791,-0.9321,15,8,0.2100,1.0000,102,nie
12456_zbledami_L2A_class,support vector machine,IQR,91.6112,90.8123,-0.7989,14,8,0.2863,1.0000,102,nie
12456_zbledami_L2A_class,support vector machine,SAM,91.6112,91.6112,0.0000,1,1,1.0000,1.0000,102,nie
12456_zbledami_L2A_class,support vector machine,PCA_Reconstruction,91.6112,92.0107,0.3995,1,4,0.3750,1.0000,102,nie
12456_zbledami_L2A_class,support vector machine,Mahalanobis,91.6112,93.0759,1.4647,6,17,0.0347,1.0000,102,nie
12456_zbledami_L2A_class,support vector machine,EllipticEnvelope,91.6112,92.2770,0.6658,0,5,0.0625,1.0000,102,nie
12456_zbledami_L2A_class,support vector machine,Band_Z-score,91.6112,91.7443,0.1332,8,9,1.0000,1.0000,102,nie
12456_zbledami_L2A_class,support vector machine,OneClassSVM,91.6112,92.1438,0.5326,1,5,0.2188,1.0000,102,nie
12456_zbledami_L2A_class,support vector machine,GMM,91.6112,92.2770,0.6658,1,6,0.1250,1.0000,102,nie
12456_zbledami_L2A_class,support vector machine,PCA,91.6112,89.2144,-2.3968,33,15,0.0141,1.0000,102,nie
12456_zbledami_L2A_class,support vector machine,Percentile,91.6112,91.0786,-0.5326,9,5,0.4240,1.0000,102,nie
12456_zbledami_L2A_class,support vector machine,Erosion,91.6112,89.3475,-2.2636,19,2,0.0002,0.0199,102,TAK
12456_zbledami_L2A_class,support vector machine,IsolationForest,91.6112,91.4780,-0.1332,3,2,1.0000,1.0000,102,nie
12456_zbledami_L2A_class,support vector machine,HotellingT2,91.6112,92.5433,0.9321,9,16,0.2301,1.0000,102,nie
12456_zbledami_L2A_class,support vector machine,LOF,91.6112,91.6112,0.0000,0,0,1.0000,1.0000,102,nie
12456_zbledami_L2A_class,support vector machine,kNN,91.6112,92.4101,0.7989,0,6,0.0312,1.0000,102,nie
12456_zbledami_L2A_class,support vector machine,Robust_Mahalanobis,91.6112,91.3449,-0.2663,17,15,0.8597,1.0000,102,nie
12456_zbledami_L2A_class,spectral angle mapping,PCA_Reconstruction,84.5539,84.2876,-0.2663,8,6,0.7905,1.0000,102,nie
12456_zbledami_L2A_class,spectral angle mapping,SAM,84.5539,85.0866,0.5326,3,7,0.3438,1.0000,102,nie
12456_zbledami_L2A_class,spectral angle mapping,EllipticEnvelope,84.5539,84.6871,0.1332,7,8,1.0000,1.0000,102,nie
12456_zbledami_L2A_class,spectral angle mapping,Band_Z-score,84.5539,85.4860,0.9321,9,16,0.2301,1.0000,102,nie
12456_zbledami_L2A_class,spectral angle mapping,Mahalanobis,84.5539,84.5539,0.0000,15,15,0.8551,1.0000,102,nie
12456_zbledami_L2A_class,spectral angle mapping,MAD,84.5539,85.2197,0.6658,10,15,0.4237,1.0000,102,nie
12456_zbledami_L2A_class,spectral angle mapping,IQR,84.5539,85.2197,0.6658,12,17,0.4576,1.0000,102,nie
12456_zbledami_L2A_class,spectral angle mapping,IsolationForest,84.5539,84.6871,0.1332,6,7,1.0000,1.0000,102,nie
12456_zbledami_L2A_class,spectral angle mapping,Erosion,84.5539,84.8202,0.2663,9,11,0.8238,1.0000,102,nie
12456_zbledami_L2A_class,spectral angle mapping,Robust_Mahalanobis,84.5539,83.8881,-0.6658,28,23,0.5754,1.0000,102,nie
12456_zbledami_L2A_class,spectral angle mapping,HotellingT2,84.5539,84.8202,0.2663,14,16,0.8551,1.0000,102,nie
12456_zbledami_L2A_class,spectral angle mapping,kNN,84.5539,84.4208,-0.1332,7,6,1.0000,1.0000,102,nie
12456_zbledami_L2A_class,spectral angle mapping,LOF,84.5539,83.7550,-0.7989,7,1,0.0703,1.0000,102,nie
12456_zbledami_L2A_class,spectral angle mapping,PCA,84.5539,82.8229,-1.7310,31,18,0.0865,1.0000,102,nie
12456_zbledami_L2A_class,spectral angle mapping,GMM,84.5539,84.4208,-0.1332,6,5,1.0000,1.0000,102,nie
12456_zbledami_L2A_class,spectral angle mapping,OneClassSVM,84.5539,84.6871,0.1332,6,7,1.0000,1.0000,102,nie
12456_zbledami_L2A_class,spectral angle mapping,Percentile,84.5539,84.9534,0.3995,12,15,0.7003,1.0000,102,nie
12456_zbledami_L2A_class,minimum distance,GMM,84.9534,85.2197,0.2663,0,2,0.5000,1.0000,102,nie
12456_zbledami_L2A_class,minimum distance,OneClassSVM,84.9534,85.0866,0.1332,0,1,1.0000,1.0000,102,nie
12456_zbledami_L2A_class,minimum distance,Erosion,84.9534,85.3529,0.3995,6,9,0.6072,1.0000,102,nie
12456_zbledami_L2A_class,minimum distance,PCA,84.9534,86.4181,1.4647,14,25,0.1093,1.0000,102,nie
12456_zbledami_L2A_class,minimum distance,Percentile,84.9534,84.8202,-0.1332,4,3,1.0000,1.0000,102,nie
12456_zbledami_L2A_class,minimum distance,IsolationForest,84.9534,85.2197,0.2663,0,2,0.5000,1.0000,102,nie
12456_zbledami_L2A_class,minimum distance,LOF,84.9534,84.6871,-0.2663,2,0,0.5000,1.0000,102,nie
12456_zbledami_L2A_class,minimum distance,Mahalanobis,84.9534,84.8202,-0.1332,4,3,1.0000,1.0000,102,nie
12456_zbledami_L2A_class,minimum distance,EllipticEnvelope,84.9534,85.0866,0.1332,0,1,1.0000,1.0000,102,nie
12456_zbledami_L2A_class,minimum distance,PCA_Reconstruction,84.9534,84.9534,0.0000,0,0,1.0000,1.0000,102,nie
12456_zbledami_L2A_class,minimum distance,IQR,84.9534,85.6192,0.6658,3,8,0.2266,1.0000,102,nie
12456_zbledami_L2A_class,minimum distance,Robust_Mahalanobis,84.9534,84.8202,-0.1332,14,13,1.0000,1.0000,102,nie
12456_zbledami_L2A_class,minimum distance,HotellingT2,84.9534,84.9534,0.0000,5,5,1.0000,1.0000,102,nie
12456_zbledami_L2A_class,minimum distance,kNN,84.9534,85.2197,0.2663,0,2,0.5000,1.0000,102,nie
12456_zbledami_L2A_class,minimum distance,Band_Z-score,84.9534,85.8855,0.9321,0,7,0.0156,1.0000,102,nie
12456_zbledami_L2A_class,minimum distance,MAD,84.9534,85.6192,0.6658,2,7,0.1797,1.0000,102,nie
12456_zbledami_L2A_class,minimum distance,SAM,84.9534,84.9534,0.0000,0,0,1.0000,1.0000,102,nie
12456_zbledami_L2A_roi,maximum likelihood,GMM,69.7736,71.2383,1.4647,5,16,0.0266,1.0000,102,nie
12456_zbledami_L2A_roi,maximum likelihood,Mahalanobis,69.7736,69.5073,-0.2663,29,27,0.8937,1.0000,102,nie
12456_zbledami_L2A_roi,maximum likelihood,IsolationForest,69.7736,71.1052,1.3316,10,20,0.1003,1.0000,102,nie
12456_zbledami_L2A_roi,maximum likelihood,PCA_Reconstruction,69.7736,71.1052,1.3316,6,16,0.0525,1.0000,102,nie
12456_zbledami_L2A_roi,maximum likelihood,Robust_Mahalanobis,69.7736,77.2304,7.4567,44,100,0.0000,0.0004,102,TAK
12456_zbledami_L2A_roi,maximum likelihood,SAM,69.7736,71.1052,1.3316,10,20,0.1003,1.0000,102,nie
12456_zbledami_L2A_roi,maximum likelihood,HotellingT2,69.7736,67.9095,-1.8642,33,19,0.0714,1.0000,102,nie
12456_zbledami_L2A_roi,maximum likelihood,MAD,69.7736,63.3822,-6.3915,90,42,0.0000,0.0039,102,TAK
12456_zbledami_L2A_roi,maximum likelihood,IQR,69.7736,64.1811,-5.5925,72,30,0.0000,0.0044,102,TAK
12456_zbledami_L2A_roi,maximum likelihood,EllipticEnvelope,69.7736,70.3063,0.5326,11,15,0.5563,1.0000,102,nie
12456_zbledami_L2A_roi,maximum likelihood,OneClassSVM,69.7736,71.1052,1.3316,14,24,0.1443,1.0000,102,nie
12456_zbledami_L2A_roi,maximum likelihood,LOF,69.7736,70.1731,0.3995,11,14,0.6892,1.0000,102,nie
12456_zbledami_L2A_roi,maximum likelihood,Erosion,69.7736,69.7736,0.0000,28,28,0.8937,1.0000,102,nie
12456_zbledami_L2A_roi,maximum likelihood,kNN,69.7736,70.4394,0.6658,10,15,0.4237,1.0000,102,nie
12456_zbledami_L2A_roi,maximum likelihood,PCA,69.7736,56.9907,-12.7830,128,32,0.0000,0.0000,102,TAK
12456_zbledami_L2A_roi,maximum likelihood,Percentile,69.7736,68.5752,-1.1984,25,16,0.2115,1.0000,102,nie
12456_zbledami_L2A_roi,maximum likelihood,Band_Z-score,69.7736,69.3742,-0.3995,22,19,0.7548,1.0000,102,nie
12456_zbledami_L2A_roi,random forest,GMM,84.0213,86.0186,1.9973,5,20,0.0051,0.4088,102,nie
12456_zbledami_L2A_roi,random forest,Robust_Mahalanobis,84.0213,84.8202,0.7989,33,39,0.5557,1.0000,102,nie
12456_zbledami_L2A_roi,random forest,Mahalanobis,84.0213,86.5513,2.5300,14,33,0.0087,0.6574,102,nie
12456_zbledami_L2A_roi,random forest,OneClassSVM,84.0213,86.0186,1.9973,11,26,0.0214,1.0000,102,nie
12456_zbledami_L2A_roi,random forest,PCA,84.0213,82.6897,-1.3316,36,26,0.2530,1.0000,102,nie
12456_zbledami_L2A_roi,random forest,SAM,84.0213,86.4181,2.3968,10,28,0.0058,0.4598,102,nie
12456_zbledami_L2A_roi,random forest,EllipticEnvelope,84.0213,85.6192,1.5979,7,19,0.0310,1.0000,102,nie
12456_zbledami_L2A_roi,random forest,kNN,84.0213,85.6192,1.5979,11,23,0.0592,1.0000,102,nie
12456_zbledami_L2A_roi,random forest,LOF,84.0213,86.2850,2.2636,10,27,0.0085,0.6567,102,nie
12456_zbledami_L2A_roi,random forest,Percentile,84.0213,86.8176,2.7963,10,31,0.0018,0.1483,102,nie
12456_zbledami_L2A_roi,random forest,IQR,84.0213,85.8855,1.8642,16,30,0.0553,1.0000,102,nie
12456_zbledami_L2A_roi,random forest,Erosion,84.0213,83.6218,-0.3995,26,23,0.7751,1.0000,102,nie
12456_zbledami_L2A_roi,random forest,PCA_Reconstruction,84.0213,85.8855,1.8642,13,27,0.0398,1.0000,102,nie
12456_zbledami_L2A_roi,random forest,Band_Z-score,84.0213,86.5513,2.5300,11,30,0.0049,0.3999,102,nie
12456_zbledami_L2A_roi,random forest,IsolationForest,84.0213,86.5513,2.5300,7,26,0.0017,0.1451,102,nie
12456_zbledami_L2A_roi,random forest,MAD,84.0213,84.4208,0.3995,33,36,0.8097,1.0000,102,nie
12456_zbledami_L2A_roi,random forest,HotellingT2,84.0213,86.9507,2.9294,15,37,0.0036,0.2943,102,nie
12456_zbledami_L2A_roi,multi-layer perceptron,Mahalanobis,77.0972,89.0812,11.9840,32,122,0.0000,0.0000,102,TAK
12456_zbledami_L2A_roi,multi-layer perceptron,Band_Z-score,77.0972,86.9507,9.8535,23,97,0.0000,0.0000,102,TAK
12456_zbledami_L2A_roi,multi-layer perceptron,EllipticEnvelope,77.0972,83.6218,6.5246,41,90,0.0000,0.0025,102,TAK
12456_zbledami_L2A_roi,multi-layer perceptron,SAM,77.0972,85.0866,7.9893,20,80,0.0000,0.0000,102,TAK
12456_zbledami_L2A_roi,multi-layer perceptron,PCA_Reconstruction,77.0972,83.2224,6.1252,43,89,0.0001,0.0079,102,TAK
12456_zbledami_L2A_roi,multi-layer perceptron,IQR,77.0972,85.6192,8.5220,27,91,0.0000,0.0000,102,TAK
12456_zbledami_L2A_roi,multi-layer perceptron,MAD,77.0972,87.2170,10.1198,35,111,0.0000,0.0000,102,TAK
12456_zbledami_L2A_roi,multi-layer perceptron,kNN,77.0972,80.9587,3.8615,38,67,0.0063,0.4902,102,nie
12456_zbledami_L2A_roi,multi-layer perceptron,LOF,77.0972,58.1891,-18.9081,155,13,0.0000,0.0000,102,TAK
12456_zbledami_L2A_roi,multi-layer perceptron,HotellingT2,77.0972,87.4834,10.3862,28,106,0.0000,0.0000,102,TAK
12456_zbledami_L2A_roi,multi-layer perceptron,Robust_Mahalanobis,77.0972,83.4887,6.3915,55,103,0.0002,0.0159,102,TAK
12456_zbledami_L2A_roi,multi-layer perceptron,Erosion,77.0972,80.6924,3.5952,73,100,0.0481,1.0000,102,nie
12456_zbledami_L2A_roi,multi-layer perceptron,IsolationForest,77.0972,84.9534,7.8562,38,97,0.0000,0.0001,102,TAK
12456_zbledami_L2A_roi,multi-layer perceptron,Percentile,77.0972,81.8908,4.7936,22,58,0.0001,0.0079,102,TAK
12456_zbledami_L2A_roi,multi-layer perceptron,OneClassSVM,77.0972,79.7603,2.6631,82,102,0.1613,1.0000,102,nie
12456_zbledami_L2A_roi,multi-layer perceptron,GMM,77.0972,84.9534,7.8562,33,92,0.0000,0.0000,102,TAK
12456_zbledami_L2A_roi,multi-layer perceptron,PCA,77.0972,80.6924,3.5952,63,90,0.0356,1.0000,102,nie
12456_zbledami_L2A_roi,support vector machine,MAD,91.6112,90.9454,-0.6658,18,13,0.4725,1.0000,102,nie
12456_zbledami_L2A_roi,support vector machine,IQR,91.6112,91.2117,-0.3995,17,14,0.7194,1.0000,102,nie
12456_zbledami_L2A_roi,support vector machine,SAM,91.6112,91.0786,-0.5326,4,0,0.1250,1.0000,102,nie
12456_zbledami_L2A_roi,support vector machine,PCA_Reconstruction,91.6112,91.2117,-0.3995,3,0,0.2500,1.0000,102,nie
12456_zbledami_L2A_roi,support vector machine,Mahalanobis,91.6112,91.8775,0.2663,10,12,0.8318,1.0000,102,nie
12456_zbledami_L2A_roi,support vector machine,EllipticEnvelope,91.6112,91.7443,0.1332,1,2,1.0000,1.0000,102,nie
12456_zbledami_L2A_roi,support vector machine,Band_Z-score,91.6112,92.6764,1.0652,2,10,0.0386,1.0000,102,nie
12456_zbledami_L2A_roi,support vector machine,OneClassSVM,91.6112,91.6112,0.0000,4,4,1.0000,1.0000,102,nie
12456_zbledami_L2A_roi,support vector machine,GMM,91.6112,91.2117,-0.3995,3,0,0.2500,1.0000,102,nie
12456_zbledami_L2A_roi,support vector machine,PCA,91.6112,89.4807,-2.1305,34,18,0.0375,1.0000,102,nie
12456_zbledami_L2A_roi,support vector machine,Percentile,91.6112,90.9454,-0.6658,7,2,0.1797,1.0000,102,nie
12456_zbledami_L2A_roi,support vector machine,Erosion,91.6112,89.3475,-2.2636,19,2,0.0002,0.0188,102,TAK
12456_zbledami_L2A_roi,support vector machine,IsolationForest,91.6112,91.4780,-0.1332,2,1,1.0000,1.0000,102,nie
12456_zbledami_L2A_roi,support vector machine,HotellingT2,91.6112,91.8775,0.2663,9,11,0.8238,1.0000,102,nie
12456_zbledami_L2A_roi,support vector machine,LOF,91.6112,91.4780,-0.1332,1,0,1.0000,1.0000,102,nie
12456_zbledami_L2A_roi,support vector machine,kNN,91.6112,91.4780,-0.1332,1,0,1.0000,1.0000,102,nie
12456_zbledami_L2A_roi,support vector machine,Robust_Mahalanobis,91.6112,90.0133,-1.5979,34,22,0.1416,1.0000,102,nie
12456_zbledami_L2A_roi,spectral angle mapping,PCA_Reconstruction,84.5539,84.0213,-0.5326,6,2,0.2891,1.0000,102,nie
12456_zbledami_L2A_roi,spectral angle mapping,SAM,84.5539,84.2876,-0.2663,7,5,0.7744,1.0000,102,nie
12456_zbledami_L2A_roi,spectral angle mapping,EllipticEnvelope,84.5539,84.0213,-0.5326,9,5,0.4240,1.0000,102,nie
12456_zbledami_L2A_roi,spectral angle mapping,Band_Z-score,84.5539,84.9534,0.3995,7,10,0.6291,1.0000,102,nie
12456_zbledami_L2A_roi,spectral angle mapping,Mahalanobis,84.5539,85.0866,0.5326,10,14,0.5413,1.0000,102,nie
12456_zbledami_L2A_roi,spectral angle mapping,MAD,84.5539,85.2197,0.6658,18,23,0.5322,1.0000,102,nie
12456_zbledami_L2A_roi,spectral angle mapping,IQR,84.5539,84.5539,0.0000,22,22,0.8802,1.0000,102,nie
12456_zbledami_L2A_roi,spectral angle mapping,IsolationForest,84.5539,83.8881,-0.6658,9,4,0.2668,1.0000,102,nie
12456_zbledami_L2A_roi,spectral angle mapping,Erosion,84.5539,84.8202,0.2663,9,11,0.8238,1.0000,102,nie
12456_zbledami_L2A_roi,spectral angle mapping,Robust_Mahalanobis,84.5539,83.7550,-0.7989,32,26,0.5115,1.0000,102,nie
12456_zbledami_L2A_roi,spectral angle mapping,HotellingT2,84.5539,84.9534,0.3995,10,13,0.6776,1.0000,102,nie
12456_zbledami_L2A_roi,spectral angle mapping,kNN,84.5539,84.1545,-0.3995,6,3,0.5078,1.0000,102,nie
12456_zbledami_L2A_roi,spectral angle mapping,LOF,84.5539,84.0213,-0.5326,8,4,0.3877,1.0000,102,nie
12456_zbledami_L2A_roi,spectral angle mapping,PCA,84.5539,84.0213,-0.5326,29,25,0.6831,1.0000,102,nie
12456_zbledami_L2A_roi,spectral angle mapping,GMM,84.5539,84.0213,-0.5326,7,3,0.3438,1.0000,102,nie
12456_zbledami_L2A_roi,spectral angle mapping,OneClassSVM,84.5539,84.1545,-0.3995,7,4,0.5488,1.0000,102,nie
12456_zbledami_L2A_roi,spectral angle mapping,Percentile,84.5539,83.6218,-0.9321,11,4,0.1185,1.0000,102,nie
12456_zbledami_L2A_roi,minimum distance,GMM,84.9534,85.0866,0.1332,0,1,1.0000,1.0000,102,nie
12456_zbledami_L2A_roi,minimum distance,OneClassSVM,84.9534,84.6871,-0.2663,2,0,0.5000,1.0000,102,nie
12456_zbledami_L2A_roi,minimum distance,Erosion,84.9534,85.3529,0.3995,6,9,0.6072,1.0000,102,nie
12456_zbledami_L2A_roi,minimum distance,PCA,84.9534,84.4208,-0.5326,25,21,0.6583,1.0000,102,nie
12456_zbledami_L2A_roi,minimum distance,Percentile,84.9534,84.6871,-0.2663,2,0,0.5000,1.0000,102,nie
12456_zbledami_L2A_roi,minimum distance,IsolationForest,84.9534,84.9534,0.0000,0,0,1.0000,1.0000,102,nie
12456_zbledami_L2A_roi,minimum distance,LOF,84.9534,85.0866,0.1332,0,1,1.0000,1.0000,102,nie
12456_zbledami_L2A_roi,minimum distance,Mahalanobis,84.9534,84.2876,-0.6658,9,4,0.2668,1.0000,102,nie
12456_zbledami_L2A_roi,minimum distance,EllipticEnvelope,84.9534,84.8202,-0.1332,1,0,1.0000,1.0000,102,nie
12456_zbledami_L2A_roi,minimum distance,PCA_Reconstruction,84.9534,84.9534,0.0000,0,0,1.0000,1.0000,102,nie
12456_zbledami_L2A_roi,minimum distance,IQR,84.9534,83.6218,-1.3316,17,7,0.0639,1.0000,102,nie
12456_zbledami_L2A_roi,minimum distance,Robust_Mahalanobis,84.9534,83.7550,-1.1984,26,17,0.2225,1.0000,102,nie
12456_zbledami_L2A_roi,minimum distance,HotellingT2,84.9534,84.1545,-0.7989,9,3,0.1460,1.0000,102,nie
12456_zbledami_L2A_roi,minimum distance,kNN,84.9534,84.9534,0.0000,1,1,1.0000,1.0000,102,nie
12456_zbledami_L2A_roi,minimum distance,Band_Z-score,84.9534,84.8202,-0.1332,5,4,1.0000,1.0000,102,nie
12456_zbledami_L2A_roi,minimum distance,MAD,84.9534,84.5539,-0.3995,14,11,0.6892,1.0000,102,nie
12456_zbledami_L2A_roi,minimum distance,SAM,84.9534,85.0866,0.1332,0,1,1.0000,1.0000,102,nie
134567_poprawny_L1C_class,maximum likelihood,GMM,59.7403,60.6848,0.9445,3,11,0.0574,1.0000,102,nie
134567_poprawny_L1C_class,maximum likelihood,Mahalanobis,59.7403,21.0153,-38.7249,341,13,0.0000,0.0000,102,TAK
134567_poprawny_L1C_class,maximum likelihood,IsolationForest,59.7403,60.3306,0.5903,7,12,0.3593,1.0000,102,nie
134567_poprawny_L1C_class,maximum likelihood,PCA_Reconstruction,59.7403,60.0945,0.3542,4,7,0.5488,1.0000,102,nie
134567_poprawny_L1C_class,maximum likelihood,Robust_Mahalanobis,59.7403,29.1617,-30.5785,295,36,0.0000,0.0000,102,TAK
134567_poprawny_L1C_class,maximum likelihood,SAM,59.7403,59.2680,-0.4723,9,5,0.4240,1.0000,102,nie
134567_poprawny_L1C_class,maximum likelihood,HotellingT2,59.7403,57.4970,-2.2432,48,29,0.0402,1.0000,102,nie
134567_poprawny_L1C_class,maximum likelihood,MAD,59.7403,47.3436,-12.3967,379,274,0.0000,0.0041,102,TAK
134567_poprawny_L1C_class,maximum likelihood,IQR,59.7403,54.5455,-5.1948,69,25,0.0000,0.0008,102,TAK
134567_poprawny_L1C_class,maximum likelihood,EllipticEnvelope,59.7403,60.0945,0.3542,5,8,0.5811,1.0000,102,nie
134567_poprawny_L1C_class,maximum likelihood,OneClassSVM,59.7403,60.3306,0.5903,4,9,0.2668,1.0000,102,nie
134567_poprawny_L1C_class,maximum likelihood,LOF,59.7403,61.2751,1.5348,2,15,0.0023,0.1950,102,nie
134567_poprawny_L1C_class,maximum likelihood,Erosion,59.7403,21.0153,-38.7249,341,13,0.0000,0.0000,102,TAK
134567_poprawny_L1C_class,maximum likelihood,kNN,59.7403,59.8583,0.1181,5,6,1.0000,1.0000,102,nie
134567_poprawny_L1C_class,maximum likelihood,PCA,59.7403,70.0118,10.2715,18,105,0.0000,0.0000,102,TAK
134567_poprawny_L1C_class,maximum likelihood,Percentile,59.7403,63.0460,3.3058,6,34,0.0000,0.0018,102,TAK
134567_poprawny_L1C_class,maximum likelihood,Band_Z-score,59.7403,60.6848,0.9445,4,12,0.0768,1.0000,102,nie
134567_poprawny_L1C_class,random forest,GMM,50.6494,51.2397,0.5903,3,8,0.2266,1.0000,102,nie
134567_poprawny_L1C_class,random forest,Robust_Mahalanobis,50.6494,74.7344,24.0850,90,294,0.0000,0.0000,102,TAK
134567_poprawny_L1C_class,random forest,Mahalanobis,50.6494,49.8229,-0.8264,8,1,0.0391,1.0000,102,nie
134567_poprawny_L1C_class,random forest,OneClassSVM,50.6494,50.4132,-0.2361,6,4,0.7539,1.0000,102,nie
134567_poprawny_L1C_class,random forest,PCA,50.6494,47.2255,-3.4238,44,15,0.0003,0.0230,102,TAK
134567_poprawny_L1C_class,random forest,SAM,50.6494,50.6494,0.0000,3,3,1.0000,1.0000,102,nie
134567_poprawny_L1C_class,random forest,EllipticEnvelope,50.6494,50.4132,-0.2361,8,6,0.7905,1.0000,102,nie
134567_poprawny_L1C_class,random forest,kNN,50.6494,50.8855,0.2361,4,6,0.7539,1.0000,102,nie
134567_poprawny_L1C_class,random forest,LOF,50.6494,51.9481,1.2987,9,20,0.0633,1.0000,102,nie
134567_poprawny_L1C_class,random forest,Percentile,50.6494,51.1216,0.4723,11,15,0.5563,1.0000,102,nie
134567_poprawny_L1C_class,random forest,IQR,50.6494,52.0661,1.4168,34,46,0.2188,1.0000,102,nie
134567_poprawny_L1C_class,random forest,Erosion,50.6494,48.7603,-1.8890,23,7,0.0062,0.4936,102,nie
134567_poprawny_L1C_class,random forest,PCA_Reconstruction,50.6494,50.6494,0.0000,3,3,1.0000,1.0000,102,nie
134567_poprawny_L1C_class,random forest,Band_Z-score,50.6494,50.8855,0.2361,5,7,0.7744,1.0000,102,nie
134567_poprawny_L1C_class,random forest,IsolationForest,50.6494,50.5313,-0.1181,5,4,1.0000,1.0000,102,nie
134567_poprawny_L1C_class,random forest,MAD,50.6494,53.7190,3.0697,19,45,0.0018,0.1494,102,nie
134567_poprawny_L1C_class,random forest,HotellingT2,50.6494,49.7048,-0.9445,11,3,0.0574,1.0000,102,nie
134567_poprawny_L1C_class,multi-layer perceptron,Mahalanobis,76.5053,68.0047,-8.5006,89,17,0.0000,0.0000,102,TAK
134567_poprawny_L1C_class,multi-layer perceptron,Band_Z-score,76.5053,78.5124,2.0071,50,67,0.1391,1.0000,102,nie
134567_poprawny_L1C_class,multi-layer perceptron,EllipticEnvelope,76.5053,76.6234,0.1181,39,40,1.0000,1.0000,102,nie
134567_poprawny_L1C_class,multi-layer perceptron,SAM,76.5053,74.9705,-1.5348,27,14,0.0609,1.0000,102,nie
134567_poprawny_L1C_class,multi-layer perceptron,PCA_Reconstruction,76.5053,75.5608,-0.9445,35,27,0.3740,1.0000,102,nie
134567_poprawny_L1C_class,multi-layer perceptron,IQR,76.5053,74.8524,-1.6529,37,23,0.0933,1.0000,102,nie
134567_poprawny_L1C_class,multi-layer perceptron,MAD,76.5053,72.1370,-4.3684,55,18,0.0000,0.0022,102,TAK
134567_poprawny_L1C_class,multi-layer perceptron,kNN,76.5053,72.6092,-3.8961,46,13,0.0000,0.0027,102,TAK
134567_poprawny_L1C_class,multi-layer perceptron,LOF,76.5053,78.5124,2.0071,63,80,0.1809,1.0000,102,nie
134567_poprawny_L1C_class,multi-layer perceptron,HotellingT2,76.5053,75.6789,-0.8264,36,29,0.4568,1.0000,102,nie
134567_poprawny_L1C_class,multi-layer perceptron,Robust_Mahalanobis,76.5053,59.3861,-17.1192,177,32,0.0000,0.0000,102,TAK
134567_poprawny_L1C_class,multi-layer perceptron,Erosion,76.5053,77.9221,1.4168,27,39,0.1757,1.0000,102,nie
134567_poprawny_L1C_class,multi-layer perceptron,IsolationForest,76.5053,77.9221,1.4168,34,46,0.2188,1.0000,102,nie
134567_poprawny_L1C_class,multi-layer perceptron,Percentile,76.5053,75.0885,-1.4168,34,22,0.1416,1.0000,102,nie
134567_poprawny_L1C_class,multi-layer perceptron,OneClassSVM,76.5053,77.2137,0.7084,28,34,0.5254,1.0000,102,nie
134567_poprawny_L1C_class,multi-layer perceptron,GMM,76.5053,76.6234,0.1181,56,57,1.0000,1.0000,102,nie
134567_poprawny_L1C_class,multi-layer perceptron,PCA,76.5053,66.1157,-10.3896,135,47,0.0000,0.0000,102,TAK
134567_poprawny_L1C_class,support vector machine,MAD,82.7627,83.7072,0.9445,11,19,0.2012,1.0000,102,nie
134567_poprawny_L1C_class,support vector machine,IQR,82.7627,83.8253,1.0626,15,24,0.2002,1.0000,102,nie
134567_poprawny_L1C_class,support vector machine,SAM,82.7627,83.4711,0.7084,3,9,0.1460,1.0000,102,nie
134567_poprawny_L1C_class,support vector machine,PCA_Reconstruction,82.7627,82.7627,0.0000,5,5,1.0000,1.0000,102,nie
134567_poprawny_L1C_class,support vector machine,Mahalanobis,82.7627,80.8737,-1.8890,20,4,0.0015,0.1312,102,nie
134567_poprawny_L1C_class,support vector machine,EllipticEnvelope,82.7627,83.1169,0.3542,4,7,0.5488,1.0000,102,nie
134567_poprawny_L1C_class,support vector machine,Band_Z-score,82.7627,82.8808,0.1181,2,3,1.0000,1.0000,102,nie
134567_poprawny_L1C_class,support vector machine,OneClassSVM,82.7627,82.6446,-0.1181,5,4,1.0000,1.0000,102,nie
134567_poprawny_L1C_class,support vector machine,GMM,82.7627,82.2904,-0.4723,6,2,0.2891,1.0000,102,nie
134567_poprawny_L1C_class,support vector machine,PCA,82.7627,89.3743,6.6116,33,89,0.0000,0.0001,102,TAK
134567_poprawny_L1C_class,support vector machine,Percentile,82.7627,83.4711,0.7084,10,16,0.3268,1.0000,102,nie
134567_poprawny_L1C_class,support vector machine,Erosion,82.7627,80.5195,-2.2432,29,10,0.0039,0.3198,102,nie
134567_poprawny_L1C_class,support vector machine,IsolationForest,82.7627,83.3530,0.5903,4,9,0.2668,1.0000,102,nie
134567_poprawny_L1C_class,support vector machine,HotellingT2,82.7627,81.3459,-1.4168,20,8,0.0376,1.0000,102,nie
134567_poprawny_L1C_class,support vector machine,LOF,82.7627,82.9988,0.2361,3,5,0.7266,1.0000,102,nie
134567_poprawny_L1C_class,support vector machine,kNN,82.7627,82.6446,-0.1181,3,2,1.0000,1.0000,102,nie
134567_poprawny_L1C_class,support vector machine,Robust_Mahalanobis,82.7627,79.2208,-3.5419,86,56,0.0149,1.0000,102,nie
134567_poprawny_L1C_class,spectral angle mapping,PCA_Reconstruction,80.2834,80.5195,0.2361,3,5,0.7266,1.0000,102,nie
134567_poprawny_L1C_class,spectral angle mapping,SAM,80.2834,80.6375,0.3542,3,6,0.5078,1.0000,102,nie
134567_poprawny_L1C_class,spectral angle mapping,EllipticEnvelope,80.2834,80.4014,0.1181,3,4,1.0000,1.0000,102,nie
134567_poprawny_L1C_class,spectral angle mapping,Band_Z-score,80.2834,80.2834,0.0000,2,2,1.0000,1.0000,102,nie
134567_poprawny_L1C_class,spectral angle mapping,Mahalanobis,80.2834,80.1653,-0.1181,5,4,1.0000,1.0000,102,nie
134567_poprawny_L1C_class,spectral angle mapping,MAD,80.2834,80.6375,0.3542,3,6,0.5078,1.0000,102,nie
134567_poprawny_L1C_class,spectral angle mapping,IQR,80.2834,80.8737,0.5903,2,7,0.1797,1.0000,102,nie
134567_poprawny_L1C_class,spectral angle mapping,IsolationForest,80.2834,80.7556,0.4723,3,7,0.3438,1.0000,102,nie
134567_poprawny_L1C_class,spectral angle mapping,Erosion,80.2834,79.9292,-0.3542,8,5,0.5811,1.0000,102,nie
134567_poprawny_L1C_class,spectral angle mapping,Robust_Mahalanobis,80.2834,83.4711,3.1877,25,52,0.0030,0.2498,102,nie
134567_poprawny_L1C_class,spectral angle mapping,HotellingT2,80.2834,80.6375,0.3542,4,7,0.5488,1.0000,102,nie
134567_poprawny_L1C_class,spectral angle mapping,kNN,80.2834,80.1653,-0.1181,2,1,1.0000,1.0000,102,nie
134567_poprawny_L1C_class,spectral angle mapping,LOF,80.2834,80.5195,0.2361,3,5,0.7266,1.0000,102,nie
134567_poprawny_L1C_class,spectral angle mapping,PCA,80.2834,88.3117,8.0283,6,74,0.0000,0.0000,102,TAK
134567_poprawny_L1C_class,spectral angle mapping,GMM,80.2834,80.1653,-0.1181,3,2,1.0000,1.0000,102,nie
134567_poprawny_L1C_class,spectral angle mapping,OneClassSVM,80.2834,80.2834,0.0000,3,3,1.0000,1.0000,102,nie
134567_poprawny_L1C_class,spectral angle mapping,Percentile,80.2834,81.2279,0.9445,1,9,0.0215,1.0000,102,nie
134567_poprawny_L1C_class,minimum distance,GMM,79.4569,79.3388,-0.1181,1,0,1.0000,1.0000,102,nie
134567_poprawny_L1C_class,minimum distance,OneClassSVM,79.4569,79.3388,-0.1181,1,0,1.0000,1.0000,102,nie
134567_poprawny_L1C_class,minimum distance,Erosion,79.4569,79.3388,-0.1181,4,3,1.0000,1.0000,102,nie
134567_poprawny_L1C_class,minimum distance,PCA,79.4569,86.8949,7.4380,22,85,0.0000,0.0000,102,TAK
134567_poprawny_L1C_class,minimum distance,Percentile,79.4569,79.6930,0.2361,1,3,0.6250,1.0000,102,nie
134567_poprawny_L1C_class,minimum distance,IsolationForest,79.4569,79.4569,0.0000,1,1,1.0000,1.0000,102,nie
134567_poprawny_L1C_class,minimum distance,LOF,79.4569,79.3388,-0.1181,1,0,1.0000,1.0000,102,nie
134567_poprawny_L1C_class,minimum distance,Mahalanobis,79.4569,79.4569,0.0000,2,2,1.0000,1.0000,102,nie
134567_poprawny_L1C_class,minimum distance,EllipticEnvelope,79.4569,79.3388,-0.1181,1,0,1.0000,1.0000,102,nie
134567_poprawny_L1C_class,minimum distance,PCA_Reconstruction,79.4569,79.4569,0.0000,1,1,1.0000,1.0000,102,nie
134567_poprawny_L1C_class,minimum distance,IQR,79.4569,81.4640,2.0071,17,34,0.0251,1.0000,102,nie
134567_poprawny_L1C_class,minimum distance,Robust_Mahalanobis,79.4569,78.9847,-0.4723,59,55,0.7787,1.0000,102,nie
134567_poprawny_L1C_class,minimum distance,HotellingT2,79.4569,79.3388,-0.1181,3,2,1.0000,1.0000,102,nie
134567_poprawny_L1C_class,minimum distance,kNN,79.4569,79.3388,-0.1181,1,0,1.0000,1.0000,102,nie
134567_poprawny_L1C_class,minimum distance,Band_Z-score,79.4569,79.4569,0.0000,0,0,1.0000,1.0000,102,nie
134567_poprawny_L1C_class,minimum distance,MAD,79.4569,79.8111,0.3542,18,21,0.7488,1.0000,102,nie
134567_poprawny_L1C_class,minimum distance,SAM,79.4569,79.4569,0.0000,1,1,1.0000,1.0000,102,nie
134567_poprawny_L1C_roi,maximum likelihood,GMM,59.7403,59.5041,-0.2361,9,7,0.8036,1.0000,102,nie
134567_poprawny_L1C_roi,maximum likelihood,Mahalanobis,59.7403,57.8512,-1.8890,40,24,0.0608,1.0000,102,nie
134567_poprawny_L1C_roi,maximum likelihood,IsolationForest,59.7403,59.1499,-0.5903,5,0,0.0625,1.0000,102,nie
134567_poprawny_L1C_roi,maximum likelihood,PCA_Reconstruction,59.7403,59.3861,-0.3542,7,4,0.5488,1.0000,102,nie
134567_poprawny_L1C_roi,maximum likelihood,Robust_Mahalanobis,59.7403,53.8371,-5.9032,118,68,0.0003,0.0301,102,TAK
134567_poprawny_L1C_roi,maximum likelihood,SAM,59.7403,59.2680,-0.4723,7,3,0.3438,1.0000,102,nie
134567_poprawny_L1C_roi,maximum likelihood,HotellingT2,59.7403,56.4345,-3.3058,46,18,0.0007,0.0657,102,nie
134567_poprawny_L1C_roi,maximum likelihood,MAD,59.7403,20.7792,-38.9610,343,13,0.0000,0.0000,102,TAK
134567_poprawny_L1C_roi,maximum likelihood,IQR,59.7403,21.0153,-38.7249,341,13,0.0000,0.0000,102,TAK
134567_poprawny_L1C_roi,maximum likelihood,EllipticEnvelope,59.7403,58.7957,-0.9445,12,4,0.0768,1.0000,102,nie
134567_poprawny_L1C_roi,maximum likelihood,OneClassSVM,59.7403,60.4486,0.7084,8,14,0.2863,1.0000,102,nie
134567_poprawny_L1C_roi,maximum likelihood,LOF,59.7403,59.2680,-0.4723,8,4,0.3877,1.0000,102,nie
134567_poprawny_L1C_roi,maximum likelihood,Erosion,59.7403,21.0153,-38.7249,341,13,0.0000,0.0000,102,TAK
134567_poprawny_L1C_roi,maximum likelihood,kNN,59.7403,58.7957,-0.9445,9,1,0.0215,1.0000,102,nie
134567_poprawny_L1C_roi,maximum likelihood,PCA,59.7403,3.0697,-56.6706,494,14,0.0000,0.0000,102,TAK
134567_poprawny_L1C_roi,maximum likelihood,Percentile,59.7403,56.6706,-3.0697,44,18,0.0015,0.1274,102,nie
134567_poprawny_L1C_roi,maximum likelihood,Band_Z-score,59.7403,56.6706,-3.0697,41,15,0.0008,0.0735,102,nie
134567_poprawny_L1C_roi,random forest,GMM,51.7119,49.8229,-1.8890,18,2,0.0004,0.0366,102,TAK
134567_poprawny_L1C_roi,random forest,Robust_Mahalanobis,51.7119,50.0590,-1.6529,27,13,0.0398,1.0000,102,nie
134567_poprawny_L1C_roi,random forest,Mahalanobis,51.7119,51.2397,-0.4723,12,8,0.5034,1.0000,102,nie
134567_poprawny_L1C_roi,random forest,OneClassSVM,51.7119,50.4132,-1.2987,17,6,0.0347,1.0000,102,nie
134567_poprawny_L1C_roi,random forest,PCA,51.7119,52.4203,0.7084,19,25,0.4510,1.0000,102,nie
134567_poprawny_L1C_roi,random forest,SAM,51.7119,50.1771,-1.5348,14,1,0.0010,0.0840,102,nie
134567_poprawny_L1C_roi,random forest,EllipticEnvelope,51.7119,50.6494,-1.0626,11,2,0.0225,1.0000,102,nie
134567_poprawny_L1C_roi,random forest,kNN,51.7119,51.7119,0.0000,6,6,1.0000,1.0000,102,nie
134567_poprawny_L1C_roi,random forest,LOF,51.7119,50.5313,-1.1806,19,9,0.0890,1.0000,102,nie
134567_poprawny_L1C_roi,random forest,Percentile,51.7119,50.0590,-1.6529,15,1,0.0005,0.0467,102,TAK
134567_poprawny_L1C_roi,random forest,IQR,51.7119,48.6423,-3.0697,30,4,0.0000,0.0017,102,TAK
134567_poprawny_L1C_roi,random forest,Erosion,51.7119,48.7603,-2.9516,32,7,0.0001,0.0113,102,TAK
134567_poprawny_L1C_roi,random forest,PCA_Reconstruction,51.7119,51.1216,-0.5903,16,11,0.4414,1.0000,102,nie
134567_poprawny_L1C_roi,random forest,Band_Z-score,51.7119,50.2952,-1.4168,15,3,0.0075,0.6106,102,nie
134567_poprawny_L1C_roi,random forest,IsolationForest,51.7119,51.4758,-0.2361,7,5,0.7744,1.0000,102,nie
134567_poprawny_L1C_roi,random forest,MAD,51.7119,48.7603,-2.9516,30,5,0.0000,0.0047,102,TAK
134567_poprawny_L1C_roi,random forest,HotellingT2,51.7119,51.4758,-0.2361,7,5,0.7744,1.0000,102,nie
134567_poprawny_L1C_roi,multi-layer perceptron,Mahalanobis,74.3802,71.9008,-2.4793,42,21,0.0117,0.9160,102,nie
134567_poprawny_L1C_roi,multi-layer perceptron,Band_Z-score,74.3802,80.0472,5.6671,28,76,0.0000,0.0004,102,TAK
134567_poprawny_L1C_roi,multi-layer perceptron,EllipticEnvelope,74.3802,53.1287,-21.2515,207,27,0.0000,0.0000,102,TAK
134567_poprawny_L1C_roi,multi-layer perceptron,SAM,74.3802,76.5053,2.1251,22,40,0.0308,1.0000,102,nie
134567_poprawny_L1C_roi,multi-layer perceptron,PCA_Reconstruction,74.3802,75.2066,0.8264,21,28,0.3914,1.0000,102,nie
134567_poprawny_L1C_roi,multi-layer perceptron,IQR,74.3802,73.4357,-0.9445,32,24,0.3496,1.0000,102,nie
134567_poprawny_L1C_roi,multi-layer perceptron,MAD,74.3802,74.3802,0.0000,36,36,0.9062,1.0000,102,nie
134567_poprawny_L1C_roi,multi-layer perceptron,kNN,74.3802,73.9079,-0.4723,37,33,0.7199,1.0000,102,nie
134567_poprawny_L1C_roi,multi-layer perceptron,LOF,74.3802,76.5053,2.1251,12,30,0.0087,0.6970,102,nie
134567_poprawny_L1C_roi,multi-layer perceptron,HotellingT2,74.3802,76.8595,2.4793,19,40,0.0092,0.7284,102,nie
134567_poprawny_L1C_roi,multi-layer perceptron,Robust_Mahalanobis,74.3802,77.8040,3.4238,25,54,0.0016,0.1370,102,nie
134567_poprawny_L1C_roi,multi-layer perceptron,Erosion,74.3802,77.9221,3.5419,23,53,0.0009,0.0765,102,nie
134567_poprawny_L1C_roi,multi-layer perceptron,IsolationForest,74.3802,74.8524,0.4723,25,29,0.6831,1.0000,102,nie
134567_poprawny_L1C_roi,multi-layer perceptron,Percentile,74.3802,72.7273,-1.6529,39,25,0.1042,1.0000,102,nie
134567_poprawny_L1C_roi,multi-layer perceptron,OneClassSVM,74.3802,78.2763,3.8961,39,72,0.0024,0.1981,102,nie
134567_poprawny_L1C_roi,multi-layer perceptron,GMM,74.3802,76.9776,2.5974,26,48,0.0146,1.0000,102,nie
134567_poprawny_L1C_roi,multi-layer perceptron,PCA,74.3802,68.3589,-6.0213,90,39,0.0000,0.0010,102,TAK
134567_poprawny_L1C_roi,support vector machine,MAD,82.7627,82.0543,-0.7084,15,9,0.3075,1.0000,102,nie
134567_poprawny_L1C_roi,support vector machine,IQR,82.7627,82.6446,-0.1181,13,12,1.0000,1.0000,102,nie
134567_poprawny_L1C_roi,support vector machine,SAM,82.7627,82.4085,-0.3542,7,4,0.5488,1.0000,102,nie
134567_poprawny_L1C_roi,support vector machine,PCA_Reconstruction,82.7627,82.6446,-0.1181,2,1,1.0000,1.0000,102,nie
134567_poprawny_L1C_roi,support vector machine,Mahalanobis,82.7627,82.7627,0.0000,4,4,1.0000,1.0000,102,nie
134567_poprawny_L1C_roi,support vector machine,EllipticEnvelope,82.7627,82.6446,-0.1181,2,1,1.0000,1.0000,102,nie
134567_poprawny_L1C_roi,support vector machine,Band_Z-score,82.7627,82.8808,0.1181,4,5,1.0000,1.0000,102,nie
134567_poprawny_L1C_roi,support vector machine,OneClassSVM,82.7627,82.2904,-0.4723,5,1,0.2188,1.0000,102,nie
134567_poprawny_L1C_roi,support vector machine,GMM,82.7627,82.8808,0.1181,3,4,1.0000,1.0000,102,nie
134567_poprawny_L1C_roi,support vector machine,PCA,82.7627,82.5266,-0.2361,14,12,0.8445,1.0000,102,nie
134567_poprawny_L1C_roi,support vector machine,Percentile,82.7627,82.5266,-0.2361,7,5,0.7744,1.0000,102,nie
134567_poprawny_L1C_roi,support vector machine,Erosion,82.7627,80.5195,-2.2432,29,10,0.0039,0.3237,102,nie
134567_poprawny_L1C_roi,support vector machine,IsolationForest,82.7627,82.8808,0.1181,2,3,1.0000,1.0000,102,nie
134567_poprawny_L1C_roi,support vector machine,HotellingT2,82.7627,82.8808,0.1181,4,5,1.0000,1.0000,102,nie
134567_poprawny_L1C_roi,support vector machine,LOF,82.7627,82.7627,0.0000,4,4,1.0000,1.0000,102,nie
134567_poprawny_L1C_roi,support vector machine,kNN,82.7627,82.7627,0.0000,4,4,1.0000,1.0000,102,nie
134567_poprawny_L1C_roi,support vector machine,Robust_Mahalanobis,82.7627,82.8808,0.1181,16,17,1.0000,1.0000,102,nie
134567_poprawny_L1C_roi,spectral angle mapping,PCA_Reconstruction,80.2834,80.0472,-0.2361,3,1,0.6250,1.0000,102,nie
134567_poprawny_L1C_roi,spectral angle mapping,SAM,80.2834,80.0472,-0.2361,3,1,0.6250,1.0000,102,nie
134567_poprawny_L1C_roi,spectral angle mapping,EllipticEnvelope,80.2834,80.0472,-0.2361,3,1,0.6250,1.0000,102,nie
134567_poprawny_L1C_roi,spectral angle mapping,Band_Z-score,80.2834,80.2834,0.0000,3,3,1.0000,1.0000,102,nie
134567_poprawny_L1C_roi,spectral angle mapping,Mahalanobis,80.2834,80.1653,-0.1181,3,2,1.0000,1.0000,102,nie
134567_poprawny_L1C_roi,spectral angle mapping,MAD,80.2834,80.9917,0.7084,3,9,0.1460,1.0000,102,nie
134567_poprawny_L1C_roi,spectral angle mapping,IQR,80.2834,80.9917,0.7084,5,11,0.2101,1.0000,102,nie
134567_poprawny_L1C_roi,spectral angle mapping,IsolationForest,80.2834,80.0472,-0.2361,3,1,0.6250,1.0000,102,nie
134567_poprawny_L1C_roi,spectral angle mapping,Erosion,80.2834,79.9292,-0.3542,8,5,0.5811,1.0000,102,nie
134567_poprawny_L1C_roi,spectral angle mapping,Robust_Mahalanobis,80.2834,80.9917,0.7084,7,13,0.2632,1.0000,102,nie
134567_poprawny_L1C_roi,spectral angle mapping,HotellingT2,80.2834,80.4014,0.1181,3,4,1.0000,1.0000,102,nie
134567_poprawny_L1C_roi,spectral angle mapping,kNN,80.2834,80.0472,-0.2361,3,1,0.6250,1.0000,102,nie
134567_poprawny_L1C_roi,spectral angle mapping,LOF,80.2834,80.0472,-0.2361,3,1,0.6250,1.0000,102,nie
134567_poprawny_L1C_roi,spectral angle mapping,PCA,80.2834,80.8737,0.5903,6,11,0.3323,1.0000,102,nie
134567_poprawny_L1C_roi,spectral angle mapping,GMM,80.2834,80.0472,-0.2361,3,1,0.6250,1.0000,102,nie
134567_poprawny_L1C_roi,spectral angle mapping,OneClassSVM,80.2834,79.9292,-0.3542,4,1,0.3750,1.0000,102,nie
134567_poprawny_L1C_roi,spectral angle mapping,Percentile,80.2834,80.4014,0.1181,3,4,1.0000,1.0000,102,nie
134567_poprawny_L1C_roi,minimum distance,GMM,79.4569,79.3388,-0.1181,1,0,1.0000,1.0000,102,nie
134567_poprawny_L1C_roi,minimum distance,OneClassSVM,79.4569,79.4569,0.0000,1,1,1.0000,1.0000,102,nie
134567_poprawny_L1C_roi,minimum distance,Erosion,79.4569,79.3388,-0.1181,4,3,1.0000,1.0000,102,nie
134567_poprawny_L1C_roi,minimum distance,PCA,79.4569,79.4569,0.0000,2,2,1.0000,1.0000,102,nie
134567_poprawny_L1C_roi,minimum distance,Percentile,79.4569,79.3388,-0.1181,1,0,1.0000,1.0000,102,nie
134567_poprawny_L1C_roi,minimum distance,IsolationForest,79.4569,79.3388,-0.1181,1,0,1.0000,1.0000,102,nie
134567_poprawny_L1C_roi,minimum distance,LOF,79.4569,79.2208,-0.2361,2,0,0.5000,1.0000,102,nie
134567_poprawny_L1C_roi,minimum distance,Mahalanobis,79.4569,79.3388,-0.1181,1,0,1.0000,1.0000,102,nie
134567_poprawny_L1C_roi,minimum distance,EllipticEnvelope,79.4569,79.2208,-0.2361,2,0,0.5000,1.0000,102,nie
134567_poprawny_L1C_roi,minimum distance,PCA_Reconstruction,79.4569,79.2208,-0.2361,2,0,0.5000,1.0000,102,nie
134567_poprawny_L1C_roi,minimum distance,IQR,79.4569,79.6930,0.2361,0,2,0.5000,1.0000,102,nie
134567_poprawny_L1C_roi,minimum distance,Robust_Mahalanobis,79.4569,79.3388,-0.1181,5,4,1.0000,1.0000,102,nie
134567_poprawny_L1C_roi,minimum distance,HotellingT2,79.4569,79.3388,-0.1181,1,0,1.0000,1.0000,102,nie
134567_poprawny_L1C_roi,minimum distance,kNN,79.4569,79.3388,-0.1181,1,0,1.0000,1.0000,102,nie
134567_poprawny_L1C_roi,minimum distance,Band_Z-score,79.4569,79.3388,-0.1181,1,0,1.0000,1.0000,102,nie
134567_poprawny_L1C_roi,minimum distance,MAD,79.4569,79.5750,0.1181,1,2,1.0000,1.0000,102,nie
134567_poprawny_L1C_roi,minimum distance,SAM,79.4569,79.3388,-0.1181,1,0,1.0000,1.0000,102,nie
134567_poprawny_L2A_class,maximum likelihood,GMM,64.2267,64.9351,0.7084,5,11,0.2101,1.0000,102,nie
134567_poprawny_L2A_class,maximum likelihood,Mahalanobis,64.2267,65.0531,0.8264,11,18,0.2652,1.0000,102,nie
134567_poprawny_L2A_class,maximum likelihood,IsolationForest,64.2267,65.8796,1.6529,3,17,0.0026,0.2061,102,nie
134567_poprawny_L2A_class,maximum likelihood,PCA_Reconstruction,64.2267,63.8725,-0.3542,5,2,0.4531,1.0000,102,nie
134567_poprawny_L2A_class,maximum likelihood,Robust_Mahalanobis,64.2267,12.8689,-51.3577,444,9,0.0000,0.0000,102,TAK
134567_poprawny_L2A_class,maximum likelihood,SAM,64.2267,65.5254,1.2987,4,15,0.0192,1.0000,102,nie
134567_poprawny_L2A_class,maximum likelihood,HotellingT2,64.2267,64.8170,0.5903,13,18,0.4725,1.0000,102,nie
134567_poprawny_L2A_class,maximum likelihood,MAD,64.2267,65.5254,1.2987,7,18,0.0455,1.0000,102,nie
134567_poprawny_L2A_class,maximum likelihood,IQR,64.2267,64.9351,0.7084,18,24,0.4404,1.0000,102,nie
134567_poprawny_L2A_class,maximum likelihood,EllipticEnvelope,64.2267,64.5809,0.3542,4,7,0.5488,1.0000,102,nie
134567_poprawny_L2A_class,maximum likelihood,OneClassSVM,64.2267,63.9906,-0.2361,5,3,0.7266,1.0000,102,nie
134567_poprawny_L2A_class,maximum likelihood,LOF,64.2267,65.0531,0.8264,5,12,0.1435,1.0000,102,nie
134567_poprawny_L2A_class,maximum likelihood,Erosion,64.2267,63.7544,-0.4723,25,21,0.6583,1.0000,102,nie
134567_poprawny_L2A_class,maximum likelihood,kNN,64.2267,64.6989,0.4723,4,8,0.3877,1.0000,102,nie
134567_poprawny_L2A_class,maximum likelihood,PCA,64.2267,64.3447,0.1181,21,22,1.0000,1.0000,102,nie
134567_poprawny_L2A_class,maximum likelihood,Percentile,64.2267,67.8867,3.6600,4,35,0.0000,0.0001,102,TAK
134567_poprawny_L2A_class,maximum likelihood,Band_Z-score,64.2267,64.9351,0.7084,4,10,0.1796,1.0000,102,nie
134567_poprawny_L2A_class,random forest,GMM,67.1783,72.1370,4.9587,6,48,0.0000,0.0000,102,TAK
134567_poprawny_L2A_class,random forest,Robust_Mahalanobis,67.1783,73.4357,6.2574,98,151,0.0010,0.0835,102,nie
134567_poprawny_L2A_class,random forest,Mahalanobis,67.1783,72.6092,5.4309,10,56,0.0000,0.0000,102,TAK
134567_poprawny_L2A_class,random forest,OneClassSVM,67.1783,72.3731,5.1948,6,50,0.0000,0.0000,102,TAK
134567_poprawny_L2A_class,random forest,PCA,67.1783,75.4427,8.2645,45,115,0.0000,0.0000,102,TAK
134567_poprawny_L2A_class,random forest,SAM,67.1783,68.1228,0.9445,5,13,0.0963,1.0000,102,nie
134567_poprawny_L2A_class,random forest,EllipticEnvelope,67.1783,68.8312,1.6529,3,17,0.0026,0.2061,102,nie
134567_poprawny_L2A_class,random forest,kNN,67.1783,70.7202,3.5419,4,34,0.0000,0.0002,102,TAK
134567_poprawny_L2A_class,random forest,LOF,67.1783,72.1370,4.9587,6,48,0.0000,0.0000,102,TAK
134567_poprawny_L2A_class,random forest,Percentile,67.1783,69.5396,2.3613,17,37,0.0097,0.7097,102,nie
134567_poprawny_L2A_class,random forest,IQR,67.1783,71.7828,4.6045,42,81,0.0006,0.0538,102,nie
134567_poprawny_L2A_class,random forest,Erosion,67.1783,70.7202,3.5419,42,72,0.0066,0.4888,102,nie
134567_poprawny_L2A_class,random forest,PCA_Reconstruction,67.1783,70.1299,2.9516,8,33,0.0002,0.0160,102,TAK
134567_poprawny_L2A_class,random forest,Band_Z-score,67.1783,68.4770,1.2987,4,15,0.0192,1.0000,102,nie
134567_poprawny_L2A_class,random forest,IsolationForest,67.1783,68.0047,0.8264,5,12,0.1435,1.0000,102,nie
134567_poprawny_L2A_class,random forest,MAD,67.1783,66.1157,-1.0626,28,19,0.2432,1.0000,102,nie
134567_poprawny_L2A_class,random forest,HotellingT2,67.1783,70.4841,3.3058,9,37,0.0001,0.0063,102,TAK
134567_poprawny_L2A_class,multi-layer perceptron,Mahalanobis,71.1924,70.0118,-1.1806,39,29,0.2751,1.0000,102,nie
134567_poprawny_L2A_class,multi-layer perceptron,Band_Z-score,71.1924,72.6092,1.4168,39,51,0.2463,1.0000,102,nie
134567_poprawny_L2A_class,multi-layer perceptron,EllipticEnvelope,71.1924,73.0815,1.8890,15,31,0.0270,1.0000,102,nie
134567_poprawny_L2A_class,multi-layer perceptron,SAM,71.1924,71.5466,0.3542,38,41,0.8220,1.0000,102,nie
134567_poprawny_L2A_class,multi-layer perceptron,PCA_Reconstruction,71.1924,68.9492,-2.2432,45,26,0.0327,1.0000,102,nie
134567_poprawny_L2A_class,multi-layer perceptron,IQR,71.1924,73.9079,2.7155,19,42,0.0049,0.3686,102,nie
134567_poprawny_L2A_class,multi-layer perceptron,MAD,71.1924,69.7757,-1.4168,58,46,0.2807,1.0000,102,nie
134567_poprawny_L2A_class,multi-layer perceptron,kNN,71.1924,68.9492,-2.2432,42,23,0.0256,1.0000,102,nie
134567_poprawny_L2A_class,multi-layer perceptron,LOF,71.1924,73.1995,2.0071,13,30,0.0147,1.0000,102,nie
134567_poprawny_L2A_class,multi-layer perceptron,HotellingT2,71.1924,70.0118,-1.1806,53,43,0.3583,1.0000,102,nie
134567_poprawny_L2A_class,multi-layer perceptron,Robust_Mahalanobis,71.1924,73.6718,2.4793,52,73,0.0736,1.0000,102,nie
134567_poprawny_L2A_class,multi-layer perceptron,Erosion,71.1924,70.4841,-0.7084,42,36,0.5713,1.0000,102,nie
134567_poprawny_L2A_class,multi-layer perceptron,IsolationForest,71.1924,74.2621,3.0697,15,41,0.0008,0.0727,102,nie
134567_poprawny_L2A_class,multi-layer perceptron,Percentile,71.1924,75.2066,4.0142,18,52,0.0001,0.0073,102,TAK
134567_poprawny_L2A_class,multi-layer perceptron,OneClassSVM,71.1924,66.1157,-5.0767,137,94,0.0057,0.4290,102,nie
134567_poprawny_L2A_class,multi-layer perceptron,GMM,71.1924,68.3589,-2.8335,38,14,0.0014,0.1183,102,nie
134567_poprawny_L2A_class,multi-layer perceptron,PCA,71.1924,70.7202,-0.4723,62,58,0.7842,1.0000,102,nie
134567_poprawny_L2A_class,support vector machine,MAD,77.9221,79.4569,1.5348,6,19,0.0164,1.0000,102,nie
134567_poprawny_L2A_class,support vector machine,IQR,77.9221,82.4085,4.4864,5,43,0.0000,0.0000,102,TAK
134567_poprawny_L2A_class,support vector machine,SAM,77.9221,79.1027,1.1806,0,10,0.0020,0.1582,102,nie
134567_poprawny_L2A_class,support vector machine,PCA_Reconstruction,77.9221,77.9221,0.0000,2,2,1.0000,1.0000,102,nie
134567_poprawny_L2A_class,support vector machine,Mahalanobis,77.9221,77.9221,0.0000,10,10,1.0000,1.0000,102,nie
134567_poprawny_L2A_class,support vector machine,EllipticEnvelope,77.9221,78.0401,0.1181,1,2,1.0000,1.0000,102,nie
134567_poprawny_L2A_class,support vector machine,Band_Z-score,77.9221,78.2763,0.3542,1,4,0.3750,1.0000,102,nie
134567_poprawny_L2A_class,support vector machine,OneClassSVM,77.9221,78.0401,0.1181,2,3,1.0000,1.0000,102,nie
134567_poprawny_L2A_class,support vector machine,GMM,77.9221,78.1582,0.2361,1,3,0.6250,1.0000,102,nie
134567_poprawny_L2A_class,support vector machine,PCA,77.9221,81.1098,3.1877,21,48,0.0017,0.1433,102,nie
134567_poprawny_L2A_class,support vector machine,Percentile,77.9221,80.0472,2.1251,4,22,0.0009,0.0736,102,nie
134567_poprawny_L2A_class,support vector machine,Erosion,77.9221,75.5608,-2.3613,27,7,0.0011,0.0941,102,nie
134567_poprawny_L2A_class,support vector machine,IsolationForest,77.9221,78.9847,1.0626,2,11,0.0225,1.0000,102,nie
134567_poprawny_L2A_class,support vector machine,HotellingT2,77.9221,78.0401,0.1181,9,10,1.0000,1.0000,102,nie
134567_poprawny_L2A_class,support vector machine,LOF,77.9221,77.9221,0.0000,2,2,1.0000,1.0000,102,nie
134567_poprawny_L2A_class,support vector machine,kNN,77.9221,78.1582,0.2361,1,3,0.6250,1.0000,102,nie
134567_poprawny_L2A_class,support vector machine,Robust_Mahalanobis,77.9221,80.1653,2.2432,74,93,0.1637,1.0000,102,nie
134567_poprawny_L2A_class,spectral angle mapping,PCA_Reconstruction,76.7414,76.7414,0.0000,0,0,1.0000,1.0000,102,nie
134567_poprawny_L2A_class,spectral angle mapping,SAM,76.7414,77.3318,0.5903,0,5,0.0625,1.0000,102,nie
134567_poprawny_L2A_class,spectral angle mapping,EllipticEnvelope,76.7414,77.0956,0.3542,1,4,0.3750,1.0000,102,nie
134567_poprawny_L2A_class,spectral angle mapping,Band_Z-score,76.7414,77.3318,0.5903,2,7,0.1797,1.0000,102,nie
134567_poprawny_L2A_class,spectral angle mapping,Mahalanobis,76.7414,77.2137,0.4723,4,8,0.3877,1.0000,102,nie
134567_poprawny_L2A_class,spectral angle mapping,MAD,76.7414,77.5679,0.8264,4,11,0.1185,1.0000,102,nie
134567_poprawny_L2A_class,spectral angle mapping,IQR,76.7414,77.2137,0.4723,7,11,0.4807,1.0000,102,nie
134567_poprawny_L2A_class,spectral angle mapping,IsolationForest,76.7414,77.3318,0.5903,0,5,0.0625,1.0000,102,nie
134567_poprawny_L2A_class,spectral angle mapping,Erosion,76.7414,77.4498,0.7084,5,11,0.2101,1.0000,102,nie
134567_poprawny_L2A_class,spectral angle mapping,Robust_Mahalanobis,76.7414,81.2279,4.4864,18,56,0.0000,0.0016,102,TAK
134567_poprawny_L2A_class,spectral angle mapping,HotellingT2,76.7414,77.0956,0.3542,6,9,0.6072,1.0000,102,nie
134567_poprawny_L2A_class,spectral angle mapping,kNN,76.7414,76.8595,0.1181,0,1,1.0000,1.0000,102,nie
134567_poprawny_L2A_class,spectral angle mapping,LOF,76.7414,76.7414,0.0000,0,0,1.0000,1.0000,102,nie
134567_poprawny_L2A_class,spectral angle mapping,PCA,76.7414,79.1027,2.3613,10,30,0.0027,0.2077,102,nie
134567_poprawny_L2A_class,spectral angle mapping,GMM,76.7414,76.9776,0.2361,0,2,0.5000,1.0000,102,nie
134567_poprawny_L2A_class,spectral angle mapping,OneClassSVM,76.7414,76.8595,0.1181,0,1,1.0000,1.0000,102,nie
134567_poprawny_L2A_class,spectral angle mapping,Percentile,76.7414,76.7414,0.0000,3,3,1.0000,1.0000,102,nie
134567_poprawny_L2A_class,minimum distance,GMM,76.8595,76.9776,0.1181,0,1,1.0000,1.0000,102,nie
134567_poprawny_L2A_class,minimum distance,OneClassSVM,76.8595,76.9776,0.1181,0,1,1.0000,1.0000,102,nie
134567_poprawny_L2A_class,minimum distance,Erosion,76.8595,76.9776,0.1181,7,8,1.0000,1.0000,102,nie
134567_poprawny_L2A_class,minimum distance,PCA,76.8595,80.2834,3.4238,15,44,0.0003,0.0238,102,TAK
134567_poprawny_L2A_class,minimum distance,Percentile,76.8595,77.2137,0.3542,1,4,0.3750,1.0000,102,nie
134567_poprawny_L2A_class,minimum distance,IsolationForest,76.8595,77.0956,0.2361,0,2,0.5000,1.0000,102,nie
134567_poprawny_L2A_class,minimum distance,LOF,76.8595,77.0956,0.2361,0,2,0.5000,1.0000,102,nie
134567_poprawny_L2A_class,minimum distance,Mahalanobis,76.8595,76.9776,0.1181,2,3,1.0000,1.0000,102,nie
134567_poprawny_L2A_class,minimum distance,EllipticEnvelope,76.8595,76.8595,0.0000,2,2,1.0000,1.0000,102,nie
134567_poprawny_L2A_class,minimum distance,PCA_Reconstruction,76.8595,76.9776,0.1181,0,1,1.0000,1.0000,102,nie
134567_poprawny_L2A_class,minimum distance,IQR,76.8595,79.4569,2.5974,16,38,0.0043,0.3285,102,nie
134567_poprawny_L2A_class,minimum distance,Robust_Mahalanobis,76.8595,80.1653,3.3058,55,83,0.0215,1.0000,102,nie
134567_poprawny_L2A_class,minimum distance,HotellingT2,76.8595,76.9776,0.1181,3,4,1.0000,1.0000,102,nie
134567_poprawny_L2A_class,minimum distance,kNN,76.8595,76.9776,0.1181,0,1,1.0000,1.0000,102,nie
134567_poprawny_L2A_class,minimum distance,Band_Z-score,76.8595,77.0956,0.2361,0,2,0.5000,1.0000,102,nie
134567_poprawny_L2A_class,minimum distance,MAD,76.8595,76.9776,0.1181,15,16,1.0000,1.0000,102,nie
134567_poprawny_L2A_class,minimum distance,SAM,76.8595,77.2137,0.3542,0,3,0.2500,1.0000,102,nie
134567_poprawny_L2A_roi,maximum likelihood,GMM,64.2267,63.9906,-0.2361,7,5,0.7744,1.0000,102,nie
134567_poprawny_L2A_roi,maximum likelihood,Mahalanobis,64.2267,66.3518,2.1251,5,23,0.0013,0.1157,102,nie
134567_poprawny_L2A_roi,maximum likelihood,IsolationForest,64.2267,64.3447,0.1181,3,4,1.0000,1.0000,102,nie
134567_poprawny_L2A_roi,maximum likelihood,PCA_Reconstruction,64.2267,63.6364,-0.5903,7,2,0.1797,1.0000,102,nie
134567_poprawny_L2A_roi,maximum likelihood,Robust_Mahalanobis,64.2267,66.2338,2.0071,31,48,0.0718,1.0000,102,nie
134567_poprawny_L2A_roi,maximum likelihood,SAM,64.2267,64.6989,0.4723,4,8,0.3877,1.0000,102,nie
134567_poprawny_L2A_roi,maximum likelihood,HotellingT2,64.2267,65.8796,1.6529,3,17,0.0026,0.2216,102,nie
134567_poprawny_L2A_roi,maximum likelihood,MAD,64.2267,64.6989,0.4723,18,22,0.6353,1.0000,102,nie
134567_poprawny_L2A_roi,maximum likelihood,IQR,64.2267,67.6505,3.4238,9,38,0.0000,0.0042,102,TAK
134567_poprawny_L2A_roi,maximum likelihood,EllipticEnvelope,64.2267,64.6989,0.4723,5,9,0.4240,1.0000,102,nie
134567_poprawny_L2A_roi,maximum likelihood,OneClassSVM,64.2267,64.3447,0.1181,11,12,1.0000,1.0000,102,nie
134567_poprawny_L2A_roi,maximum likelihood,LOF,64.2267,64.3447,0.1181,6,7,1.0000,1.0000,102,nie
134567_poprawny_L2A_roi,maximum likelihood,Erosion,64.2267,63.7544,-0.4723,25,21,0.6583,1.0000,102,nie
134567_poprawny_L2A_roi,maximum likelihood,kNN,64.2267,64.2267,0.0000,7,7,1.0000,1.0000,102,nie
134567_poprawny_L2A_roi,maximum likelihood,PCA,64.2267,68.8312,4.6045,12,51,0.0000,0.0002,102,TAK
134567_poprawny_L2A_roi,maximum likelihood,Percentile,64.2267,64.9351,0.7084,7,13,0.2632,1.0000,102,nie
134567_poprawny_L2A_roi,maximum likelihood,Band_Z-score,64.2267,65.8796,1.6529,3,17,0.0026,0.2216,102,nie
134567_poprawny_L2A_roi,random forest,GMM,71.0744,68.1228,-2.9516,30,5,0.0000,0.0047,102,TAK
134567_poprawny_L2A_roi,random forest,Robust_Mahalanobis,71.0744,68.1228,-2.9516,45,20,0.0029,0.2446,102,nie
134567_poprawny_L2A_roi,random forest,Mahalanobis,71.0744,70.6021,-0.4723,27,23,0.6714,1.0000,102,nie
134567_poprawny_L2A_roi,random forest,OneClassSVM,71.0744,70.7202,-0.3542,20,17,0.7423,1.0000,102,nie
134567_poprawny_L2A_roi,random forest,PCA,71.0744,70.9563,-0.1181,27,26,1.0000,1.0000,102,nie
134567_poprawny_L2A_roi,random forest,SAM,71.0744,67.5325,-3.5419,36,6,0.0000,0.0008,102,TAK
134567_poprawny_L2A_roi,random forest,EllipticEnvelope,71.0744,67.6505,-3.4238,32,3,0.0000,0.0002,102,TAK
134567_poprawny_L2A_roi,random forest,kNN,71.0744,70.9563,-0.1181,21,20,1.0000,1.0000,102,nie
134567_poprawny_L2A_roi,random forest,LOF,71.0744,68.2409,-2.8335,32,8,0.0003,0.0251,102,TAK
134567_poprawny_L2A_roi,random forest,Percentile,71.0744,71.7828,0.7084,19,25,0.4510,1.0000,102,nie
134567_poprawny_L2A_roi,random forest,IQR,71.0744,72.2550,1.1806,32,42,0.2955,1.0000,102,nie
134567_poprawny_L2A_roi,random forest,Erosion,71.0744,71.4286,0.3542,51,54,0.8453,1.0000,102,nie
134567_poprawny_L2A_roi,random forest,PCA_Reconstruction,71.0744,68.2409,-2.8335,27,3,0.0000,0.0026,102,TAK
134567_poprawny_L2A_roi,random forest,Band_Z-score,71.0744,68.2409,-2.8335,31,7,0.0002,0.0175,102,TAK
134567_poprawny_L2A_roi,random forest,IsolationForest,71.0744,70.2479,-0.8264,26,19,0.3711,1.0000,102,nie
134567_poprawny_L2A_roi,random forest,MAD,71.0744,74.3802,3.3058,34,62,0.0059,0.4686,102,nie
134567_poprawny_L2A_roi,random forest,HotellingT2,71.0744,72.2550,1.1806,17,27,0.1748,1.0000,102,nie
134567_poprawny_L2A_roi,multi-layer perceptron,Mahalanobis,70.2479,67.1783,-3.0697,45,19,0.0018,0.1547,102,nie
134567_poprawny_L2A_roi,multi-layer perceptron,Band_Z-score,70.2479,73.7898,3.5419,22,52,0.0007,0.0674,102,nie
134567_poprawny_L2A_roi,multi-layer perceptron,EllipticEnvelope,70.2479,66.4699,-3.7780,47,15,0.0001,0.0077,102,TAK
134567_poprawny_L2A_roi,multi-layer perceptron,SAM,70.2479,70.0118,-0.2361,19,17,0.8676,1.0000,102,nie
134567_poprawny_L2A_roi,multi-layer perceptron,PCA_Reconstruction,70.2479,72.6092,2.3613,20,40,0.0142,1.0000,102,nie
134567_poprawny_L2A_roi,multi-layer perceptron,IQR,70.2479,65.9976,-4.2503,52,16,0.0000,0.0021,102,TAK
134567_poprawny_L2A_roi,multi-layer perceptron,MAD,70.2479,69.1854,-1.0626,31,22,0.2718,1.0000,102,nie
134567_poprawny_L2A_roi,multi-layer perceptron,kNN,70.2479,65.4073,-4.8406,113,72,0.0033,0.2717,102,nie
134567_poprawny_L2A_roi,multi-layer perceptron,LOF,70.2479,70.4841,0.2361,29,31,0.8973,1.0000,102,nie
134567_poprawny_L2A_roi,multi-layer perceptron,HotellingT2,70.2479,70.3660,0.1181,40,41,1.0000,1.0000,102,nie
134567_poprawny_L2A_roi,multi-layer perceptron,Robust_Mahalanobis,70.2479,69.8937,-0.3542,46,43,0.8321,1.0000,102,nie
134567_poprawny_L2A_roi,multi-layer perceptron,Erosion,70.2479,70.4841,0.2361,53,55,0.9233,1.0000,102,nie
134567_poprawny_L2A_roi,multi-layer perceptron,IsolationForest,70.2479,73.4357,3.1877,26,53,0.0034,0.2822,102,nie
134567_poprawny_L2A_roi,multi-layer perceptron,Percentile,70.2479,75.0885,4.8406,27,68,0.0000,0.0039,102,TAK
134567_poprawny_L2A_roi,multi-layer perceptron,OneClassSVM,70.2479,71.5466,1.2987,23,34,0.1853,1.0000,102,nie
134567_poprawny_L2A_roi,multi-layer perceptron,GMM,70.2479,74.9705,4.7226,10,50,0.0000,0.0000,102,TAK
134567_poprawny_L2A_roi,multi-layer perceptron,PCA,70.2479,73.1995,2.9516,24,49,0.0050,0.4026,102,nie
134567_poprawny_L2A_roi,support vector machine,MAD,77.9221,78.2763,0.3542,6,9,0.6072,1.0000,102,nie
134567_poprawny_L2A_roi,support vector machine,IQR,77.9221,78.8666,0.9445,5,13,0.0963,1.0000,102,nie
134567_poprawny_L2A_roi,support vector machine,SAM,77.9221,78.0401,0.1181,2,3,1.0000,1.0000,102,nie
134567_poprawny_L2A_roi,support vector machine,PCA_Reconstruction,77.9221,78.1582,0.2361,1,3,0.6250,1.0000,102,nie
134567_poprawny_L2A_roi,support vector machine,Mahalanobis,77.9221,77.8040,-0.1181,4,3,1.0000,1.0000,102,nie
134567_poprawny_L2A_roi,support vector machine,EllipticEnvelope,77.9221,78.1582,0.2361,1,3,0.6250,1.0000,102,nie
134567_poprawny_L2A_roi,support vector machine,Band_Z-score,77.9221,77.9221,0.0000,3,3,1.0000,1.0000,102,nie
134567_poprawny_L2A_roi,support vector machine,OneClassSVM,77.9221,78.0401,0.1181,4,5,1.0000,1.0000,102,nie
134567_poprawny_L2A_roi,support vector machine,GMM,77.9221,78.0401,0.1181,1,2,1.0000,1.0000,102,nie
134567_poprawny_L2A_roi,support vector machine,PCA,77.9221,79.2208,1.2987,7,18,0.0455,1.0000,102,nie
134567_poprawny_L2A_roi,support vector machine,Percentile,77.9221,78.7485,0.8264,1,8,0.0391,1.0000,102,nie
134567_poprawny_L2A_roi,support vector machine,Erosion,77.9221,75.5608,-2.3613,27,7,0.0011,0.0997,102,nie
134567_poprawny_L2A_roi,support vector machine,IsolationForest,77.9221,77.9221,0.0000,2,2,1.0000,1.0000,102,nie
134567_poprawny_L2A_roi,support vector machine,HotellingT2,77.9221,78.1582,0.2361,1,3,0.6250,1.0000,102,nie
134567_poprawny_L2A_roi,support vector machine,LOF,77.9221,78.0401,0.1181,2,3,1.0000,1.0000,102,nie
134567_poprawny_L2A_roi,support vector machine,kNN,77.9221,78.0401,0.1181,2,3,1.0000,1.0000,102,nie
134567_poprawny_L2A_roi,support vector machine,Robust_Mahalanobis,77.9221,76.8595,-1.0626,17,8,0.1096,1.0000,102,nie
134567_poprawny_L2A_roi,spectral angle mapping,PCA_Reconstruction,76.7414,76.7414,0.0000,0,0,1.0000,1.0000,102,nie
134567_poprawny_L2A_roi,spectral angle mapping,SAM,76.7414,76.9776,0.2361,0,2,0.5000,1.0000,102,nie
134567_poprawny_L2A_roi,spectral angle mapping,EllipticEnvelope,76.7414,76.9776,0.2361,0,2,0.5000,1.0000,102,nie
134567_poprawny_L2A_roi,spectral angle mapping,Band_Z-score,76.7414,76.8595,0.1181,0,1,1.0000,1.0000,102,nie
134567_poprawny_L2A_roi,spectral angle mapping,Mahalanobis,76.7414,76.7414,0.0000,1,1,1.0000,1.0000,102,nie
134567_poprawny_L2A_roi,spectral angle mapping,MAD,76.7414,77.4498,0.7084,4,10,0.1796,1.0000,102,nie
134567_poprawny_L2A_roi,spectral angle mapping,IQR,76.7414,77.5679,0.8264,3,10,0.0923,1.0000,102,nie
134567_poprawny_L2A_roi,spectral angle mapping,IsolationForest,76.7414,76.8595,0.1181,0,1,1.0000,1.0000,102,nie
134567_poprawny_L2A_roi,spectral angle mapping,Erosion,76.7414,77.4498,0.7084,5,11,0.2101,1.0000,102,nie
134567_poprawny_L2A_roi,spectral angle mapping,Robust_Mahalanobis,76.7414,77.2137,0.4723,7,11,0.4807,1.0000,102,nie
134567_poprawny_L2A_roi,spectral angle mapping,HotellingT2,76.7414,76.7414,0.0000,1,1,1.0000,1.0000,102,nie
134567_poprawny_L2A_roi,spectral angle mapping,kNN,76.7414,76.8595,0.1181,0,1,1.0000,1.0000,102,nie
134567_poprawny_L2A_roi,spectral angle mapping,LOF,76.7414,76.8595,0.1181,0,1,1.0000,1.0000,102,nie
134567_poprawny_L2A_roi,spectral angle mapping,PCA,76.7414,77.2137,0.4723,9,13,0.5235,1.0000,102,nie
134567_poprawny_L2A_roi,spectral angle mapping,GMM,76.7414,76.7414,0.0000,0,0,1.0000,1.0000,102,nie
134567_poprawny_L2A_roi,spectral angle mapping,OneClassSVM,76.7414,76.8595,0.1181,1,2,1.0000,1.0000,102,nie
134567_poprawny_L2A_roi,spectral angle mapping,Percentile,76.7414,76.9776,0.2361,0,2,0.5000,1.0000,102,nie
134567_poprawny_L2A_roi,minimum distance,GMM,76.8595,77.0956,0.2361,0,2,0.5000,1.0000,102,nie
134567_poprawny_L2A_roi,minimum distance,OneClassSVM,76.8595,77.0956,0.2361,2,4,0.6875,1.0000,102,nie
134567_poprawny_L2A_roi,minimum distance,Erosion,76.8595,76.9776,0.1181,7,8,1.0000,1.0000,102,nie
134567_poprawny_L2A_roi,minimum distance,PCA,76.8595,77.4498,0.5903,2,7,0.1797,1.0000,102,nie
134567_poprawny_L2A_roi,minimum distance,Percentile,76.8595,77.0956,0.2361,0,2,0.5000,1.0000,102,nie
134567_poprawny_L2A_roi,minimum distance,IsolationForest,76.8595,76.9776,0.1181,0,1,1.0000,1.0000,102,nie
134567_poprawny_L2A_roi,minimum distance,LOF,76.8595,76.9776,0.1181,0,1,1.0000,1.0000,102,nie
134567_poprawny_L2A_roi,minimum distance,Mahalanobis,76.8595,76.8595,0.0000,0,0,1.0000,1.0000,102,nie
134567_poprawny_L2A_roi,minimum distance,EllipticEnvelope,76.8595,76.9776,0.1181,0,1,1.0000,1.0000,102,nie
134567_poprawny_L2A_roi,minimum distance,PCA_Reconstruction,76.8595,76.9776,0.1181,1,2,1.0000,1.0000,102,nie
134567_poprawny_L2A_roi,minimum distance,IQR,76.8595,77.0956,0.2361,1,3,0.6250,1.0000,102,nie
134567_poprawny_L2A_roi,minimum distance,Robust_Mahalanobis,76.8595,77.0956,0.2361,5,7,0.7744,1.0000,102,nie
134567_poprawny_L2A_roi,minimum distance,HotellingT2,76.8595,76.9776,0.1181,0,1,1.0000,1.0000,102,nie
134567_poprawny_L2A_roi,minimum distance,kNN,76.8595,77.0956,0.2361,0,2,0.5000,1.0000,102,nie
134567_poprawny_L2A_roi,minimum distance,Band_Z-score,76.8595,76.9776,0.1181,0,1,1.0000,1.0000,102,nie
134567_poprawny_L2A_roi,minimum distance,MAD,76.8595,77.3318,0.4723,0,4,0.1250,1.0000,102,nie
134567_poprawny_L2A_roi,minimum distance,SAM,76.8595,77.0956,0.2361,0,2,0.5000,1.0000,102,nie
134567_zbledami_L1C_class,maximum likelihood,GMM,54.4274,54.0732,-0.3542,10,7,0.6291,1.0000,102,nie
134567_zbledami_L1C_class,maximum likelihood,Mahalanobis,54.4274,25.7379,-28.6895,256,13,0.0000,0.0000,102,TAK
134567_zbledami_L1C_class,maximum likelihood,IsolationForest,54.4274,53.9551,-0.4723,9,5,0.4240,1.0000,102,nie
134567_zbledami_L1C_class,maximum likelihood,PCA_Reconstruction,54.4274,53.9551,-0.4723,5,1,0.2188,1.0000,102,nie
134567_zbledami_L1C_class,maximum likelihood,Robust_Mahalanobis,54.4274,60.4486,6.0213,38,89,0.0000,0.0008,102,TAK
134567_zbledami_L1C_class,maximum likelihood,SAM,54.4274,54.1913,-0.2361,10,8,0.8145,1.0000,102,nie
134567_zbledami_L1C_class,maximum likelihood,HotellingT2,54.4274,57.3790,2.9516,21,46,0.0034,0.2189,102,nie
134567_zbledami_L1C_class,maximum likelihood,MAD,54.4274,54.7816,0.3542,25,28,0.7835,1.0000,102,nie
134567_zbledami_L1C_class,maximum likelihood,IQR,54.4274,21.0153,-33.4120,294,11,0.0000,0.0000,102,TAK
134567_zbledami_L1C_class,maximum likelihood,EllipticEnvelope,54.4274,54.4274,0.0000,9,9,1.0000,1.0000,102,nie
134567_zbledami_L1C_class,maximum likelihood,OneClassSVM,54.4274,53.9551,-0.4723,5,1,0.2188,1.0000,102,nie
134567_zbledami_L1C_class,maximum likelihood,LOF,54.4274,54.4274,0.0000,5,5,1.0000,1.0000,102,nie
134567_zbledami_L1C_class,maximum likelihood,Erosion,54.4274,56.0803,1.6529,30,44,0.1307,1.0000,102,nie
134567_zbledami_L1C_class,maximum likelihood,kNN,54.4274,53.6009,-0.8264,9,2,0.0654,1.0000,102,nie
134567_zbledami_L1C_class,maximum likelihood,PCA,54.4274,8.8548,-45.5726,396,10,0.0000,0.0000,102,TAK
134567_zbledami_L1C_class,maximum likelihood,Percentile,54.4274,54.5455,0.1181,20,21,1.0000,1.0000,102,nie
134567_zbledami_L1C_class,maximum likelihood,Band_Z-score,54.4274,53.4829,-0.9445,16,8,0.1516,1.0000,102,nie
134567_zbledami_L1C_class,random forest,GMM,47.8158,48.4061,0.5903,17,22,0.5218,1.0000,102,nie
134567_zbledami_L1C_class,random forest,Robust_Mahalanobis,47.8158,52.5384,4.7226,37,77,0.0003,0.0195,102,TAK
134567_zbledami_L1C_class,random forest,Mahalanobis,47.8158,47.4616,-0.3542,37,34,0.8124,1.0000,102,nie
134567_zbledami_L1C_class,random forest,OneClassSVM,47.8158,46.7532,-1.0626,21,12,0.1637,1.0000,102,nie
134567_zbledami_L1C_class,random forest,PCA,47.8158,52.5384,4.7226,36,76,0.0002,0.0174,102,TAK
134567_zbledami_L1C_class,random forest,SAM,47.8158,48.0519,0.2361,15,17,0.8597,1.0000,102,nie
134567_zbledami_L1C_class,random forest,EllipticEnvelope,47.8158,48.0519,0.2361,17,19,0.8676,1.0000,102,nie
134567_zbledami_L1C_class,random forest,kNN,47.8158,48.5242,0.7084,12,18,0.3613,1.0000,102,nie
134567_zbledami_L1C_class,random forest,LOF,47.8158,47.1074,-0.7084,15,9,0.3075,1.0000,102,nie
134567_zbledami_L1C_class,random forest,Percentile,47.8158,47.9339,0.1181,24,25,1.0000,1.0000,102,nie
134567_zbledami_L1C_class,random forest,IQR,47.8158,53.1287,5.3129,41,86,0.0001,0.0074,102,TAK
134567_zbledami_L1C_class,random forest,Erosion,47.8158,51.9481,4.1322,22,57,0.0001,0.0101,102,TAK
134567_zbledami_L1C_class,random forest,PCA_Reconstruction,47.8158,47.4616,-0.3542,18,15,0.7277,1.0000,102,nie
134567_zbledami_L1C_class,random forest,Band_Z-score,47.8158,49.5868,1.7710,26,41,0.0872,1.0000,102,nie
134567_zbledami_L1C_class,random forest,IsolationForest,47.8158,46.1629,-1.6529,26,12,0.0350,1.0000,102,nie
134567_zbledami_L1C_class,random forest,MAD,47.8158,62.3377,14.5218,33,156,0.0000,0.0000,102,TAK
134567_zbledami_L1C_class,random forest,HotellingT2,47.8158,48.9965,1.1806,30,40,0.2821,1.0000,102,nie
134567_zbledami_L1C_class,multi-layer perceptron,Mahalanobis,68.5950,79.8111,11.2161,19,114,0.0000,0.0000,102,TAK
134567_zbledami_L1C_class,multi-layer perceptron,Band_Z-score,68.5950,78.2763,9.6812,28,110,0.0000,0.0000,102,TAK
134567_zbledami_L1C_class,multi-layer perceptron,EllipticEnvelope,68.5950,81.1098,12.5148,28,134,0.0000,0.0000,102,TAK
134567_zbledami_L1C_class,multi-layer perceptron,SAM,68.5950,80.2834,11.6883,23,122,0.0000,0.0000,102,TAK
134567_zbledami_L1C_class,multi-layer perceptron,PCA_Reconstruction,68.5950,73.1995,4.6045,48,87,0.0011,0.0730,102,nie
134567_zbledami_L1C_class,multi-layer perceptron,IQR,68.5950,83.3530,14.7580,17,142,0.0000,0.0000,102,TAK
134567_zbledami_L1C_class,multi-layer perceptron,MAD,68.5950,81.8182,13.2231,15,127,0.0000,0.0000,102,TAK
134567_zbledami_L1C_class,multi-layer perceptron,kNN,68.5950,75.5608,6.9658,21,80,0.0000,0.0000,102,TAK
134567_zbledami_L1C_class,multi-layer perceptron,LOF,68.5950,69.7757,1.1806,44,54,0.3633,1.0000,102,nie
134567_zbledami_L1C_class,multi-layer perceptron,HotellingT2,68.5950,77.9221,9.3270,33,112,0.0000,0.0000,102,TAK
134567_zbledami_L1C_class,multi-layer perceptron,Robust_Mahalanobis,68.5950,65.1712,-3.4238,89,60,0.0218,1.0000,102,nie
134567_zbledami_L1C_class,multi-layer perceptron,Erosion,68.5950,78.5124,9.9174,21,105,0.0000,0.0000,102,TAK
134567_zbledami_L1C_class,multi-layer perceptron,IsolationForest,68.5950,81.9362,13.3412,15,128,0.0000,0.0000,102,TAK
134567_zbledami_L1C_class,multi-layer perceptron,Percentile,68.5950,78.3943,9.7993,47,130,0.0000,0.0000,102,TAK
134567_zbledami_L1C_class,multi-layer perceptron,OneClassSVM,68.5950,75.0885,6.4935,20,75,0.0000,0.0000,102,TAK
134567_zbledami_L1C_class,multi-layer perceptron,GMM,68.5950,80.4014,11.8064,36,136,0.0000,0.0000,102,TAK
134567_zbledami_L1C_class,multi-layer perceptron,PCA,68.5950,67.8867,-0.7084,73,67,0.6726,1.0000,102,nie
134567_zbledami_L1C_class,support vector machine,MAD,84.8878,87.7214,2.8335,14,38,0.0014,0.0941,102,nie
134567_zbledami_L1C_class,support vector machine,IQR,84.8878,88.3117,3.4238,18,47,0.0005,0.0365,102,TAK
134567_zbledami_L1C_class,support vector machine,SAM,84.8878,85.2420,0.3542,4,7,0.5488,1.0000,102,nie
134567_zbledami_L1C_class,support vector machine,PCA_Reconstruction,84.8878,84.4156,-0.4723,7,3,0.3438,1.0000,102,nie
134567_zbledami_L1C_class,support vector machine,Mahalanobis,84.8878,84.7698,-0.1181,22,21,1.0000,1.0000,102,nie
134567_zbledami_L1C_class,support vector machine,EllipticEnvelope,84.8878,84.7698,-0.1181,2,1,1.0000,1.0000,102,nie
134567_zbledami_L1C_class,support vector machine,Band_Z-score,84.8878,86.0685,1.1806,8,18,0.0776,1.0000,102,nie
134567_zbledami_L1C_class,support vector machine,OneClassSVM,84.8878,85.3601,0.4723,3,7,0.3438,1.0000,102,nie
134567_zbledami_L1C_class,support vector machine,GMM,84.8878,84.7698,-0.1181,4,3,1.0000,1.0000,102,nie
134567_zbledami_L1C_class,support vector machine,PCA,84.8878,84.1795,-0.7084,43,37,0.5762,1.0000,102,nie
134567_zbledami_L1C_class,support vector machine,Percentile,84.8878,85.3601,0.4723,15,19,0.6069,1.0000,102,nie
134567_zbledami_L1C_class,support vector machine,Erosion,84.8878,86.1865,1.2987,16,27,0.1273,1.0000,102,nie
134567_zbledami_L1C_class,support vector machine,IsolationForest,84.8878,84.8878,0.0000,7,7,1.0000,1.0000,102,nie
134567_zbledami_L1C_class,support vector machine,HotellingT2,84.8878,85.2420,0.3542,20,23,0.7604,1.0000,102,nie
134567_zbledami_L1C_class,support vector machine,LOF,84.8878,84.5336,-0.3542,4,1,0.3750,1.0000,102,nie
134567_zbledami_L1C_class,support vector machine,kNN,84.8878,84.6517,-0.2361,3,1,0.6250,1.0000,102,nie
134567_zbledami_L1C_class,support vector machine,Robust_Mahalanobis,84.8878,79.3388,-5.5490,61,14,0.0000,0.0000,102,TAK
134567_zbledami_L1C_class,spectral angle mapping,PCA_Reconstruction,84.7698,83.7072,-1.0626,10,1,0.0117,0.7148,102,nie
134567_zbledami_L1C_class,spectral angle mapping,SAM,84.7698,84.4156,-0.3542,8,5,0.5811,1.0000,102,nie
134567_zbledami_L1C_class,spectral angle mapping,EllipticEnvelope,84.7698,83.5891,-1.1806,14,4,0.0309,1.0000,102,nie
134567_zbledami_L1C_class,spectral angle mapping,Band_Z-score,84.7698,84.0614,-0.7084,13,7,0.2632,1.0000,102,nie
134567_zbledami_L1C_class,spectral angle mapping,Mahalanobis,84.7698,81.1098,-3.6600,40,9,0.0000,0.0015,102,TAK
134567_zbledami_L1C_class,spectral angle mapping,MAD,84.7698,85.0059,0.2361,16,18,0.8638,1.0000,102,nie
134567_zbledami_L1C_class,spectral angle mapping,IQR,84.7698,85.0059,0.2361,21,23,0.8802,1.0000,102,nie
134567_zbledami_L1C_class,spectral angle mapping,IsolationForest,84.7698,84.7698,0.0000,5,5,1.0000,1.0000,102,nie
134567_zbledami_L1C_class,spectral angle mapping,Erosion,84.7698,81.3459,-3.4238,45,16,0.0003,0.0246,102,TAK
134567_zbledami_L1C_class,spectral angle mapping,Robust_Mahalanobis,84.7698,80.0472,-4.7226,56,16,0.0000,0.0004,102,TAK
134567_zbledami_L1C_class,spectral angle mapping,HotellingT2,84.7698,80.9917,-3.7780,41,9,0.0000,0.0010,102,TAK
134567_zbledami_L1C_class,spectral angle mapping,kNN,84.7698,83.8253,-0.9445,13,5,0.0963,1.0000,102,nie
134567_zbledami_L1C_class,spectral angle mapping,LOF,84.7698,83.5891,-1.1806,12,2,0.0129,0.7764,102,nie
134567_zbledami_L1C_class,spectral angle mapping,PCA,84.7698,81.8182,-2.9516,40,15,0.0012,0.0812,102,nie
134567_zbledami_L1C_class,spectral angle mapping,GMM,84.7698,84.0614,-0.7084,9,3,0.1460,1.0000,102,nie
134567_zbledami_L1C_class,spectral angle mapping,OneClassSVM,84.7698,84.6517,-0.1181,4,3,1.0000,1.0000,102,nie
134567_zbledami_L1C_class,spectral angle mapping,Percentile,84.7698,83.3530,-1.4168,17,5,0.0169,0.9971,102,nie
134567_zbledami_L1C_class,minimum distance,GMM,81.9362,80.9917,-0.9445,10,2,0.0386,1.0000,102,nie
134567_zbledami_L1C_class,minimum distance,OneClassSVM,81.9362,81.3459,-0.5903,5,0,0.0625,1.0000,102,nie
134567_zbledami_L1C_class,minimum distance,Erosion,81.9362,79.5750,-2.3613,25,5,0.0005,0.0366,102,TAK
134567_zbledami_L1C_class,minimum distance,PCA,81.9362,85.5962,3.6600,26,57,0.0010,0.0684,102,nie
134567_zbledami_L1C_class,minimum distance,Percentile,81.9362,80.5195,-1.4168,14,2,0.0042,0.2676,102,nie
134567_zbledami_L1C_class,minimum distance,IsolationForest,81.9362,80.5195,-1.4168,12,0,0.0005,0.0352,102,TAK
134567_zbledami_L1C_class,minimum distance,LOF,81.9362,81.5821,-0.3542,4,1,0.3750,1.0000,102,nie
134567_zbledami_L1C_class,minimum distance,Mahalanobis,81.9362,79.5750,-2.3613,24,4,0.0003,0.0244,102,TAK
134567_zbledami_L1C_class,minimum distance,EllipticEnvelope,81.9362,81.2279,-0.7084,10,4,0.1796,1.0000,102,nie
134567_zbledami_L1C_class,minimum distance,PCA_Reconstruction,81.9362,81.2279,-0.7084,9,3,0.1460,1.0000,102,nie
134567_zbledami_L1C_class,minimum distance,IQR,81.9362,86.0685,4.1322,16,51,0.0000,0.0026,102,TAK
134567_zbledami_L1C_class,minimum distance,Robust_Mahalanobis,81.9362,79.3388,-2.5974,39,17,0.0050,0.3158,102,nie
134567_zbledami_L1C_class,minimum distance,HotellingT2,81.9362,79.2208,-2.7155,27,4,0.0001,0.0061,102,TAK
134567_zbledami_L1C_class,minimum distance,kNN,81.9362,81.1098,-0.8264,10,3,0.0923,1.0000,102,nie
134567_zbledami_L1C_class,minimum distance,Band_Z-score,81.9362,80.5195,-1.4168,18,6,0.0227,1.0000,102,nie
134567_zbledami_L1C_class,minimum distance,MAD,81.9362,82.1724,0.2361,22,24,0.8828,1.0000,102,nie
134567_zbledami_L1C_class,minimum distance,SAM,81.9362,80.9917,-0.9445,8,0,0.0078,0.4844,102,nie
134567_zbledami_L1C_roi,maximum likelihood,GMM,54.4274,54.3093,-0.1181,5,4,1.0000,1.0000,102,nie
134567_zbledami_L1C_roi,maximum likelihood,Mahalanobis,54.4274,51.7119,-2.7155,43,20,0.0056,0.3513,102,nie
134567_zbledami_L1C_roi,maximum likelihood,IsolationForest,54.4274,53.6009,-0.8264,12,5,0.1435,1.0000,102,nie
134567_zbledami_L1C_roi,maximum likelihood,PCA_Reconstruction,54.4274,53.4829,-0.9445,11,3,0.0574,1.0000,102,nie
134567_zbledami_L1C_roi,maximum likelihood,Robust_Mahalanobis,54.4274,1.4168,-53.0106,456,7,0.0000,0.0000,102,TAK
134567_zbledami_L1C_roi,maximum likelihood,SAM,54.4274,54.6635,0.2361,7,9,0.8036,1.0000,102,nie
134567_zbledami_L1C_roi,maximum likelihood,HotellingT2,54.4274,52.4203,-2.0071,35,18,0.0280,1.0000,102,nie
134567_zbledami_L1C_roi,maximum likelihood,MAD,54.4274,9.0909,-45.3365,430,46,0.0000,0.0000,102,TAK
134567_zbledami_L1C_roi,maximum likelihood,IQR,54.4274,21.0153,-33.4120,294,11,0.0000,0.0000,102,TAK
134567_zbledami_L1C_roi,maximum likelihood,EllipticEnvelope,54.4274,54.0732,-0.3542,13,10,0.6776,1.0000,102,nie
134567_zbledami_L1C_roi,maximum likelihood,OneClassSVM,54.4274,53.0106,-1.4168,17,5,0.0169,0.9295,102,nie
134567_zbledami_L1C_roi,maximum likelihood,LOF,54.4274,53.7190,-0.7084,8,2,0.1094,1.0000,102,nie
134567_zbledami_L1C_roi,maximum likelihood,Erosion,54.4274,56.0803,1.6529,30,44,0.1307,1.0000,102,nie
134567_zbledami_L1C_roi,maximum likelihood,kNN,54.4274,53.7190,-0.7084,13,7,0.2632,1.0000,102,nie
134567_zbledami_L1C_roi,maximum likelihood,PCA,54.4274,5.5490,-48.8784,432,18,0.0000,0.0000,102,TAK
134567_zbledami_L1C_roi,maximum likelihood,Percentile,54.4274,54.5455,0.1181,20,21,1.0000,1.0000,102,nie
134567_zbledami_L1C_roi,maximum likelihood,Band_Z-score,54.4274,53.4829,-0.9445,17,9,0.1698,1.0000,102,nie
134567_zbledami_L1C_roi,random forest,GMM,47.2255,46.7532,-0.4723,14,10,0.5413,1.0000,102,nie
134567_zbledami_L1C_roi,random forest,Robust_Mahalanobis,47.2255,48.2881,1.0626,32,41,0.3491,1.0000,102,nie
134567_zbledami_L1C_roi,random forest,Mahalanobis,47.2255,46.0449,-1.1806,35,25,0.2453,1.0000,102,nie
134567_zbledami_L1C_roi,random forest,OneClassSVM,47.2255,47.9339,0.7084,16,22,0.4173,1.0000,102,nie
134567_zbledami_L1C_roi,random forest,PCA,47.2255,44.9823,-2.2432,57,38,0.0648,1.0000,102,nie
134567_zbledami_L1C_roi,random forest,SAM,47.2255,47.6978,0.4723,16,20,0.6171,1.0000,102,nie
134567_zbledami_L1C_roi,random forest,EllipticEnvelope,47.2255,48.1700,0.9445,13,21,0.2299,1.0000,102,nie
134567_zbledami_L1C_roi,random forest,kNN,47.2255,46.1629,-1.0626,24,15,0.2002,1.0000,102,nie
134567_zbledami_L1C_roi,random forest,LOF,47.2255,46.5171,-0.7084,20,14,0.3912,1.0000,102,nie
134567_zbledami_L1C_roi,random forest,Percentile,47.2255,47.1074,-0.1181,26,25,1.0000,1.0000,102,nie
134567_zbledami_L1C_roi,random forest,IQR,47.2255,46.2810,-0.9445,49,41,0.4606,1.0000,102,nie
134567_zbledami_L1C_roi,random forest,Erosion,47.2255,52.5384,5.3129,23,68,0.0000,0.0003,102,TAK
134567_zbledami_L1C_roi,random forest,PCA_Reconstruction,47.2255,48.4061,1.1806,9,19,0.0890,1.0000,102,nie
134567_zbledami_L1C_roi,random forest,Band_Z-score,47.2255,48.4061,1.1806,26,36,0.2530,1.0000,102,nie
134567_zbledami_L1C_roi,random forest,IsolationForest,47.2255,46.1629,-1.0626,17,8,0.1096,1.0000,102,nie
134567_zbledami_L1C_roi,random forest,MAD,47.2255,54.3093,7.0838,38,98,0.0000,0.0000,102,TAK
134567_zbledami_L1C_roi,random forest,HotellingT2,47.2255,48.5242,1.2987,12,23,0.0910,1.0000,102,nie
134567_zbledami_L1C_roi,multi-layer perceptron,Mahalanobis,68.5950,80.4014,11.8064,13,113,0.0000,0.0000,102,TAK
134567_zbledami_L1C_roi,multi-layer perceptron,Band_Z-score,68.5950,75.4427,6.8477,17,75,0.0000,0.0000,102,TAK
134567_zbledami_L1C_roi,multi-layer perceptron,EllipticEnvelope,68.5950,82.5266,13.9315,13,131,0.0000,0.0000,102,TAK
134567_zbledami_L1C_roi,multi-layer perceptron,SAM,68.5950,76.1511,7.5561,12,76,0.0000,0.0000,102,TAK
134567_zbledami_L1C_roi,multi-layer perceptron,PCA_Reconstruction,68.5950,82.5266,13.9315,16,134,0.0000,0.0000,102,TAK
134567_zbledami_L1C_roi,multi-layer perceptron,IQR,68.5950,82.0543,13.4593,22,136,0.0000,0.0000,102,TAK
134567_zbledami_L1C_roi,multi-layer perceptron,MAD,68.5950,78.8666,10.2715,15,102,0.0000,0.0000,102,TAK
134567_zbledami_L1C_roi,multi-layer perceptron,kNN,68.5950,80.2834,11.6883,14,113,0.0000,0.0000,102,TAK
134567_zbledami_L1C_roi,multi-layer perceptron,LOF,68.5950,73.0815,4.4864,17,55,0.0000,0.0009,102,TAK
134567_zbledami_L1C_roi,multi-layer perceptron,HotellingT2,68.5950,76.9776,8.3825,18,89,0.0000,0.0000,102,TAK
134567_zbledami_L1C_roi,multi-layer perceptron,Robust_Mahalanobis,68.5950,75.3247,6.7296,31,88,0.0000,0.0000,102,TAK
134567_zbledami_L1C_roi,multi-layer perceptron,Erosion,68.5950,74.2621,5.6671,37,85,0.0000,0.0015,102,TAK
134567_zbledami_L1C_roi,multi-layer perceptron,IsolationForest,68.5950,81.2279,12.6328,29,136,0.0000,0.0000,102,TAK
134567_zbledami_L1C_roi,multi-layer perceptron,Percentile,68.5950,78.9847,10.3896,36,124,0.0000,0.0000,102,TAK
134567_zbledami_L1C_roi,multi-layer perceptron,OneClassSVM,68.5950,77.9221,9.3270,44,123,0.0000,0.0000,102,TAK
134567_zbledami_L1C_roi,multi-layer perceptron,GMM,68.5950,63.8725,-4.7226,77,37,0.0003,0.0182,102,TAK
134567_zbledami_L1C_roi,multi-layer perceptron,PCA,68.5950,77.0956,8.5006,41,113,0.0000,0.0000,102,TAK
134567_zbledami_L1C_roi,support vector machine,MAD,84.8878,80.5195,-4.3684,49,12,0.0000,0.0003,102,TAK
134567_zbledami_L1C_roi,support vector machine,IQR,84.8878,84.1795,-0.7084,22,16,0.4173,1.0000,102,nie
134567_zbledami_L1C_roi,support vector machine,SAM,84.8878,85.0059,0.1181,3,4,1.0000,1.0000,102,nie
134567_zbledami_L1C_roi,support vector machine,PCA_Reconstruction,84.8878,84.4156,-0.4723,4,0,0.1250,1.0000,102,nie
134567_zbledami_L1C_roi,support vector machine,Mahalanobis,84.8878,85.0059,0.1181,11,12,1.0000,1.0000,102,nie
134567_zbledami_L1C_roi,support vector machine,EllipticEnvelope,84.8878,84.7698,-0.1181,3,2,1.0000,1.0000,102,nie
134567_zbledami_L1C_roi,support vector machine,Band_Z-score,84.8878,84.7698,-0.1181,9,8,1.0000,1.0000,102,nie
134567_zbledami_L1C_roi,support vector machine,OneClassSVM,84.8878,84.6517,-0.2361,6,4,0.7539,1.0000,102,nie
134567_zbledami_L1C_roi,support vector machine,GMM,84.8878,84.6517,-0.2361,3,1,0.6250,1.0000,102,nie
134567_zbledami_L1C_roi,support vector machine,PCA,84.8878,78.7485,-6.1393,65,13,0.0000,0.0000,102,TAK
134567_zbledami_L1C_roi,support vector machine,Percentile,84.8878,85.1240,0.2361,5,7,0.7744,1.0000,102,nie
134567_zbledami_L1C_roi,support vector machine,Erosion,84.8878,86.1865,1.2987,16,27,0.1273,1.0000,102,nie
134567_zbledami_L1C_roi,support vector machine,IsolationForest,84.8878,85.0059,0.1181,3,4,1.0000,1.0000,102,nie
134567_zbledami_L1C_roi,support vector machine,HotellingT2,84.8878,84.8878,0.0000,11,11,1.0000,1.0000,102,nie
134567_zbledami_L1C_roi,support vector machine,LOF,84.8878,84.5336,-0.3542,4,1,0.3750,1.0000,102,nie
134567_zbledami_L1C_roi,support vector machine,kNN,84.8878,85.0059,0.1181,3,4,1.0000,1.0000,102,nie
134567_zbledami_L1C_roi,support vector machine,Robust_Mahalanobis,84.8878,81.9362,-2.9516,39,14,0.0010,0.0636,102,nie
134567_zbledami_L1C_roi,spectral angle mapping,PCA_Reconstruction,84.7698,84.1795,-0.5903,7,2,0.1797,1.0000,102,nie
134567_zbledami_L1C_roi,spectral angle mapping,SAM,84.7698,83.7072,-1.0626,12,3,0.0352,1.0000,102,nie
134567_zbledami_L1C_roi,spectral angle mapping,EllipticEnvelope,84.7698,84.0614,-0.7084,9,3,0.1460,1.0000,102,nie
134567_zbledami_L1C_roi,spectral angle mapping,Band_Z-score,84.7698,81.9362,-2.8335,30,6,0.0001,0.0090,102,TAK
134567_zbledami_L1C_roi,spectral angle mapping,Mahalanobis,84.7698,83.4711,-1.2987,22,11,0.0817,1.0000,102,nie
134567_zbledami_L1C_roi,spectral angle mapping,MAD,84.7698,80.0472,-4.7226,57,17,0.0000,0.0004,102,TAK
134567_zbledami_L1C_roi,spectral angle mapping,IQR,84.7698,82.7627,-2.0071,36,19,0.0310,1.0000,102,nie
134567_zbledami_L1C_roi,spectral angle mapping,IsolationForest,84.7698,83.5891,-1.1806,12,2,0.0129,0.7375,102,nie
134567_zbledami_L1C_roi,spectral angle mapping,Erosion,84.7698,81.3459,-3.4238,45,16,0.0003,0.0229,102,TAK
134567_zbledami_L1C_roi,spectral angle mapping,Robust_Mahalanobis,84.7698,79.2208,-5.5490,63,16,0.0000,0.0000,102,TAK
134567_zbledami_L1C_roi,spectral angle mapping,HotellingT2,84.7698,83.5891,-1.1806,22,12,0.1227,1.0000,102,nie
134567_zbledami_L1C_roi,spectral angle mapping,kNN,84.7698,83.8253,-0.9445,10,2,0.0386,1.0000,102,nie
134567_zbledami_L1C_roi,spectral angle mapping,LOF,84.7698,83.8253,-0.9445,9,1,0.0215,1.0000,102,nie
134567_zbledami_L1C_roi,spectral angle mapping,PCA,84.7698,78.6305,-6.1393,70,18,0.0000,0.0000,102,TAK
134567_zbledami_L1C_roi,spectral angle mapping,GMM,84.7698,83.7072,-1.0626,10,1,0.0117,0.6914,102,nie
134567_zbledami_L1C_roi,spectral angle mapping,OneClassSVM,84.7698,83.8253,-0.9445,15,7,0.1338,1.0000,102,nie
134567_zbledami_L1C_roi,spectral angle mapping,Percentile,84.7698,83.1169,-1.6529,18,4,0.0043,0.2780,102,nie
134567_zbledami_L1C_roi,minimum distance,GMM,81.9362,81.7001,-0.2361,5,3,0.7266,1.0000,102,nie
134567_zbledami_L1C_roi,minimum distance,OneClassSVM,81.9362,80.7556,-1.1806,11,1,0.0063,0.3936,102,nie
134567_zbledami_L1C_roi,minimum distance,Erosion,81.9362,79.5750,-2.3613,25,5,0.0005,0.0350,102,TAK
134567_zbledami_L1C_roi,minimum distance,PCA,81.9362,77.6860,-4.2503,50,14,0.0000,0.0009,102,TAK
134567_zbledami_L1C_roi,minimum distance,Percentile,81.9362,80.6375,-1.2987,13,2,0.0074,0.4431,102,nie
134567_zbledami_L1C_roi,minimum distance,IsolationForest,81.9362,80.8737,-1.0626,10,1,0.0117,0.6914,102,nie
134567_zbledami_L1C_roi,minimum distance,LOF,81.9362,81.8182,-0.1181,5,4,1.0000,1.0000,102,nie
134567_zbledami_L1C_roi,minimum distance,Mahalanobis,81.9362,79.3388,-2.5974,23,1,0.0000,0.0002,102,TAK
134567_zbledami_L1C_roi,minimum distance,EllipticEnvelope,81.9362,81.2279,-0.7084,7,1,0.0703,1.0000,102,nie
134567_zbledami_L1C_roi,minimum distance,PCA_Reconstruction,81.9362,81.2279,-0.7084,7,1,0.0703,1.0000,102,nie
134567_zbledami_L1C_roi,minimum distance,IQR,81.9362,78.3943,-3.5419,33,3,0.0000,0.0001,102,TAK
134567_zbledami_L1C_roi,minimum distance,Robust_Mahalanobis,81.9362,79.6930,-2.2432,37,18,0.0152,0.8523,102,nie
134567_zbledami_L1C_roi,minimum distance,HotellingT2,81.9362,79.5750,-2.3613,21,1,0.0000,0.0008,102,TAK
134567_zbledami_L1C_roi,minimum distance,kNN,81.9362,81.1098,-0.8264,8,1,0.0391,1.0000,102,nie
134567_zbledami_L1C_roi,minimum distance,Band_Z-score,81.9362,79.8111,-2.1251,21,3,0.0003,0.0191,102,TAK
134567_zbledami_L1C_roi,minimum distance,MAD,81.9362,78.8666,-3.0697,40,14,0.0007,0.0441,102,TAK
134567_zbledami_L1C_roi,minimum distance,SAM,81.9362,80.7556,-1.1806,11,1,0.0063,0.3936,102,nie
134567_zbledami_L2A_class,maximum likelihood,GMM,71.3105,71.9008,0.5903,10,15,0.4237,1.0000,102,nie
134567_zbledami_L2A_class,maximum likelihood,Mahalanobis,71.3105,72.4911,1.1806,30,40,0.2821,1.0000,102,nie
134567_zbledami_L2A_class,maximum likelihood,IsolationForest,71.3105,71.9008,0.5903,12,17,0.4576,1.0000,102,nie
134567_zbledami_L2A_class,maximum likelihood,PCA_Reconstruction,71.3105,72.4911,1.1806,10,20,0.1003,1.0000,102,nie
134567_zbledami_L2A_class,maximum likelihood,Robust_Mahalanobis,71.3105,62.6919,-8.6187,132,59,0.0000,0.0000,102,TAK
134567_zbledami_L2A_class,maximum likelihood,SAM,71.3105,71.9008,0.5903,11,16,0.4414,1.0000,102,nie
134567_zbledami_L2A_class,maximum likelihood,HotellingT2,71.3105,73.4357,2.1251,33,51,0.0636,1.0000,102,nie
134567_zbledami_L2A_class,maximum likelihood,MAD,71.3105,69.7757,-1.5348,46,33,0.1770,1.0000,102,nie
134567_zbledami_L2A_class,maximum likelihood,IQR,71.3105,61.9835,-9.3270,111,32,0.0000,0.0000,102,TAK
134567_zbledami_L2A_class,maximum likelihood,EllipticEnvelope,71.3105,73.6718,2.3613,7,27,0.0011,0.0975,102,nie
134567_zbledami_L2A_class,maximum likelihood,OneClassSVM,71.3105,72.4911,1.1806,6,16,0.0525,1.0000,102,nie
134567_zbledami_L2A_class,maximum likelihood,LOF,71.3105,72.8453,1.5348,1,14,0.0010,0.0859,102,nie
134567_zbledami_L2A_class,maximum likelihood,Erosion,71.3105,72.2550,0.9445,35,43,0.4280,1.0000,102,nie
134567_zbledami_L2A_class,maximum likelihood,kNN,71.3105,72.2550,0.9445,10,18,0.1859,1.0000,102,nie
134567_zbledami_L2A_class,maximum likelihood,PCA,71.3105,21.9599,-49.3506,428,10,0.0000,0.0000,102,TAK
134567_zbledami_L2A_class,maximum likelihood,Percentile,71.3105,73.7898,2.4793,18,39,0.0081,0.6619,102,nie
134567_zbledami_L2A_class,maximum likelihood,Band_Z-score,71.3105,72.6092,1.2987,14,25,0.1093,1.0000,102,nie
134567_zbledami_L2A_class,random forest,GMM,76.9776,78.7485,1.7710,17,32,0.0455,1.0000,102,nie
134567_zbledami_L2A_class,random forest,Robust_Mahalanobis,76.9776,72.9634,-4.0142,96,62,0.0087,0.7012,102,nie
134567_zbledami_L2A_class,random forest,Mahalanobis,76.9776,74.0260,-2.9516,63,38,0.0169,1.0000,102,nie
134567_zbledami_L2A_class,random forest,OneClassSVM,76.9776,77.8040,0.8264,24,31,0.4185,1.0000,102,nie
134567_zbledami_L2A_class,random forest,PCA,76.9776,81.9362,4.9587,43,85,0.0003,0.0258,102,TAK
134567_zbledami_L2A_class,random forest,SAM,76.9776,78.6305,1.6529,23,37,0.0933,1.0000,102,nie
134567_zbledami_L2A_class,random forest,EllipticEnvelope,76.9776,81.3459,4.3684,17,54,0.0000,0.0018,102,TAK
134567_zbledami_L2A_class,random forest,kNN,76.9776,80.9917,4.0142,17,51,0.0001,0.0059,102,TAK
134567_zbledami_L2A_class,random forest,LOF,76.9776,81.1098,4.1322,13,48,0.0000,0.0013,102,TAK
134567_zbledami_L2A_class,random forest,Percentile,76.9776,78.5124,1.5348,38,51,0.2034,1.0000,102,nie
134567_zbledami_L2A_class,random forest,IQR,76.9776,85.0059,8.0283,27,95,0.0000,0.0000,102,TAK
134567_zbledami_L2A_class,random forest,Erosion,76.9776,78.9847,2.0071,55,72,0.1557,1.0000,102,nie
134567_zbledami_L2A_class,random forest,PCA_Reconstruction,76.9776,77.6860,0.7084,28,34,0.5254,1.0000,102,nie
134567_zbledami_L2A_class,random forest,Band_Z-score,76.9776,78.8666,1.8890,44,60,0.1413,1.0000,102,nie
134567_zbledami_L2A_class,random forest,IsolationForest,76.9776,80.7556,3.7780,16,48,0.0001,0.0098,102,TAK
134567_zbledami_L2A_class,random forest,MAD,76.9776,78.3943,1.4168,44,56,0.2713,1.0000,102,nie
134567_zbledami_L2A_class,random forest,HotellingT2,76.9776,76.1511,-0.8264,53,46,0.5465,1.0000,102,nie
134567_zbledami_L2A_class,multi-layer perceptron,Mahalanobis,71.3105,64.9351,-6.3754,130,76,0.0002,0.0200,102,TAK
134567_zbledami_L2A_class,multi-layer perceptron,Band_Z-score,71.3105,72.1370,0.8264,83,90,0.6483,1.0000,102,nie
134567_zbledami_L2A_class,multi-layer perceptron,EllipticEnvelope,71.3105,68.3589,-2.9516,89,64,0.0523,1.0000,102,nie
134567_zbledami_L2A_class,multi-layer perceptron,SAM,71.3105,77.2137,5.9032,26,76,0.0000,0.0001,102,TAK
134567_zbledami_L2A_class,multi-layer perceptron,PCA_Reconstruction,71.3105,70.1299,-1.1806,61,51,0.3951,1.0000,102,nie
134567_zbledami_L2A_class,multi-layer perceptron,IQR,71.3105,74.2621,2.9516,69,94,0.0601,1.0000,102,nie
134567_zbledami_L2A_class,multi-layer perceptron,MAD,71.3105,74.1440,2.8335,74,98,0.0795,1.0000,102,nie
134567_zbledami_L2A_class,multi-layer perceptron,kNN,71.3105,73.4357,2.1251,79,97,0.2000,1.0000,102,nie
134567_zbledami_L2A_class,multi-layer perceptron,LOF,71.3105,64.4628,-6.8477,134,76,0.0001,0.0078,102,TAK
134567_zbledami_L2A_class,multi-layer perceptron,HotellingT2,71.3105,74.7344,3.4238,34,63,0.0045,0.3754,102,nie
134567_zbledami_L2A_class,multi-layer perceptron,Robust_Mahalanobis,71.3105,68.4770,-2.8335,119,95,0.1159,1.0000,102,nie
134567_zbledami_L2A_class,multi-layer perceptron,Erosion,71.3105,72.4911,1.1806,58,68,0.4227,1.0000,102,nie
134567_zbledami_L2A_class,multi-layer perceptron,IsolationForest,71.3105,72.3731,1.0626,54,63,0.4595,1.0000,102,nie
134567_zbledami_L2A_class,multi-layer perceptron,Percentile,71.3105,72.9634,1.6529,95,109,0.3627,1.0000,102,nie
134567_zbledami_L2A_class,multi-layer perceptron,OneClassSVM,71.3105,70.9563,-0.3542,94,91,0.8831,1.0000,102,nie
134567_zbledami_L2A_class,multi-layer perceptron,GMM,71.3105,79.6930,8.3825,28,99,0.0000,0.0000,102,TAK
134567_zbledami_L2A_class,multi-layer perceptron,PCA,71.3105,70.0118,-1.2987,97,86,0.4598,1.0000,102,nie
134567_zbledami_L2A_class,support vector machine,MAD,83.9433,86.4227,2.4793,16,37,0.0060,0.4989,102,nie
134567_zbledami_L2A_class,support vector machine,IQR,83.9433,87.6033,3.6600,17,48,0.0002,0.0181,102,TAK
134567_zbledami_L2A_class,support vector machine,SAM,83.9433,83.9433,0.0000,7,7,1.0000,1.0000,102,nie
134567_zbledami_L2A_class,support vector machine,PCA_Reconstruction,83.9433,82.7627,-1.1806,16,6,0.0525,1.0000,102,nie
134567_zbledami_L2A_class,support vector machine,Mahalanobis,83.9433,82.7627,-1.1806,26,16,0.1649,1.0000,102,nie
134567_zbledami_L2A_class,support vector machine,EllipticEnvelope,83.9433,84.0614,0.1181,5,6,1.0000,1.0000,102,nie
134567_zbledami_L2A_class,support vector machine,Band_Z-score,83.9433,84.5336,0.5903,19,24,0.5419,1.0000,102,nie
134567_zbledami_L2A_class,support vector machine,OneClassSVM,83.9433,83.8253,-0.1181,8,7,1.0000,1.0000,102,nie
134567_zbledami_L2A_class,support vector machine,GMM,83.9433,83.4711,-0.4723,12,8,0.5034,1.0000,102,nie
134567_zbledami_L2A_class,support vector machine,PCA,83.9433,83.9433,0.0000,42,42,0.9131,1.0000,102,nie
134567_zbledami_L2A_class,support vector machine,Percentile,83.9433,84.2975,0.3542,13,16,0.7103,1.0000,102,nie
134567_zbledami_L2A_class,support vector machine,Erosion,83.9433,85.0059,1.0626,16,25,0.2115,1.0000,102,nie
134567_zbledami_L2A_class,support vector machine,IsolationForest,83.9433,84.1795,0.2361,7,9,0.8036,1.0000,102,nie
134567_zbledami_L2A_class,support vector machine,HotellingT2,83.9433,83.3530,-0.5903,22,17,0.5218,1.0000,102,nie
134567_zbledami_L2A_class,support vector machine,LOF,83.9433,83.3530,-0.5903,9,4,0.2668,1.0000,102,nie
134567_zbledami_L2A_class,support vector machine,kNN,83.9433,83.3530,-0.5903,12,7,0.3593,1.0000,102,nie
134567_zbledami_L2A_class,support vector machine,Robust_Mahalanobis,83.9433,80.5195,-3.4238,57,28,0.0024,0.2031,102,nie
134567_zbledami_L2A_class,spectral angle mapping,PCA_Reconstruction,77.8040,77.5679,-0.2361,7,5,0.7744,1.0000,102,nie
134567_zbledami_L2A_class,spectral angle mapping,SAM,77.8040,78.0401,0.2361,5,7,0.7744,1.0000,102,nie
134567_zbledami_L2A_class,spectral angle mapping,EllipticEnvelope,77.8040,77.4498,-0.3542,10,7,0.6291,1.0000,102,nie
134567_zbledami_L2A_class,spectral angle mapping,Band_Z-score,77.8040,78.9847,1.1806,7,17,0.0639,1.0000,102,nie
134567_zbledami_L2A_class,spectral angle mapping,Mahalanobis,77.8040,77.8040,0.0000,16,16,0.8597,1.0000,102,nie
134567_zbledami_L2A_class,spectral angle mapping,MAD,77.8040,79.3388,1.5348,11,24,0.0425,1.0000,102,nie
134567_zbledami_L2A_class,spectral angle mapping,IQR,77.8040,79.9292,2.1251,14,32,0.0122,0.9754,102,nie
134567_zbledami_L2A_class,spectral angle mapping,IsolationForest,77.8040,77.8040,0.0000,7,7,1.0000,1.0000,102,nie
134567_zbledami_L2A_class,spectral angle mapping,Erosion,77.8040,77.2137,-0.5903,17,12,0.4576,1.0000,102,nie
134567_zbledami_L2A_class,spectral angle mapping,Robust_Mahalanobis,77.8040,75.7969,-2.0071,44,27,0.0576,1.0000,102,nie
134567_zbledami_L2A_class,spectral angle mapping,HotellingT2,77.8040,78.1582,0.3542,15,18,0.7277,1.0000,102,nie
134567_zbledami_L2A_class,spectral angle mapping,kNN,77.8040,77.5679,-0.2361,8,6,0.7905,1.0000,102,nie
134567_zbledami_L2A_class,spectral angle mapping,LOF,77.8040,77.2137,-0.5903,6,1,0.1250,1.0000,102,nie
134567_zbledami_L2A_class,spectral angle mapping,PCA,77.8040,79.6930,1.8890,22,38,0.0528,1.0000,102,nie
134567_zbledami_L2A_class,spectral angle mapping,GMM,77.8040,77.4498,-0.3542,8,5,0.5811,1.0000,102,nie
134567_zbledami_L2A_class,spectral angle mapping,OneClassSVM,77.8040,77.8040,0.0000,7,7,1.0000,1.0000,102,nie
134567_zbledami_L2A_class,spectral angle mapping,Percentile,77.8040,78.8666,1.0626,7,16,0.0931,1.0000,102,nie
134567_zbledami_L2A_class,minimum distance,GMM,80.1653,79.4569,-0.7084,7,1,0.0703,1.0000,102,nie
134567_zbledami_L2A_class,minimum distance,OneClassSVM,80.1653,80.0472,-0.1181,3,2,1.0000,1.0000,102,nie
134567_zbledami_L2A_class,minimum distance,Erosion,80.1653,79.4569,-0.7084,16,10,0.3268,1.0000,102,nie
134567_zbledami_L2A_class,minimum distance,PCA,80.1653,79.4569,-0.7084,27,21,0.4705,1.0000,102,nie
134567_zbledami_L2A_class,minimum distance,Percentile,80.1653,80.1653,0.0000,3,3,1.0000,1.0000,102,nie
134567_zbledami_L2A_class,minimum distance,IsolationForest,80.1653,79.8111,-0.3542,6,3,0.5078,1.0000,102,nie
134567_zbledami_L2A_class,minimum distance,LOF,80.1653,79.6930,-0.4723,4,0,0.1250,1.0000,102,nie
134567_zbledami_L2A_class,minimum distance,Mahalanobis,80.1653,79.5750,-0.5903,12,7,0.3593,1.0000,102,nie
134567_zbledami_L2A_class,minimum distance,EllipticEnvelope,80.1653,79.8111,-0.3542,5,2,0.4531,1.0000,102,nie
134567_zbledami_L2A_class,minimum distance,PCA_Reconstruction,80.1653,79.3388,-0.8264,7,0,0.0156,1.0000,102,nie
134567_zbledami_L2A_class,minimum distance,IQR,80.1653,80.5195,0.3542,16,19,0.7353,1.0000,102,nie
134567_zbledami_L2A_class,minimum distance,Robust_Mahalanobis,80.1653,77.2137,-2.9516,43,18,0.0021,0.1823,102,nie
134567_zbledami_L2A_class,minimum distance,HotellingT2,80.1653,79.4569,-0.7084,13,7,0.2632,1.0000,102,nie
134567_zbledami_L2A_class,minimum distance,kNN,80.1653,79.9292,-0.2361,5,3,0.7266,1.0000,102,nie
134567_zbledami_L2A_class,minimum distance,Band_Z-score,80.1653,80.2834,0.1181,7,8,1.0000,1.0000,102,nie
134567_zbledami_L2A_class,minimum distance,MAD,80.1653,80.4014,0.2361,12,14,0.8445,1.0000,102,nie
134567_zbledami_L2A_class,minimum distance,SAM,80.1653,79.6930,-0.4723,6,2,0.2891,1.0000,102,nie
134567_zbledami_L2A_roi,maximum likelihood,GMM,71.3105,72.6092,1.2987,3,14,0.0127,1.0000,102,nie
134567_zbledami_L2A_roi,maximum likelihood,Mahalanobis,71.3105,70.1299,-1.1806,36,26,0.2530,1.0000,102,nie
134567_zbledami_L2A_roi,maximum likelihood,IsolationForest,71.3105,72.8453,1.5348,5,18,0.0106,0.8498,102,nie
134567_zbledami_L2A_roi,maximum likelihood,PCA_Reconstruction,71.3105,71.5466,0.2361,8,10,0.8145,1.0000,102,nie
134567_zbledami_L2A_roi,maximum likelihood,Robust_Mahalanobis,71.3105,63.9906,-7.3200,117,55,0.0000,0.0003,102,TAK
134567_zbledami_L2A_roi,maximum likelihood,SAM,71.3105,72.3731,1.0626,8,17,0.1096,1.0000,102,nie
134567_zbledami_L2A_roi,maximum likelihood,HotellingT2,71.3105,69.5396,-1.7710,36,21,0.0637,1.0000,102,nie
134567_zbledami_L2A_roi,maximum likelihood,MAD,71.3105,61.7473,-9.5632,109,28,0.0000,0.0000,102,TAK
134567_zbledami_L2A_roi,maximum likelihood,IQR,71.3105,64.6989,-6.6116,80,24,0.0000,0.0000,102,TAK
134567_zbledami_L2A_roi,maximum likelihood,EllipticEnvelope,71.3105,72.2550,0.9445,5,13,0.0963,1.0000,102,nie
134567_zbledami_L2A_roi,maximum likelihood,OneClassSVM,71.3105,73.0815,1.7710,10,25,0.0180,1.0000,102,nie
134567_zbledami_L2A_roi,maximum likelihood,LOF,71.3105,72.1370,0.8264,6,13,0.1671,1.0000,102,nie
134567_zbledami_L2A_roi,maximum likelihood,Erosion,71.3105,72.2550,0.9445,35,43,0.4280,1.0000,102,nie
134567_zbledami_L2A_roi,maximum likelihood,kNN,71.3105,72.0189,0.7084,5,11,0.2101,1.0000,102,nie
134567_zbledami_L2A_roi,maximum likelihood,PCA,71.3105,60.3306,-10.9799,121,28,0.0000,0.0000,102,TAK
134567_zbledami_L2A_roi,maximum likelihood,Percentile,71.3105,71.4286,0.1181,23,24,1.0000,1.0000,102,nie
134567_zbledami_L2A_roi,maximum likelihood,Band_Z-score,71.3105,70.8383,-0.4723,25,21,0.6583,1.0000,102,nie
134567_zbledami_L2A_roi,random forest,GMM,78.2763,78.2763,0.0000,20,20,0.8744,1.0000,102,nie
134567_zbledami_L2A_roi,random forest,Robust_Mahalanobis,78.2763,69.5396,-8.7367,113,39,0.0000,0.0000,102,TAK
134567_zbledami_L2A_roi,random forest,Mahalanobis,78.2763,75.5608,-2.7155,60,37,0.0255,1.0000,102,nie
134567_zbledami_L2A_roi,random forest,OneClassSVM,78.2763,79.2208,0.9445,41,49,0.4606,1.0000,102,nie
134567_zbledami_L2A_roi,random forest,PCA,78.2763,71.0744,-7.2019,94,33,0.0000,0.0000,102,TAK
134567_zbledami_L2A_roi,random forest,SAM,78.2763,79.3388,1.0626,23,32,0.2807,1.0000,102,nie
134567_zbledami_L2A_roi,random forest,EllipticEnvelope,78.2763,78.9847,0.7084,28,34,0.5254,1.0000,102,nie
134567_zbledami_L2A_roi,random forest,kNN,78.2763,79.5750,1.2987,26,37,0.2077,1.0000,102,nie
134567_zbledami_L2A_roi,random forest,LOF,78.2763,79.5750,1.2987,16,27,0.1273,1.0000,102,nie
134567_zbledami_L2A_roi,random forest,Percentile,78.2763,80.1653,1.8890,36,52,0.1098,1.0000,102,nie
134567_zbledami_L2A_roi,random forest,IQR,78.2763,76.2692,-2.0071,60,43,0.1149,1.0000,102,nie
134567_zbledami_L2A_roi,random forest,Erosion,78.2763,77.2137,-1.0626,61,52,0.4517,1.0000,102,nie
134567_zbledami_L2A_roi,random forest,PCA_Reconstruction,78.2763,77.6860,-0.5903,25,20,0.5510,1.0000,102,nie
134567_zbledami_L2A_roi,random forest,Band_Z-score,78.2763,78.2763,0.0000,31,31,0.8989,1.0000,102,nie
134567_zbledami_L2A_roi,random forest,IsolationForest,78.2763,80.5195,2.2432,27,46,0.0351,1.0000,102,nie
134567_zbledami_L2A_roi,random forest,MAD,78.2763,69.5396,-8.7367,110,36,0.0000,0.0000,102,TAK
134567_zbledami_L2A_roi,random forest,HotellingT2,78.2763,77.9221,-0.3542,39,36,0.8174,1.0000,102,nie
134567_zbledami_L2A_roi,multi-layer perceptron,Mahalanobis,71.3105,70.1299,-1.1806,62,52,0.3993,1.0000,102,nie
134567_zbledami_L2A_roi,multi-layer perceptron,Band_Z-score,71.3105,72.4911,1.1806,72,82,0.4683,1.0000,102,nie
134567_zbledami_L2A_roi,multi-layer perceptron,EllipticEnvelope,71.3105,64.2267,-7.0838,143,83,0.0001,0.0078,102,TAK
134567_zbledami_L2A_roi,multi-layer perceptron,SAM,71.3105,74.8524,3.5419,46,76,0.0087,0.7094,102,nie
134567_zbledami_L2A_roi,multi-layer perceptron,PCA_Reconstruction,71.3105,71.9008,0.5903,53,58,0.7042,1.0000,102,nie
134567_zbledami_L2A_roi,multi-layer perceptron,IQR,71.3105,72.8453,1.5348,45,58,0.2370,1.0000,102,nie
134567_zbledami_L2A_roi,multi-layer perceptron,MAD,71.3105,66.8241,-4.4864,108,70,0.0055,0.4662,102,nie
134567_zbledami_L2A_roi,multi-layer perceptron,kNN,71.3105,63.9906,-7.3200,96,34,0.0000,0.0000,102,TAK
134567_zbledami_L2A_roi,multi-layer perceptron,LOF,71.3105,74.9705,3.6600,22,53,0.0005,0.0473,102,TAK
134567_zbledami_L2A_roi,multi-layer perceptron,HotellingT2,71.3105,72.7273,1.4168,78,90,0.3961,1.0000,102,nie
134567_zbledami_L2A_roi,multi-layer perceptron,Robust_Mahalanobis,71.3105,73.4357,2.1251,46,64,0.1050,1.0000,102,nie
134567_zbledami_L2A_roi,multi-layer perceptron,Erosion,71.3105,77.5679,6.2574,47,100,0.0000,0.0016,102,TAK
134567_zbledami_L2A_roi,multi-layer perceptron,IsolationForest,71.3105,78.6305,7.3200,23,85,0.0000,0.0000,102,TAK
134567_zbledami_L2A_roi,multi-layer perceptron,Percentile,71.3105,71.3105,0.0000,56,56,0.9247,1.0000,102,nie
134567_zbledami_L2A_roi,multi-layer perceptron,OneClassSVM,71.3105,74.7344,3.4238,28,57,0.0024,0.2055,102,nie
134567_zbledami_L2A_roi,multi-layer perceptron,GMM,71.3105,75.5608,4.2503,69,105,0.0080,0.6615,102,nie
134567_zbledami_L2A_roi,multi-layer perceptron,PCA,71.3105,75.7969,4.4864,83,121,0.0096,0.7762,102,nie
134567_zbledami_L2A_roi,support vector machine,MAD,83.9433,78.6305,-5.3129,55,10,0.0000,0.0000,102,TAK
134567_zbledami_L2A_roi,support vector machine,IQR,83.9433,82.5266,-1.4168,33,21,0.1344,1.0000,102,nie
134567_zbledami_L2A_roi,support vector machine,SAM,83.9433,83.8253,-0.1181,7,6,1.0000,1.0000,102,nie
134567_zbledami_L2A_roi,support vector machine,PCA_Reconstruction,83.9433,83.8253,-0.1181,6,5,1.0000,1.0000,102,nie
134567_zbledami_L2A_roi,support vector machine,Mahalanobis,83.9433,82.0543,-1.8890,29,13,0.0206,1.0000,102,nie
134567_zbledami_L2A_roi,support vector machine,EllipticEnvelope,83.9433,84.2975,0.3542,6,9,0.6072,1.0000,102,nie
134567_zbledami_L2A_roi,support vector machine,Band_Z-score,83.9433,83.4711,-0.4723,17,13,0.5839,1.0000,102,nie
134567_zbledami_L2A_roi,support vector machine,OneClassSVM,83.9433,83.4711,-0.4723,12,8,0.5034,1.0000,102,nie
134567_zbledami_L2A_roi,support vector machine,GMM,83.9433,83.5891,-0.3542,5,2,0.4531,1.0000,102,nie
134567_zbledami_L2A_roi,support vector machine,PCA,83.9433,78.6305,-5.3129,59,14,0.0000,0.0000,102,TAK
134567_zbledami_L2A_roi,support vector machine,Percentile,83.9433,84.8878,0.9445,6,14,0.1153,1.0000,102,nie
134567_zbledami_L2A_roi,support vector machine,Erosion,83.9433,85.0059,1.0626,16,25,0.2115,1.0000,102,nie
134567_zbledami_L2A_roi,support vector machine,IsolationForest,83.9433,84.2975,0.3542,6,9,0.6072,1.0000,102,nie
134567_zbledami_L2A_roi,support vector machine,HotellingT2,83.9433,82.1724,-1.7710,28,13,0.0288,1.0000,102,nie
134567_zbledami_L2A_roi,support vector machine,LOF,83.9433,84.2975,0.3542,5,8,0.5811,1.0000,102,nie
134567_zbledami_L2A_roi,support vector machine,kNN,83.9433,84.2975,0.3542,6,9,0.6072,1.0000,102,nie
134567_zbledami_L2A_roi,support vector machine,Robust_Mahalanobis,83.9433,82.2904,-1.6529,37,23,0.0933,1.0000,102,nie
134567_zbledami_L2A_roi,spectral angle mapping,PCA_Reconstruction,77.8040,77.4498,-0.3542,6,3,0.5078,1.0000,102,nie
134567_zbledami_L2A_roi,spectral angle mapping,SAM,77.8040,76.9776,-0.8264,11,4,0.1185,1.0000,102,nie
134567_zbledami_L2A_roi,spectral angle mapping,EllipticEnvelope,77.8040,76.8595,-0.9445,12,4,0.0768,1.0000,102,nie
134567_zbledami_L2A_roi,spectral angle mapping,Band_Z-score,77.8040,77.2137,-0.5903,15,10,0.4237,1.0000,102,nie
134567_zbledami_L2A_roi,spectral angle mapping,Mahalanobis,77.8040,77.8040,0.0000,15,15,0.8551,1.0000,102,nie
134567_zbledami_L2A_roi,spectral angle mapping,MAD,77.8040,76.6234,-1.1806,36,26,0.2530,1.0000,102,nie
134567_zbledami_L2A_roi,spectral angle mapping,IQR,77.8040,77.2137,-0.5903,30,25,0.5896,1.0000,102,nie
134567_zbledami_L2A_roi,spectral angle mapping,IsolationForest,77.8040,76.9776,-0.8264,11,4,0.1185,1.0000,102,nie
134567_zbledami_L2A_roi,spectral angle mapping,Erosion,77.8040,77.2137,-0.5903,17,12,0.4576,1.0000,102,nie
134567_zbledami_L2A_roi,spectral angle mapping,Robust_Mahalanobis,77.8040,77.4498,-0.3542,33,30,0.8011,1.0000,102,nie
134567_zbledami_L2A_roi,spectral angle mapping,HotellingT2,77.8040,77.6860,-0.1181,15,14,1.0000,1.0000,102,nie
134567_zbledami_L2A_roi,spectral angle mapping,kNN,77.8040,77.2137,-0.5903,8,3,0.2266,1.0000,102,nie
134567_zbledami_L2A_roi,spectral angle mapping,LOF,77.8040,76.9776,-0.8264,10,3,0.0923,1.0000,102,nie
134567_zbledami_L2A_roi,spectral angle mapping,PCA,77.8040,77.4498,-0.3542,35,32,0.8070,1.0000,102,nie
134567_zbledami_L2A_roi,spectral angle mapping,GMM,77.8040,77.3318,-0.4723,7,3,0.3438,1.0000,102,nie
134567_zbledami_L2A_roi,spectral angle mapping,OneClassSVM,77.8040,77.6860,-0.1181,6,5,1.0000,1.0000,102,nie
134567_zbledami_L2A_roi,spectral angle mapping,Percentile,77.8040,76.8595,-0.9445,13,5,0.0963,1.0000,102,nie
134567_zbledami_L2A_roi,minimum distance,GMM,80.1653,79.8111,-0.3542,4,1,0.3750,1.0000,102,nie
134567_zbledami_L2A_roi,minimum distance,OneClassSVM,80.1653,79.6930,-0.4723,4,0,0.1250,1.0000,102,nie
134567_zbledami_L2A_roi,minimum distance,Erosion,80.1653,79.4569,-0.7084,16,10,0.3268,1.0000,102,nie
134567_zbledami_L2A_roi,minimum distance,PCA,80.1653,78.9847,-1.1806,31,21,0.2120,1.0000,102,nie
134567_zbledami_L2A_roi,minimum distance,Percentile,80.1653,79.8111,-0.3542,6,3,0.5078,1.0000,102,nie
134567_zbledami_L2A_roi,minimum distance,IsolationForest,80.1653,79.8111,-0.3542,3,0,0.2500,1.0000,102,nie
134567_zbledami_L2A_roi,minimum distance,LOF,80.1653,79.9292,-0.2361,3,1,0.6250,1.0000,102,nie
134567_zbledami_L2A_roi,minimum distance,Mahalanobis,80.1653,78.9847,-1.1806,17,7,0.0639,1.0000,102,nie
134567_zbledami_L2A_roi,minimum distance,EllipticEnvelope,80.1653,79.6930,-0.4723,4,0,0.1250,1.0000,102,nie
134567_zbledami_L2A_roi,minimum distance,PCA_Reconstruction,80.1653,79.8111,-0.3542,3,0,0.2500,1.0000,102,nie
134567_zbledami_L2A_roi,minimum distance,IQR,80.1653,77.8040,-2.3613,28,8,0.0015,0.1357,102,nie
134567_zbledami_L2A_roi,minimum distance,Robust_Mahalanobis,80.1653,78.0401,-2.1251,36,18,0.0207,1.0000,102,nie
134567_zbledami_L2A_roi,minimum distance,HotellingT2,80.1653,78.7485,-1.4168,18,6,0.0227,1.0000,102,nie
134567_zbledami_L2A_roi,minimum distance,kNN,80.1653,79.5750,-0.5903,5,0,0.0625,1.0000,102,nie
134567_zbledami_L2A_roi,minimum distance,Band_Z-score,80.1653,78.6305,-1.5348,15,2,0.0023,0.2044,102,nie
134567_zbledami_L2A_roi,minimum distance,MAD,80.1653,77.6860,-2.4793,34,13,0.0035,0.3001,102,nie
134567_zbledami_L2A_roi,minimum distance,SAM,80.1653,79.6930,-0.4723,4,0,0.1250,1.0000,102,nie
13456_poprawny_L1C_class,maximum likelihood,GMM,73.5537,73.3176,-0.2361,17,15,0.8597,1.0000,102,nie
13456_poprawny_L1C_class,maximum likelihood,Mahalanobis,73.5537,21.0153,-52.5384,458,13,0.0000,0.0000,102,TAK
13456_poprawny_L1C_class,maximum likelihood,IsolationForest,73.5537,75.4427,1.8890,4,20,0.0015,0.1251,102,nie
13456_poprawny_L1C_class,maximum likelihood,PCA_Reconstruction,73.5537,74.2621,0.7084,6,12,0.2379,1.0000,102,nie
13456_poprawny_L1C_class,maximum likelihood,Robust_Mahalanobis,73.5537,30.3424,-43.2113,400,34,0.0000,0.0000,102,TAK
13456_poprawny_L1C_class,maximum likelihood,SAM,73.5537,73.5537,0.0000,8,8,1.0000,1.0000,102,nie
13456_poprawny_L1C_class,maximum likelihood,HotellingT2,73.5537,71.9008,-1.6529,62,48,0.2152,1.0000,102,nie
13456_poprawny_L1C_class,maximum likelihood,MAD,73.5537,70.4841,-3.0697,69,43,0.0182,1.0000,102,nie
13456_poprawny_L1C_class,maximum likelihood,IQR,73.5537,69.4215,-4.1322,69,34,0.0008,0.0679,102,nie
13456_poprawny_L1C_class,maximum likelihood,EllipticEnvelope,73.5537,73.9079,0.3542,8,11,0.6476,1.0000,102,nie
13456_poprawny_L1C_class,maximum likelihood,OneClassSVM,73.5537,74.9705,1.4168,3,15,0.0075,0.5880,102,nie
13456_poprawny_L1C_class,maximum likelihood,LOF,73.5537,73.9079,0.3542,15,18,0.7277,1.0000,102,nie
13456_poprawny_L1C_class,maximum likelihood,Erosion,73.5537,21.0153,-52.5384,458,13,0.0000,0.0000,102,TAK
13456_poprawny_L1C_class,maximum likelihood,kNN,73.5537,72.7273,-0.8264,17,10,0.2482,1.0000,102,nie
13456_poprawny_L1C_class,maximum likelihood,PCA,73.5537,85.3601,11.8064,26,126,0.0000,0.0000,102,TAK
13456_poprawny_L1C_class,maximum likelihood,Percentile,73.5537,77.9221,4.3684,9,46,0.0000,0.0001,102,TAK
13456_poprawny_L1C_class,maximum likelihood,Band_Z-score,73.5537,74.9705,1.4168,6,18,0.0227,1.0000,102,nie
13456_poprawny_L1C_class,random forest,GMM,56.1983,57.9693,1.7710,5,20,0.0051,0.4037,102,nie
13456_poprawny_L1C_class,random forest,Robust_Mahalanobis,56.1983,79.9292,23.7308,108,309,0.0000,0.0000,102,TAK
13456_poprawny_L1C_class,random forest,Mahalanobis,56.1983,58.0874,1.8890,13,29,0.0206,1.0000,102,nie
13456_poprawny_L1C_class,random forest,OneClassSVM,56.1983,57.3790,1.1806,16,26,0.1649,1.0000,102,nie
13456_poprawny_L1C_class,random forest,PCA,56.1983,62.5738,6.3754,60,114,0.0001,0.0052,102,TAK
13456_poprawny_L1C_class,random forest,SAM,56.1983,58.0874,1.8890,12,28,0.0177,1.0000,102,nie
13456_poprawny_L1C_class,random forest,EllipticEnvelope,56.1983,55.3719,-0.8264,9,2,0.0654,1.0000,102,nie
13456_poprawny_L1C_class,random forest,kNN,56.1983,55.9622,-0.2361,3,1,0.6250,1.0000,102,nie
13456_poprawny_L1C_class,random forest,LOF,56.1983,57.7332,1.5348,11,24,0.0425,1.0000,102,nie
13456_poprawny_L1C_class,random forest,Percentile,56.1983,56.9067,0.7084,19,25,0.4510,1.0000,102,nie
13456_poprawny_L1C_class,random forest,IQR,56.1983,77.9221,21.7237,33,217,0.0000,0.0000,102,TAK
13456_poprawny_L1C_class,random forest,Erosion,56.1983,57.3790,1.1806,17,27,0.1748,1.0000,102,nie
13456_poprawny_L1C_class,random forest,PCA_Reconstruction,56.1983,56.7887,0.5903,23,28,0.5754,1.0000,102,nie
13456_poprawny_L1C_class,random forest,Band_Z-score,56.1983,58.3235,2.1251,5,23,0.0013,0.1078,102,nie
13456_poprawny_L1C_class,random forest,IsolationForest,56.1983,56.9067,0.7084,17,23,0.4292,1.0000,102,nie
13456_poprawny_L1C_class,random forest,MAD,56.1983,68.3589,12.1606,49,152,0.0000,0.0000,102,TAK
13456_poprawny_L1C_class,random forest,HotellingT2,56.1983,57.2609,1.0626,20,29,0.2531,1.0000,102,nie
13456_poprawny_L1C_class,multi-layer perceptron,Mahalanobis,83.5891,85.2420,1.6529,16,30,0.0553,1.0000,102,nie
13456_poprawny_L1C_class,multi-layer perceptron,Band_Z-score,83.5891,85.1240,1.5348,33,46,0.1770,1.0000,102,nie
13456_poprawny_L1C_class,multi-layer perceptron,EllipticEnvelope,83.5891,88.0756,4.4864,7,45,0.0000,0.0000,102,TAK
13456_poprawny_L1C_class,multi-layer perceptron,SAM,83.5891,85.3601,1.7710,7,22,0.0093,0.7184,102,nie
13456_poprawny_L1C_class,multi-layer perceptron,PCA_Reconstruction,83.5891,87.3672,3.7780,17,49,0.0001,0.0118,102,TAK
13456_poprawny_L1C_class,multi-layer perceptron,IQR,83.5891,86.5407,2.9516,45,70,0.0252,1.0000,102,nie
13456_poprawny_L1C_class,multi-layer perceptron,MAD,83.5891,86.6588,3.0697,9,35,0.0002,0.0141,102,TAK
13456_poprawny_L1C_class,multi-layer perceptron,kNN,83.5891,86.4227,2.8335,4,28,0.0000,0.0043,102,TAK
13456_poprawny_L1C_class,multi-layer perceptron,LOF,83.5891,85.4782,1.8890,20,36,0.0450,1.0000,102,nie
13456_poprawny_L1C_class,multi-layer perceptron,HotellingT2,83.5891,85.4782,1.8890,26,42,0.0689,1.0000,102,nie
13456_poprawny_L1C_class,multi-layer perceptron,Robust_Mahalanobis,83.5891,79.1027,-4.4864,94,56,0.0025,0.2015,102,nie
13456_poprawny_L1C_class,multi-layer perceptron,Erosion,83.5891,86.0685,2.4793,33,54,0.0320,1.0000,102,nie
13456_poprawny_L1C_class,multi-layer perceptron,IsolationForest,83.5891,85.1240,1.5348,7,20,0.0209,1.0000,102,nie
13456_poprawny_L1C_class,multi-layer perceptron,Percentile,83.5891,83.1169,-0.4723,19,15,0.6069,1.0000,102,nie
13456_poprawny_L1C_class,multi-layer perceptron,OneClassSVM,83.5891,86.0685,2.4793,8,29,0.0010,0.0838,102,nie
13456_poprawny_L1C_class,multi-layer perceptron,GMM,83.5891,83.5891,0.0000,24,24,0.8852,1.0000,102,nie
13456_poprawny_L1C_class,multi-layer perceptron,PCA,83.5891,85.4782,1.8890,19,35,0.0412,1.0000,102,nie
13456_poprawny_L1C_class,support vector machine,MAD,91.8536,91.1452,-0.7084,8,2,0.1094,1.0000,102,nie
13456_poprawny_L1C_class,support vector machine,IQR,91.8536,92.7981,0.9445,4,12,0.0768,1.0000,102,nie
13456_poprawny_L1C_class,support vector machine,SAM,91.8536,91.4994,-0.3542,3,0,0.2500,1.0000,102,nie
13456_poprawny_L1C_class,support vector machine,PCA_Reconstruction,91.8536,91.3813,-0.4723,4,0,0.1250,1.0000,102,nie
13456_poprawny_L1C_class,support vector machine,Mahalanobis,91.8536,90.9091,-0.9445,11,3,0.0574,1.0000,102,nie
13456_poprawny_L1C_class,support vector machine,EllipticEnvelope,91.8536,91.6175,-0.2361,2,0,0.5000,1.0000,102,nie
13456_poprawny_L1C_class,support vector machine,Band_Z-score,91.8536,91.6175,-0.2361,2,0,0.5000,1.0000,102,nie
13456_poprawny_L1C_class,support vector machine,OneClassSVM,91.8536,91.7355,-0.1181,2,1,1.0000,1.0000,102,nie
13456_poprawny_L1C_class,support vector machine,GMM,91.8536,91.7355,-0.1181,2,1,1.0000,1.0000,102,nie
13456_poprawny_L1C_class,support vector machine,PCA,91.8536,88.0756,-3.7780,52,20,0.0003,0.0220,102,TAK
13456_poprawny_L1C_class,support vector machine,Percentile,91.8536,91.1452,-0.7084,9,3,0.1460,1.0000,102,nie
13456_poprawny_L1C_class,support vector machine,Erosion,91.8536,88.0756,-3.7780,35,3,0.0000,0.0000,102,TAK
13456_poprawny_L1C_class,support vector machine,IsolationForest,91.8536,91.6175,-0.2361,3,1,0.6250,1.0000,102,nie
13456_poprawny_L1C_class,support vector machine,HotellingT2,91.8536,91.0272,-0.8264,10,3,0.0923,1.0000,102,nie
13456_poprawny_L1C_class,support vector machine,LOF,91.8536,91.8536,0.0000,1,1,1.0000,1.0000,102,nie
13456_poprawny_L1C_class,support vector machine,kNN,91.8536,91.6175,-0.2361,3,1,0.6250,1.0000,102,nie
13456_poprawny_L1C_class,support vector machine,Robust_Mahalanobis,91.8536,82.0543,-9.7993,87,4,0.0000,0.0000,102,TAK
13456_poprawny_L1C_class,spectral angle mapping,PCA_Reconstruction,89.1381,88.9020,-0.2361,3,1,0.6250,1.0000,102,nie
13456_poprawny_L1C_class,spectral angle mapping,SAM,89.1381,88.7839,-0.3542,3,0,0.2500,1.0000,102,nie
13456_poprawny_L1C_class,spectral angle mapping,EllipticEnvelope,89.1381,88.7839,-0.3542,3,0,0.2500,1.0000,102,nie
13456_poprawny_L1C_class,spectral angle mapping,Band_Z-score,89.1381,89.0201,-0.1181,2,1,1.0000,1.0000,102,nie
13456_poprawny_L1C_class,spectral angle mapping,Mahalanobis,89.1381,88.5478,-0.5903,5,0,0.0625,1.0000,102,nie
13456_poprawny_L1C_class,spectral angle mapping,MAD,89.1381,88.7839,-0.3542,4,1,0.3750,1.0000,102,nie
13456_poprawny_L1C_class,spectral angle mapping,IQR,89.1381,89.2562,0.1181,2,3,1.0000,1.0000,102,nie
13456_poprawny_L1C_class,spectral angle mapping,IsolationForest,89.1381,88.7839,-0.3542,3,0,0.2500,1.0000,102,nie
13456_poprawny_L1C_class,spectral angle mapping,Erosion,89.1381,88.6659,-0.4723,8,4,0.3877,1.0000,102,nie
13456_poprawny_L1C_class,spectral angle mapping,Robust_Mahalanobis,89.1381,88.1936,-0.9445,29,21,0.3222,1.0000,102,nie
13456_poprawny_L1C_class,spectral angle mapping,HotellingT2,89.1381,88.6659,-0.4723,6,2,0.2891,1.0000,102,nie
13456_poprawny_L1C_class,spectral angle mapping,kNN,89.1381,88.7839,-0.3542,3,0,0.2500,1.0000,102,nie
13456_poprawny_L1C_class,spectral angle mapping,LOF,89.1381,88.9020,-0.2361,3,1,0.6250,1.0000,102,nie
13456_poprawny_L1C_class,spectral angle mapping,PCA,89.1381,88.1936,-0.9445,24,16,0.2684,1.0000,102,nie
13456_poprawny_L1C_class,spectral angle mapping,GMM,89.1381,88.9020,-0.2361,3,1,0.6250,1.0000,102,nie
13456_poprawny_L1C_class,spectral angle mapping,OneClassSVM,89.1381,88.9020,-0.2361,3,1,0.6250,1.0000,102,nie
13456_poprawny_L1C_class,spectral angle mapping,Percentile,89.1381,89.0201,-0.1181,2,1,1.0000,1.0000,102,nie
13456_poprawny_L1C_class,minimum distance,GMM,86.0685,85.8323,-0.2361,2,0,0.5000,1.0000,102,nie
13456_poprawny_L1C_class,minimum distance,OneClassSVM,86.0685,85.9504,-0.1181,1,0,1.0000,1.0000,102,nie
13456_poprawny_L1C_class,minimum distance,Erosion,86.0685,85.8323,-0.2361,5,3,0.7266,1.0000,102,nie
13456_poprawny_L1C_class,minimum distance,PCA,86.0685,85.8323,-0.2361,45,43,0.9151,1.0000,102,nie
13456_poprawny_L1C_class,minimum distance,Percentile,86.0685,86.1865,0.1181,1,2,1.0000,1.0000,102,nie
13456_poprawny_L1C_class,minimum distance,IsolationForest,86.0685,85.9504,-0.1181,1,0,1.0000,1.0000,102,nie
13456_poprawny_L1C_class,minimum distance,LOF,86.0685,85.8323,-0.2361,2,0,0.5000,1.0000,102,nie
13456_poprawny_L1C_class,minimum distance,Mahalanobis,86.0685,86.1865,0.1181,2,3,1.0000,1.0000,102,nie
13456_poprawny_L1C_class,minimum distance,EllipticEnvelope,86.0685,85.9504,-0.1181,1,0,1.0000,1.0000,102,nie
13456_poprawny_L1C_class,minimum distance,PCA_Reconstruction,86.0685,85.9504,-0.1181,1,0,1.0000,1.0000,102,nie
13456_poprawny_L1C_class,minimum distance,IQR,86.0685,85.5962,-0.4723,11,7,0.4807,1.0000,102,nie
13456_poprawny_L1C_class,minimum distance,Robust_Mahalanobis,86.0685,81.3459,-4.7226,51,11,0.0000,0.0001,102,TAK
13456_poprawny_L1C_class,minimum distance,HotellingT2,86.0685,85.9504,-0.1181,4,3,1.0000,1.0000,102,nie
13456_poprawny_L1C_class,minimum distance,kNN,86.0685,85.8323,-0.2361,2,0,0.5000,1.0000,102,nie
13456_poprawny_L1C_class,minimum distance,Band_Z-score,86.0685,86.0685,0.0000,0,0,1.0000,1.0000,102,nie
13456_poprawny_L1C_class,minimum distance,MAD,86.0685,84.1795,-1.8890,16,0,0.0000,0.0027,102,TAK
13456_poprawny_L1C_class,minimum distance,SAM,86.0685,85.9504,-0.1181,1,0,1.0000,1.0000,102,nie
13456_poprawny_L1C_roi,maximum likelihood,GMM,73.5537,73.9079,0.3542,11,14,0.6892,1.0000,102,nie
13456_poprawny_L1C_roi,maximum likelihood,Mahalanobis,73.5537,74.3802,0.8264,44,51,0.5382,1.0000,102,nie
13456_poprawny_L1C_roi,maximum likelihood,IsolationForest,73.5537,73.0815,-0.4723,8,4,0.3877,1.0000,102,nie
13456_poprawny_L1C_roi,maximum likelihood,PCA_Reconstruction,73.5537,73.1995,-0.3542,13,10,0.6776,1.0000,102,nie
13456_poprawny_L1C_roi,maximum likelihood,Robust_Mahalanobis,73.5537,66.7060,-6.8477,132,74,0.0001,0.0061,102,TAK
13456_poprawny_L1C_roi,maximum likelihood,SAM,73.5537,72.9634,-0.5903,11,6,0.3323,1.0000,102,nie
13456_poprawny_L1C_roi,maximum likelihood,HotellingT2,73.5537,71.5466,-2.0071,52,35,0.0863,1.0000,102,nie
13456_poprawny_L1C_roi,maximum likelihood,MAD,73.5537,20.7792,-52.7745,460,13,0.0000,0.0000,102,TAK
13456_poprawny_L1C_roi,maximum likelihood,IQR,73.5537,21.0153,-52.5384,458,13,0.0000,0.0000,102,TAK
13456_poprawny_L1C_roi,maximum likelihood,EllipticEnvelope,73.5537,73.1995,-0.3542,15,12,0.7003,1.0000,102,nie
13456_poprawny_L1C_roi,maximum likelihood,OneClassSVM,73.5537,75.6789,2.1251,8,26,0.0036,0.2841,102,nie
13456_poprawny_L1C_roi,maximum likelihood,LOF,73.5537,73.0815,-0.4723,12,8,0.5034,1.0000,102,nie
13456_poprawny_L1C_roi,maximum likelihood,Erosion,73.5537,21.0153,-52.5384,458,13,0.0000,0.0000,102,TAK
13456_poprawny_L1C_roi,maximum likelihood,kNN,73.5537,72.6092,-0.9445,13,5,0.0963,1.0000,102,nie
13456_poprawny_L1C_roi,maximum likelihood,PCA,73.5537,3.0697,-70.4841,611,14,0.0000,0.0000,102,TAK
13456_poprawny_L1C_roi,maximum likelihood,Percentile,73.5537,70.8383,-2.7155,51,28,0.0133,1.0000,102,nie
13456_poprawny_L1C_roi,maximum likelihood,Band_Z-score,73.5537,70.9563,-2.5974,51,29,0.0189,1.0000,102,nie
13456_poprawny_L1C_roi,random forest,GMM,58.3235,55.6080,-2.7155,24,1,0.0000,0.0010,102,TAK
13456_poprawny_L1C_roi,random forest,Robust_Mahalanobis,58.3235,62.9280,4.6045,37,76,0.0004,0.0298,102,TAK
13456_poprawny_L1C_roi,random forest,Mahalanobis,58.3235,56.0803,-2.2432,25,6,0.0012,0.1005,102,nie
13456_poprawny_L1C_roi,random forest,OneClassSVM,58.3235,55.1358,-3.1877,28,1,0.0000,0.0001,102,TAK
13456_poprawny_L1C_roi,random forest,PCA,58.3235,57.0248,-1.2987,17,6,0.0347,1.0000,102,nie
13456_poprawny_L1C_roi,random forest,SAM,58.3235,54.8996,-3.4238,36,7,0.0000,0.0017,102,TAK
13456_poprawny_L1C_roi,random forest,EllipticEnvelope,58.3235,58.2054,-0.1181,2,1,1.0000,1.0000,102,nie
13456_poprawny_L1C_roi,random forest,kNN,58.3235,55.2538,-3.0697,27,1,0.0000,0.0002,102,TAK
13456_poprawny_L1C_roi,random forest,LOF,58.3235,55.7261,-2.5974,24,2,0.0000,0.0033,102,TAK
13456_poprawny_L1C_roi,random forest,Percentile,58.3235,59.1499,0.8264,66,73,0.6108,1.0000,102,nie
13456_poprawny_L1C_roi,random forest,IQR,58.3235,57.1429,-1.1806,15,5,0.0414,1.0000,102,nie
13456_poprawny_L1C_roi,random forest,Erosion,58.3235,55.4900,-2.8335,37,13,0.0011,0.0949,102,nie
13456_poprawny_L1C_roi,random forest,PCA_Reconstruction,58.3235,58.3235,0.0000,13,13,0.8445,1.0000,102,nie
13456_poprawny_L1C_roi,random forest,Band_Z-score,58.3235,56.5525,-1.7710,17,2,0.0007,0.0612,102,nie
13456_poprawny_L1C_roi,random forest,IsolationForest,58.3235,55.1358,-3.1877,28,1,0.0000,0.0001,102,TAK
13456_poprawny_L1C_roi,random forest,MAD,58.3235,54.4274,-3.8961,37,4,0.0000,0.0001,102,TAK
13456_poprawny_L1C_roi,random forest,HotellingT2,58.3235,55.0177,-3.3058,30,2,0.0000,0.0002,102,TAK
13456_poprawny_L1C_roi,multi-layer perceptron,Mahalanobis,86.7769,86.6588,-0.1181,31,30,1.0000,1.0000,102,nie
13456_poprawny_L1C_roi,multi-layer perceptron,Band_Z-score,86.7769,86.5407,-0.2361,29,27,0.8937,1.0000,102,nie
13456_poprawny_L1C_roi,multi-layer perceptron,EllipticEnvelope,86.7769,85.1240,-1.6529,23,9,0.0216,1.0000,102,nie
13456_poprawny_L1C_roi,multi-layer perceptron,SAM,86.7769,87.8394,1.0626,25,34,0.2976,1.0000,102,nie
13456_poprawny_L1C_roi,multi-layer perceptron,PCA_Reconstruction,86.7769,85.7143,-1.0626,23,14,0.1884,1.0000,102,nie
13456_poprawny_L1C_roi,multi-layer perceptron,IQR,86.7769,86.1865,-0.5903,35,30,0.6198,1.0000,102,nie
13456_poprawny_L1C_roi,multi-layer perceptron,MAD,86.7769,84.8878,-1.8890,52,36,0.1098,1.0000,102,nie
13456_poprawny_L1C_roi,multi-layer perceptron,kNN,86.7769,82.6446,-4.1322,48,13,0.0000,0.0012,102,TAK
13456_poprawny_L1C_roi,multi-layer perceptron,LOF,86.7769,84.4156,-2.3613,32,12,0.0042,0.3259,102,nie
13456_poprawny_L1C_roi,multi-layer perceptron,HotellingT2,86.7769,86.3046,-0.4723,32,28,0.6985,1.0000,102,nie
13456_poprawny_L1C_roi,multi-layer perceptron,Robust_Mahalanobis,86.7769,82.8808,-3.8961,39,6,0.0000,0.0002,102,TAK
13456_poprawny_L1C_roi,multi-layer perceptron,Erosion,86.7769,83.8253,-2.9516,47,22,0.0039,0.3051,102,nie
13456_poprawny_L1C_roi,multi-layer perceptron,IsolationForest,86.7769,83.9433,-2.8335,27,3,0.0000,0.0024,102,TAK
13456_poprawny_L1C_roi,multi-layer perceptron,Percentile,86.7769,85.9504,-0.8264,31,24,0.4185,1.0000,102,nie
13456_poprawny_L1C_roi,multi-layer perceptron,OneClassSVM,86.7769,89.8465,3.0697,20,46,0.0021,0.1692,102,nie
13456_poprawny_L1C_roi,multi-layer perceptron,GMM,86.7769,87.4852,0.7084,24,30,0.4962,1.0000,102,nie
13456_poprawny_L1C_roi,multi-layer perceptron,PCA,86.7769,84.6517,-2.1251,50,32,0.0605,1.0000,102,nie
13456_poprawny_L1C_roi,support vector machine,MAD,91.8536,90.9091,-0.9445,10,2,0.0386,1.0000,102,nie
13456_poprawny_L1C_roi,support vector machine,IQR,91.8536,90.7910,-1.0626,11,2,0.0225,1.0000,102,nie
13456_poprawny_L1C_roi,support vector machine,SAM,91.8536,91.4994,-0.3542,5,2,0.4531,1.0000,102,nie
13456_poprawny_L1C_roi,support vector machine,PCA_Reconstruction,91.8536,91.7355,-0.1181,1,0,1.0000,1.0000,102,nie
13456_poprawny_L1C_roi,support vector machine,Mahalanobis,91.8536,91.6175,-0.2361,2,0,0.5000,1.0000,102,nie
13456_poprawny_L1C_roi,support vector machine,EllipticEnvelope,91.8536,91.7355,-0.1181,2,1,1.0000,1.0000,102,nie
13456_poprawny_L1C_roi,support vector machine,Band_Z-score,91.8536,91.1452,-0.7084,6,0,0.0312,1.0000,102,nie
13456_poprawny_L1C_roi,support vector machine,OneClassSVM,91.8536,91.2633,-0.5903,6,1,0.1250,1.0000,102,nie
13456_poprawny_L1C_roi,support vector machine,GMM,91.8536,91.7355,-0.1181,1,0,1.0000,1.0000,102,nie
13456_poprawny_L1C_roi,support vector machine,PCA,91.8536,90.6730,-1.1806,12,2,0.0129,0.9963,102,nie
13456_poprawny_L1C_roi,support vector machine,Percentile,91.8536,91.2633,-0.5903,7,2,0.1797,1.0000,102,nie
13456_poprawny_L1C_roi,support vector machine,Erosion,91.8536,88.0756,-3.7780,35,3,0.0000,0.0000,102,TAK
13456_poprawny_L1C_roi,support vector machine,IsolationForest,91.8536,91.7355,-0.1181,2,1,1.0000,1.0000,102,nie
13456_poprawny_L1C_roi,support vector machine,HotellingT2,91.8536,91.6175,-0.2361,2,0,0.5000,1.0000,102,nie
13456_poprawny_L1C_roi,support vector machine,LOF,91.8536,91.6175,-0.2361,3,1,0.6250,1.0000,102,nie
13456_poprawny_L1C_roi,support vector machine,kNN,91.8536,91.7355,-0.1181,2,1,1.0000,1.0000,102,nie
13456_poprawny_L1C_roi,support vector machine,Robust_Mahalanobis,91.8536,90.6730,-1.1806,13,3,0.0213,1.0000,102,nie
13456_poprawny_L1C_roi,spectral angle mapping,PCA_Reconstruction,89.1381,88.9020,-0.2361,3,1,0.6250,1.0000,102,nie
13456_poprawny_L1C_roi,spectral angle mapping,SAM,89.1381,88.7839,-0.3542,3,0,0.2500,1.0000,102,nie
13456_poprawny_L1C_roi,spectral angle mapping,EllipticEnvelope,89.1381,88.7839,-0.3542,3,0,0.2500,1.0000,102,nie
13456_poprawny_L1C_roi,spectral angle mapping,Band_Z-score,89.1381,88.7839,-0.3542,3,0,0.2500,1.0000,102,nie
13456_poprawny_L1C_roi,spectral angle mapping,Mahalanobis,89.1381,88.7839,-0.3542,3,0,0.2500,1.0000,102,nie
13456_poprawny_L1C_roi,spectral angle mapping,MAD,89.1381,89.2562,0.1181,3,4,1.0000,1.0000,102,nie
13456_poprawny_L1C_roi,spectral angle mapping,IQR,89.1381,89.1381,0.0000,5,5,1.0000,1.0000,102,nie
13456_poprawny_L1C_roi,spectral angle mapping,IsolationForest,89.1381,88.7839,-0.3542,3,0,0.2500,1.0000,102,nie
13456_poprawny_L1C_roi,spectral angle mapping,Erosion,89.1381,88.6659,-0.4723,8,4,0.3877,1.0000,102,nie
13456_poprawny_L1C_roi,spectral angle mapping,Robust_Mahalanobis,89.1381,88.9020,-0.2361,7,5,0.7744,1.0000,102,nie
13456_poprawny_L1C_roi,spectral angle mapping,HotellingT2,89.1381,88.7839,-0.3542,3,0,0.2500,1.0000,102,nie
13456_poprawny_L1C_roi,spectral angle mapping,kNN,89.1381,88.7839,-0.3542,3,0,0.2500,1.0000,102,nie
13456_poprawny_L1C_roi,spectral angle mapping,LOF,89.1381,88.7839,-0.3542,3,0,0.2500,1.0000,102,nie
13456_poprawny_L1C_roi,spectral angle mapping,PCA,89.1381,89.0201,-0.1181,6,5,1.0000,1.0000,102,nie
13456_poprawny_L1C_roi,spectral angle mapping,GMM,89.1381,88.7839,-0.3542,3,0,0.2500,1.0000,102,nie
13456_poprawny_L1C_roi,spectral angle mapping,OneClassSVM,89.1381,88.7839,-0.3542,4,1,0.3750,1.0000,102,nie
13456_poprawny_L1C_roi,spectral angle mapping,Percentile,89.1381,88.7839,-0.3542,3,0,0.2500,1.0000,102,nie
13456_poprawny_L1C_roi,minimum distance,GMM,86.0685,85.9504,-0.1181,1,0,1.0000,1.0000,102,nie
13456_poprawny_L1C_roi,minimum distance,OneClassSVM,86.0685,86.0685,0.0000,1,1,1.0000,1.0000,102,nie
13456_poprawny_L1C_roi,minimum distance,Erosion,86.0685,85.8323,-0.2361,5,3,0.7266,1.0000,102,nie
13456_poprawny_L1C_roi,minimum distance,PCA,86.0685,85.8323,-0.2361,3,1,0.6250,1.0000,102,nie
13456_poprawny_L1C_roi,minimum distance,Percentile,86.0685,85.9504,-0.1181,1,0,1.0000,1.0000,102,nie
13456_poprawny_L1C_roi,minimum distance,IsolationForest,86.0685,85.9504,-0.1181,1,0,1.0000,1.0000,102,nie
13456_poprawny_L1C_roi,minimum distance,LOF,86.0685,85.8323,-0.2361,2,0,0.5000,1.0000,102,nie
13456_poprawny_L1C_roi,minimum distance,Mahalanobis,86.0685,85.8323,-0.2361,2,0,0.5000,1.0000,102,nie
13456_poprawny_L1C_roi,minimum distance,EllipticEnvelope,86.0685,85.8323,-0.2361,2,0,0.5000,1.0000,102,nie
13456_poprawny_L1C_roi,minimum distance,PCA_Reconstruction,86.0685,85.8323,-0.2361,2,0,0.5000,1.0000,102,nie
13456_poprawny_L1C_roi,minimum distance,IQR,86.0685,86.0685,0.0000,1,1,1.0000,1.0000,102,nie
13456_poprawny_L1C_roi,minimum distance,Robust_Mahalanobis,86.0685,85.7143,-0.3542,6,3,0.5078,1.0000,102,nie
13456_poprawny_L1C_roi,minimum distance,HotellingT2,86.0685,85.8323,-0.2361,2,0,0.5000,1.0000,102,nie
13456_poprawny_L1C_roi,minimum distance,kNN,86.0685,85.9504,-0.1181,1,0,1.0000,1.0000,102,nie
13456_poprawny_L1C_roi,minimum distance,Band_Z-score,86.0685,85.9504,-0.1181,1,0,1.0000,1.0000,102,nie
13456_poprawny_L1C_roi,minimum distance,MAD,86.0685,86.0685,0.0000,1,1,1.0000,1.0000,102,nie
13456_poprawny_L1C_roi,minimum distance,SAM,86.0685,85.9504,-0.1181,1,0,1.0000,1.0000,102,nie
13456_poprawny_L2A_class,maximum likelihood,GMM,78.6305,79.4569,0.8264,4,11,0.1185,1.0000,102,nie
13456_poprawny_L2A_class,maximum likelihood,Mahalanobis,78.6305,79.8111,1.1806,6,16,0.0525,1.0000,102,nie
13456_poprawny_L2A_class,maximum likelihood,IsolationForest,78.6305,79.6930,1.0626,2,11,0.0225,1.0000,102,nie
13456_poprawny_L2A_class,maximum likelihood,PCA_Reconstruction,78.6305,78.8666,0.2361,3,5,0.7266,1.0000,102,nie
13456_poprawny_L2A_class,maximum likelihood,Robust_Mahalanobis,78.6305,12.8689,-65.7615,566,9,0.0000,0.0000,102,TAK
13456_poprawny_L2A_class,maximum likelihood,SAM,78.6305,78.7485,0.1181,4,5,1.0000,1.0000,102,nie
13456_poprawny_L2A_class,maximum likelihood,HotellingT2,78.6305,79.8111,1.1806,8,18,0.0776,1.0000,102,nie
13456_poprawny_L2A_class,maximum likelihood,MAD,78.6305,80.9917,2.3613,5,25,0.0005,0.0436,102,TAK
13456_poprawny_L2A_class,maximum likelihood,IQR,78.6305,79.2208,0.5903,15,20,0.4990,1.0000,102,nie
13456_poprawny_L2A_class,maximum likelihood,EllipticEnvelope,78.6305,79.4569,0.8264,3,10,0.0923,1.0000,102,nie
13456_poprawny_L2A_class,maximum likelihood,OneClassSVM,78.6305,79.2208,0.5903,3,8,0.2266,1.0000,102,nie
13456_poprawny_L2A_class,maximum likelihood,LOF,78.6305,79.9292,1.2987,3,14,0.0127,0.9926,102,nie
13456_poprawny_L2A_class,maximum likelihood,Erosion,78.6305,79.3388,0.7084,20,26,0.4610,1.0000,102,nie
13456_poprawny_L2A_class,maximum likelihood,kNN,78.6305,79.6930,1.0626,3,12,0.0352,1.0000,102,nie
13456_poprawny_L2A_class,maximum likelihood,PCA,78.6305,79.4569,0.8264,20,27,0.3815,1.0000,102,nie
13456_poprawny_L2A_class,maximum likelihood,Percentile,78.6305,81.4640,2.8335,2,26,0.0000,0.0013,102,TAK
13456_poprawny_L2A_class,maximum likelihood,Band_Z-score,78.6305,79.8111,1.1806,3,13,0.0213,1.0000,102,nie
13456_poprawny_L2A_class,random forest,GMM,83.7072,83.2349,-0.4723,12,8,0.5034,1.0000,102,nie
13456_poprawny_L2A_class,random forest,Robust_Mahalanobis,83.7072,75.4427,-8.2645,88,18,0.0000,0.0000,102,TAK
13456_poprawny_L2A_class,random forest,Mahalanobis,83.7072,85.0059,1.2987,15,26,0.1183,1.0000,102,nie
13456_poprawny_L2A_class,random forest,OneClassSVM,83.7072,82.7627,-0.9445,15,7,0.1338,1.0000,102,nie
13456_poprawny_L2A_class,random forest,PCA,83.7072,78.6305,-5.0767,75,32,0.0000,0.0044,102,TAK
13456_poprawny_L2A_class,random forest,SAM,83.7072,83.4711,-0.2361,11,9,0.8238,1.0000,102,nie
13456_poprawny_L2A_class,random forest,EllipticEnvelope,83.7072,82.4085,-1.2987,19,8,0.0543,1.0000,102,nie
13456_poprawny_L2A_class,random forest,kNN,83.7072,83.8253,0.1181,10,11,1.0000,1.0000,102,nie
13456_poprawny_L2A_class,random forest,LOF,83.7072,82.1724,-1.5348,21,8,0.0259,1.0000,102,nie
13456_poprawny_L2A_class,random forest,Percentile,83.7072,80.7556,-2.9516,34,9,0.0003,0.0217,102,TAK
13456_poprawny_L2A_class,random forest,IQR,83.7072,81.9362,-1.7710,29,14,0.0328,1.0000,102,nie
13456_poprawny_L2A_class,random forest,Erosion,83.7072,79.6930,-4.0142,49,15,0.0000,0.0034,102,TAK
13456_poprawny_L2A_class,random forest,PCA_Reconstruction,83.7072,82.7627,-0.9445,16,8,0.1516,1.0000,102,nie
13456_poprawny_L2A_class,random forest,Band_Z-score,83.7072,83.7072,0.0000,10,10,1.0000,1.0000,102,nie
13456_poprawny_L2A_class,random forest,IsolationForest,83.7072,80.9917,-2.7155,30,7,0.0003,0.0254,102,TAK
13456_poprawny_L2A_class,random forest,MAD,83.7072,82.6446,-1.0626,21,12,0.1637,1.0000,102,nie
13456_poprawny_L2A_class,random forest,HotellingT2,83.7072,84.2975,0.5903,23,28,0.5754,1.0000,102,nie
13456_poprawny_L2A_class,multi-layer perceptron,Mahalanobis,79.3388,78.2763,-1.0626,32,23,0.2807,1.0000,102,nie
13456_poprawny_L2A_class,multi-layer perceptron,Band_Z-score,79.3388,83.2349,3.8961,18,51,0.0001,0.0104,102,TAK
13456_poprawny_L2A_class,multi-layer perceptron,EllipticEnvelope,79.3388,83.1169,3.7780,17,49,0.0001,0.0119,102,TAK
13456_poprawny_L2A_class,multi-layer perceptron,SAM,79.3388,84.6517,5.3129,16,61,0.0000,0.0001,102,TAK
13456_poprawny_L2A_class,multi-layer perceptron,PCA_Reconstruction,79.3388,79.1027,-0.2361,56,54,0.9240,1.0000,102,nie
13456_poprawny_L2A_class,multi-layer perceptron,IQR,79.3388,80.9917,1.6529,62,76,0.2685,1.0000,102,nie
13456_poprawny_L2A_class,multi-layer perceptron,MAD,79.3388,81.3459,2.0071,25,42,0.0506,1.0000,102,nie
13456_poprawny_L2A_class,multi-layer perceptron,kNN,79.3388,79.6930,0.3542,16,19,0.7353,1.0000,102,nie
13456_poprawny_L2A_class,multi-layer perceptron,LOF,79.3388,83.4711,4.1322,10,45,0.0000,0.0004,102,TAK
13456_poprawny_L2A_class,multi-layer perceptron,HotellingT2,79.3388,77.6860,-1.6529,44,30,0.1307,1.0000,102,nie
13456_poprawny_L2A_class,multi-layer perceptron,Robust_Mahalanobis,79.3388,63.2822,-16.0567,175,39,0.0000,0.0000,102,TAK
13456_poprawny_L2A_class,multi-layer perceptron,Erosion,79.3388,77.3318,-2.0071,60,43,0.1149,1.0000,102,nie
13456_poprawny_L2A_class,multi-layer perceptron,IsolationForest,79.3388,83.2349,3.8961,20,53,0.0002,0.0157,102,TAK
13456_poprawny_L2A_class,multi-layer perceptron,Percentile,79.3388,82.1724,2.8335,33,57,0.0153,1.0000,102,nie
13456_poprawny_L2A_class,multi-layer perceptron,OneClassSVM,79.3388,82.0543,2.7155,42,65,0.0334,1.0000,102,nie
13456_poprawny_L2A_class,multi-layer perceptron,GMM,79.3388,80.0472,0.7084,24,30,0.4962,1.0000,102,nie
13456_poprawny_L2A_class,multi-layer perceptron,PCA,79.3388,85.2420,5.9032,27,77,0.0000,0.0001,102,TAK
13456_poprawny_L2A_class,support vector machine,MAD,88.5478,88.5478,0.0000,6,6,1.0000,1.0000,102,nie
13456_poprawny_L2A_class,support vector machine,IQR,88.5478,90.2007,1.6529,1,15,0.0005,0.0436,102,TAK
13456_poprawny_L2A_class,support vector machine,SAM,88.5478,88.6659,0.1181,1,2,1.0000,1.0000,102,nie
13456_poprawny_L2A_class,support vector machine,PCA_Reconstruction,88.5478,88.4298,-0.1181,2,1,1.0000,1.0000,102,nie
13456_poprawny_L2A_class,support vector machine,Mahalanobis,88.5478,87.4852,-1.0626,12,3,0.0352,1.0000,102,nie
13456_poprawny_L2A_class,support vector machine,EllipticEnvelope,88.5478,88.4298,-0.1181,1,0,1.0000,1.0000,102,nie
13456_poprawny_L2A_class,support vector machine,Band_Z-score,88.5478,88.6659,0.1181,1,2,1.0000,1.0000,102,nie
13456_poprawny_L2A_class,support vector machine,OneClassSVM,88.5478,88.3117,-0.2361,2,0,0.5000,1.0000,102,nie
13456_poprawny_L2A_class,support vector machine,GMM,88.5478,88.4298,-0.1181,2,1,1.0000,1.0000,102,nie
13456_poprawny_L2A_class,support vector machine,PCA,88.5478,91.3813,2.8335,17,41,0.0025,0.2047,102,nie
13456_poprawny_L2A_class,support vector machine,Percentile,88.5478,87.6033,-0.9445,10,2,0.0386,1.0000,102,nie
13456_poprawny_L2A_class,support vector machine,Erosion,88.5478,84.6517,-3.8961,33,0,0.0000,0.0000,102,TAK
13456_poprawny_L2A_class,support vector machine,IsolationForest,88.5478,88.1936,-0.3542,3,0,0.2500,1.0000,102,nie
13456_poprawny_L2A_class,support vector machine,HotellingT2,88.5478,87.2491,-1.2987,13,2,0.0074,0.5834,102,nie
13456_poprawny_L2A_class,support vector machine,LOF,88.5478,88.5478,0.0000,1,1,1.0000,1.0000,102,nie
13456_poprawny_L2A_class,support vector machine,kNN,88.5478,88.3117,-0.2361,2,0,0.5000,1.0000,102,nie
13456_poprawny_L2A_class,support vector machine,Robust_Mahalanobis,88.5478,82.4085,-6.1393,84,32,0.0000,0.0002,102,TAK
13456_poprawny_L2A_class,spectral angle mapping,PCA_Reconstruction,86.5407,86.5407,0.0000,0,0,1.0000,1.0000,102,nie
13456_poprawny_L2A_class,spectral angle mapping,SAM,86.5407,87.0130,0.4723,0,4,0.1250,1.0000,102,nie
13456_poprawny_L2A_class,spectral angle mapping,EllipticEnvelope,86.5407,86.8949,0.3542,1,4,0.3750,1.0000,102,nie
13456_poprawny_L2A_class,spectral angle mapping,Band_Z-score,86.5407,87.1311,0.5903,2,7,0.1797,1.0000,102,nie
13456_poprawny_L2A_class,spectral angle mapping,Mahalanobis,86.5407,87.1311,0.5903,3,8,0.2266,1.0000,102,nie
13456_poprawny_L2A_class,spectral angle mapping,MAD,86.5407,87.2491,0.7084,5,11,0.2101,1.0000,102,nie
13456_poprawny_L2A_class,spectral angle mapping,IQR,86.5407,87.1311,0.5903,4,9,0.2668,1.0000,102,nie
13456_poprawny_L2A_class,spectral angle mapping,IsolationForest,86.5407,87.0130,0.4723,0,4,0.1250,1.0000,102,nie
13456_poprawny_L2A_class,spectral angle mapping,Erosion,86.5407,87.2491,0.7084,5,11,0.2101,1.0000,102,nie
13456_poprawny_L2A_class,spectral angle mapping,Robust_Mahalanobis,86.5407,79.8111,-6.7296,76,19,0.0000,0.0000,102,TAK
13456_poprawny_L2A_class,spectral angle mapping,HotellingT2,86.5407,87.1311,0.5903,4,9,0.2668,1.0000,102,nie
13456_poprawny_L2A_class,spectral angle mapping,kNN,86.5407,86.6588,0.1181,0,1,1.0000,1.0000,102,nie
13456_poprawny_L2A_class,spectral angle mapping,LOF,86.5407,86.5407,0.0000,0,0,1.0000,1.0000,102,nie
13456_poprawny_L2A_class,spectral angle mapping,PCA,86.5407,88.9020,2.3613,10,30,0.0027,0.2130,102,nie
13456_poprawny_L2A_class,spectral angle mapping,GMM,86.5407,86.7769,0.2361,0,2,0.5000,1.0000,102,nie
13456_poprawny_L2A_class,spectral angle mapping,OneClassSVM,86.5407,86.6588,0.1181,0,1,1.0000,1.0000,102,nie
13456_poprawny_L2A_class,spectral angle mapping,Percentile,86.5407,86.5407,0.0000,3,3,1.0000,1.0000,102,nie
13456_poprawny_L2A_class,minimum distance,GMM,84.4156,84.4156,0.0000,1,1,1.0000,1.0000,102,nie
13456_poprawny_L2A_class,minimum distance,OneClassSVM,84.4156,84.5336,0.1181,0,1,1.0000,1.0000,102,nie
13456_poprawny_L2A_class,minimum distance,Erosion,84.4156,84.5336,0.1181,7,8,1.0000,1.0000,102,nie
13456_poprawny_L2A_class,minimum distance,PCA,84.4156,88.3117,3.8961,11,44,0.0000,0.0015,102,TAK
13456_poprawny_L2A_class,minimum distance,Percentile,84.4156,84.5336,0.1181,1,2,1.0000,1.0000,102,nie
13456_poprawny_L2A_class,minimum distance,IsolationForest,84.4156,84.4156,0.0000,1,1,1.0000,1.0000,102,nie
13456_poprawny_L2A_class,minimum distance,LOF,84.4156,84.6517,0.2361,0,2,0.5000,1.0000,102,nie
13456_poprawny_L2A_class,minimum distance,Mahalanobis,84.4156,84.4156,0.0000,3,3,1.0000,1.0000,102,nie
13456_poprawny_L2A_class,minimum distance,EllipticEnvelope,84.4156,84.4156,0.0000,2,2,1.0000,1.0000,102,nie
13456_poprawny_L2A_class,minimum distance,PCA_Reconstruction,84.4156,84.5336,0.1181,0,1,1.0000,1.0000,102,nie
13456_poprawny_L2A_class,minimum distance,IQR,84.4156,84.7698,0.3542,12,15,0.7003,1.0000,102,nie
13456_poprawny_L2A_class,minimum distance,Robust_Mahalanobis,84.4156,80.4014,-4.0142,63,29,0.0006,0.0476,102,TAK
13456_poprawny_L2A_class,minimum distance,HotellingT2,84.4156,84.5336,0.1181,3,4,1.0000,1.0000,102,nie
13456_poprawny_L2A_class,minimum distance,kNN,84.4156,84.5336,0.1181,0,1,1.0000,1.0000,102,nie
13456_poprawny_L2A_class,minimum distance,Band_Z-score,84.4156,84.6517,0.2361,0,2,0.5000,1.0000,102,nie
13456_poprawny_L2A_class,minimum distance,MAD,84.4156,85.1240,0.7084,3,9,0.1460,1.0000,102,nie
13456_poprawny_L2A_class,minimum distance,SAM,84.4156,84.5336,0.1181,1,2,1.0000,1.0000,102,nie
13456_poprawny_L2A_roi,maximum likelihood,GMM,78.6305,79.1027,0.4723,5,9,0.4240,1.0000,102,nie
13456_poprawny_L2A_roi,maximum likelihood,Mahalanobis,78.6305,80.5195,1.8890,4,20,0.0015,0.1451,102,nie
13456_poprawny_L2A_roi,maximum likelihood,IsolationForest,78.6305,79.1027,0.4723,2,6,0.2891,1.0000,102,nie
13456_poprawny_L2A_roi,maximum likelihood,PCA_Reconstruction,78.6305,78.3943,-0.2361,6,4,0.7539,1.0000,102,nie
13456_poprawny_L2A_roi,maximum likelihood,Robust_Mahalanobis,78.6305,81.7001,3.0697,30,56,0.0070,0.6319,102,nie
13456_poprawny_L2A_roi,maximum likelihood,SAM,78.6305,79.4569,0.8264,3,10,0.0923,1.0000,102,nie
13456_poprawny_L2A_roi,maximum likelihood,HotellingT2,78.6305,80.1653,1.5348,3,16,0.0044,0.4027,102,nie
13456_poprawny_L2A_roi,maximum likelihood,MAD,78.6305,79.1027,0.4723,18,22,0.6353,1.0000,102,nie
13456_poprawny_L2A_roi,maximum likelihood,IQR,78.6305,79.1027,0.4723,23,27,0.6714,1.0000,102,nie
13456_poprawny_L2A_roi,maximum likelihood,EllipticEnvelope,78.6305,79.2208,0.5903,5,10,0.3018,1.0000,102,nie
13456_poprawny_L2A_roi,maximum likelihood,OneClassSVM,78.6305,78.7485,0.1181,12,13,1.0000,1.0000,102,nie
13456_poprawny_L2A_roi,maximum likelihood,LOF,78.6305,79.3388,0.7084,4,10,0.1796,1.0000,102,nie
13456_poprawny_L2A_roi,maximum likelihood,Erosion,78.6305,79.3388,0.7084,20,26,0.4610,1.0000,102,nie
13456_poprawny_L2A_roi,maximum likelihood,kNN,78.6305,78.9847,0.3542,6,9,0.6072,1.0000,102,nie
13456_poprawny_L2A_roi,maximum likelihood,PCA,78.6305,79.2208,0.5903,36,41,0.6485,1.0000,102,nie
13456_poprawny_L2A_roi,maximum likelihood,Percentile,78.6305,78.7485,0.1181,9,10,1.0000,1.0000,102,nie
13456_poprawny_L2A_roi,maximum likelihood,Band_Z-score,78.6305,80.5195,1.8890,4,20,0.0015,0.1451,102,nie
13456_poprawny_L2A_roi,random forest,GMM,83.7072,84.0614,0.3542,11,14,0.6892,1.0000,102,nie
13456_poprawny_L2A_roi,random forest,Robust_Mahalanobis,83.7072,82.7627,-0.9445,29,21,0.3222,1.0000,102,nie
13456_poprawny_L2A_roi,random forest,Mahalanobis,83.7072,82.0543,-1.6529,21,7,0.0140,1.0000,102,nie
13456_poprawny_L2A_roi,random forest,OneClassSVM,83.7072,82.1724,-1.5348,23,10,0.0367,1.0000,102,nie
13456_poprawny_L2A_roi,random forest,PCA,83.7072,84.8878,1.1806,16,26,0.1649,1.0000,102,nie
13456_poprawny_L2A_roi,random forest,SAM,83.7072,83.7072,0.0000,12,12,1.0000,1.0000,102,nie
13456_poprawny_L2A_roi,random forest,EllipticEnvelope,83.7072,84.4156,0.7084,11,17,0.3447,1.0000,102,nie
13456_poprawny_L2A_roi,random forest,kNN,83.7072,82.7627,-0.9445,16,8,0.1516,1.0000,102,nie
13456_poprawny_L2A_roi,random forest,LOF,83.7072,83.1169,-0.5903,16,11,0.4414,1.0000,102,nie
13456_poprawny_L2A_roi,random forest,Percentile,83.7072,81.7001,-2.0071,28,11,0.0104,0.9136,102,nie
13456_poprawny_L2A_roi,random forest,IQR,83.7072,83.9433,0.2361,17,19,0.8676,1.0000,102,nie
13456_poprawny_L2A_roi,random forest,Erosion,83.7072,79.6930,-4.0142,50,16,0.0000,0.0047,102,TAK
13456_poprawny_L2A_roi,random forest,PCA_Reconstruction,83.7072,82.7627,-0.9445,14,6,0.1153,1.0000,102,nie
13456_poprawny_L2A_roi,random forest,Band_Z-score,83.7072,82.1724,-1.5348,20,7,0.0209,1.0000,102,nie
13456_poprawny_L2A_roi,random forest,IsolationForest,83.7072,82.6446,-1.0626,16,7,0.0931,1.0000,102,nie
13456_poprawny_L2A_roi,random forest,MAD,83.7072,82.0543,-1.6529,23,9,0.0216,1.0000,102,nie
13456_poprawny_L2A_roi,random forest,HotellingT2,83.7072,83.7072,0.0000,11,11,1.0000,1.0000,102,nie
13456_poprawny_L2A_roi,multi-layer perceptron,Mahalanobis,83.2349,76.2692,-6.9658,83,24,0.0000,0.0000,102,TAK
13456_poprawny_L2A_roi,multi-layer perceptron,Band_Z-score,83.2349,82.5266,-0.7084,22,16,0.4173,1.0000,102,nie
13456_poprawny_L2A_roi,multi-layer perceptron,EllipticEnvelope,83.2349,82.7627,-0.4723,26,22,0.6650,1.0000,102,nie
13456_poprawny_L2A_roi,multi-layer perceptron,SAM,83.2349,79.3388,-3.8961,44,11,0.0000,0.0015,102,TAK
13456_poprawny_L2A_roi,multi-layer perceptron,PCA_Reconstruction,83.2349,82.9988,-0.2361,15,13,0.8501,1.0000,102,nie
13456_poprawny_L2A_roi,multi-layer perceptron,IQR,83.2349,78.9847,-4.2503,50,14,0.0000,0.0012,102,TAK
13456_poprawny_L2A_roi,multi-layer perceptron,MAD,83.2349,80.5195,-2.7155,41,18,0.0042,0.3847,102,nie
13456_poprawny_L2A_roi,multi-layer perceptron,kNN,83.2349,81.1098,-2.1251,31,13,0.0104,0.9136,102,nie
13456_poprawny_L2A_roi,multi-layer perceptron,LOF,83.2349,82.5266,-0.7084,20,14,0.3912,1.0000,102,nie
13456_poprawny_L2A_roi,multi-layer perceptron,HotellingT2,83.2349,82.0543,-1.1806,37,27,0.2606,1.0000,102,nie
13456_poprawny_L2A_roi,multi-layer perceptron,Robust_Mahalanobis,83.2349,69.0673,-14.1677,137,17,0.0000,0.0000,102,TAK
13456_poprawny_L2A_roi,multi-layer perceptron,Erosion,83.2349,77.3318,-5.9032,71,21,0.0000,0.0000,102,TAK
13456_poprawny_L2A_roi,multi-layer perceptron,IsolationForest,83.2349,81.9362,-1.2987,36,25,0.2004,1.0000,102,nie
13456_poprawny_L2A_roi,multi-layer perceptron,Percentile,83.2349,83.8253,0.5903,21,26,0.5596,1.0000,102,nie
13456_poprawny_L2A_roi,multi-layer perceptron,OneClassSVM,83.2349,81.5821,-1.6529,33,19,0.0714,1.0000,102,nie
13456_poprawny_L2A_roi,multi-layer perceptron,GMM,83.2349,82.1724,-1.0626,21,12,0.1637,1.0000,102,nie
13456_poprawny_L2A_roi,multi-layer perceptron,PCA,83.2349,81.2279,-2.0071,39,22,0.0405,1.0000,102,nie
13456_poprawny_L2A_roi,support vector machine,MAD,88.5478,87.6033,-0.9445,10,2,0.0386,1.0000,102,nie
13456_poprawny_L2A_roi,support vector machine,IQR,88.5478,87.8394,-0.7084,8,2,0.1094,1.0000,102,nie
13456_poprawny_L2A_roi,support vector machine,SAM,88.5478,88.3117,-0.2361,2,0,0.5000,1.0000,102,nie
13456_poprawny_L2A_roi,support vector machine,PCA_Reconstruction,88.5478,88.5478,0.0000,1,1,1.0000,1.0000,102,nie
13456_poprawny_L2A_roi,support vector machine,Mahalanobis,88.5478,88.1936,-0.3542,3,0,0.2500,1.0000,102,nie
13456_poprawny_L2A_roi,support vector machine,EllipticEnvelope,88.5478,88.4298,-0.1181,1,0,1.0000,1.0000,102,nie
13456_poprawny_L2A_roi,support vector machine,Band_Z-score,88.5478,88.3117,-0.2361,2,0,0.5000,1.0000,102,nie
13456_poprawny_L2A_roi,support vector machine,OneClassSVM,88.5478,88.0756,-0.4723,4,0,0.1250,1.0000,102,nie
13456_poprawny_L2A_roi,support vector machine,GMM,88.5478,88.4298,-0.1181,1,0,1.0000,1.0000,102,nie
13456_poprawny_L2A_roi,support vector machine,PCA,88.5478,87.2491,-1.2987,13,2,0.0074,0.6573,102,nie
13456_poprawny_L2A_roi,support vector machine,Percentile,88.5478,88.3117,-0.2361,2,0,0.5000,1.0000,102,nie
13456_poprawny_L2A_roi,support vector machine,Erosion,88.5478,84.6517,-3.8961,33,0,0.0000,0.0000,102,TAK
13456_poprawny_L2A_roi,support vector machine,IsolationForest,88.5478,88.4298,-0.1181,1,0,1.0000,1.0000,102,nie
13456_poprawny_L2A_roi,support vector machine,HotellingT2,88.5478,88.4298,-0.1181,1,0,1.0000,1.0000,102,nie
13456_poprawny_L2A_roi,support vector machine,LOF,88.5478,88.3117,-0.2361,2,0,0.5000,1.0000,102,nie
13456_poprawny_L2A_roi,support vector machine,kNN,88.5478,88.3117,-0.2361,2,0,0.5000,1.0000,102,nie
13456_poprawny_L2A_roi,support vector machine,Robust_Mahalanobis,88.5478,86.5407,-2.0071,19,2,0.0002,0.0210,102,TAK
13456_poprawny_L2A_roi,spectral angle mapping,PCA_Reconstruction,86.5407,86.5407,0.0000,0,0,1.0000,1.0000,102,nie
13456_poprawny_L2A_roi,spectral angle mapping,SAM,86.5407,86.7769,0.2361,0,2,0.5000,1.0000,102,nie
13456_poprawny_L2A_roi,spectral angle mapping,EllipticEnvelope,86.5407,86.7769,0.2361,0,2,0.5000,1.0000,102,nie
13456_poprawny_L2A_roi,spectral angle mapping,Band_Z-score,86.5407,86.6588,0.1181,0,1,1.0000,1.0000,102,nie
13456_poprawny_L2A_roi,spectral angle mapping,Mahalanobis,86.5407,86.5407,0.0000,1,1,1.0000,1.0000,102,nie
13456_poprawny_L2A_roi,spectral angle mapping,MAD,86.5407,87.1311,0.5903,4,9,0.2668,1.0000,102,nie
13456_poprawny_L2A_roi,spectral angle mapping,IQR,86.5407,87.3672,0.8264,3,10,0.0923,1.0000,102,nie
13456_poprawny_L2A_roi,spectral angle mapping,IsolationForest,86.5407,86.6588,0.1181,0,1,1.0000,1.0000,102,nie
13456_poprawny_L2A_roi,spectral angle mapping,Erosion,86.5407,87.2491,0.7084,5,11,0.2101,1.0000,102,nie
13456_poprawny_L2A_roi,spectral angle mapping,Robust_Mahalanobis,86.5407,87.1311,0.5903,7,12,0.3593,1.0000,102,nie
13456_poprawny_L2A_roi,spectral angle mapping,HotellingT2,86.5407,86.5407,0.0000,1,1,1.0000,1.0000,102,nie
13456_poprawny_L2A_roi,spectral angle mapping,kNN,86.5407,86.6588,0.1181,0,1,1.0000,1.0000,102,nie
13456_poprawny_L2A_roi,spectral angle mapping,LOF,86.5407,86.6588,0.1181,0,1,1.0000,1.0000,102,nie
13456_poprawny_L2A_roi,spectral angle mapping,PCA,86.5407,86.8949,0.3542,9,12,0.6636,1.0000,102,nie
13456_poprawny_L2A_roi,spectral angle mapping,GMM,86.5407,86.5407,0.0000,0,0,1.0000,1.0000,102,nie
13456_poprawny_L2A_roi,spectral angle mapping,OneClassSVM,86.5407,86.6588,0.1181,1,2,1.0000,1.0000,102,nie
13456_poprawny_L2A_roi,spectral angle mapping,Percentile,86.5407,86.7769,0.2361,0,2,0.5000,1.0000,102,nie
13456_poprawny_L2A_roi,minimum distance,GMM,84.4156,84.6517,0.2361,0,2,0.5000,1.0000,102,nie
13456_poprawny_L2A_roi,minimum distance,OneClassSVM,84.4156,84.6517,0.2361,2,4,0.6875,1.0000,102,nie
13456_poprawny_L2A_roi,minimum distance,Erosion,84.4156,84.5336,0.1181,7,8,1.0000,1.0000,102,nie
13456_poprawny_L2A_roi,minimum distance,PCA,84.4156,84.7698,0.3542,2,5,0.4531,1.0000,102,nie
13456_poprawny_L2A_roi,minimum distance,Percentile,84.4156,84.6517,0.2361,0,2,0.5000,1.0000,102,nie
13456_poprawny_L2A_roi,minimum distance,IsolationForest,84.4156,84.5336,0.1181,0,1,1.0000,1.0000,102,nie
13456_poprawny_L2A_roi,minimum distance,LOF,84.4156,84.5336,0.1181,0,1,1.0000,1.0000,102,nie
13456_poprawny_L2A_roi,minimum distance,Mahalanobis,84.4156,84.4156,0.0000,0,0,1.0000,1.0000,102,nie
13456_poprawny_L2A_roi,minimum distance,EllipticEnvelope,84.4156,84.5336,0.1181,0,1,1.0000,1.0000,102,nie
13456_poprawny_L2A_roi,minimum distance,PCA_Reconstruction,84.4156,84.5336,0.1181,1,2,1.0000,1.0000,102,nie
13456_poprawny_L2A_roi,minimum distance,IQR,84.4156,84.5336,0.1181,1,2,1.0000,1.0000,102,nie
13456_poprawny_L2A_roi,minimum distance,Robust_Mahalanobis,84.4156,84.6517,0.2361,5,7,0.7744,1.0000,102,nie
13456_poprawny_L2A_roi,minimum distance,HotellingT2,84.4156,84.5336,0.1181,0,1,1.0000,1.0000,102,nie
13456_poprawny_L2A_roi,minimum distance,kNN,84.4156,84.6517,0.2361,0,2,0.5000,1.0000,102,nie
13456_poprawny_L2A_roi,minimum distance,Band_Z-score,84.4156,84.5336,0.1181,0,1,1.0000,1.0000,102,nie
13456_poprawny_L2A_roi,minimum distance,MAD,84.4156,84.7698,0.3542,0,3,0.2500,1.0000,102,nie
13456_poprawny_L2A_roi,minimum distance,SAM,84.4156,84.6517,0.2361,0,2,0.5000,1.0000,102,nie
13456_zbledami_L1C_class,maximum likelihood,GMM,62.8099,62.9280,0.1181,5,6,1.0000,1.0000,102,nie
13456_zbledami_L1C_class,maximum likelihood,Mahalanobis,62.8099,32.1133,-30.6966,301,41,0.0000,0.0000,102,TAK
13456_zbledami_L1C_class,maximum likelihood,IsolationForest,62.8099,62.4557,-0.3542,8,5,0.5811,1.0000,102,nie
13456_zbledami_L1C_class,maximum likelihood,PCA_Reconstruction,62.8099,62.4557,-0.3542,6,3,0.5078,1.0000,102,nie
13456_zbledami_L1C_class,maximum likelihood,Robust_Mahalanobis,62.8099,78.3943,15.5844,36,168,0.0000,0.0000,102,TAK
13456_zbledami_L1C_class,maximum likelihood,SAM,62.8099,62.2196,-0.5903,11,6,0.3323,1.0000,102,nie
13456_zbledami_L1C_class,maximum likelihood,HotellingT2,62.8099,71.6647,8.8548,15,90,0.0000,0.0000,102,TAK
13456_zbledami_L1C_class,maximum likelihood,MAD,62.8099,64.2267,1.4168,15,27,0.0896,1.0000,102,nie
13456_zbledami_L1C_class,maximum likelihood,IQR,62.8099,21.0153,-41.7946,365,11,0.0000,0.0000,102,TAK
13456_zbledami_L1C_class,maximum likelihood,EllipticEnvelope,62.8099,63.1641,0.3542,6,9,0.6072,1.0000,102,nie
13456_zbledami_L1C_class,maximum likelihood,OneClassSVM,62.8099,62.2196,-0.5903,6,1,0.1250,1.0000,102,nie
13456_zbledami_L1C_class,maximum likelihood,LOF,62.8099,62.6919,-0.1181,8,7,1.0000,1.0000,102,nie
13456_zbledami_L1C_class,maximum likelihood,Erosion,62.8099,74.6163,11.8064,27,127,0.0000,0.0000,102,TAK
13456_zbledami_L1C_class,maximum likelihood,kNN,62.8099,62.1015,-0.7084,10,4,0.1796,1.0000,102,nie
13456_zbledami_L1C_class,maximum likelihood,PCA,62.8099,8.8548,-53.9551,467,10,0.0000,0.0000,102,TAK
13456_zbledami_L1C_class,maximum likelihood,Percentile,62.8099,63.4002,0.5903,17,22,0.5218,1.0000,102,nie
13456_zbledami_L1C_class,maximum likelihood,Band_Z-score,62.8099,62.5738,-0.2361,7,5,0.7744,1.0000,102,nie
13456_zbledami_L1C_class,random forest,GMM,64.6989,64.6989,0.0000,21,21,0.8774,1.0000,102,nie
13456_zbledami_L1C_class,random forest,Robust_Mahalanobis,64.6989,68.8312,4.1322,30,65,0.0005,0.0442,102,TAK
13456_zbledami_L1C_class,random forest,Mahalanobis,64.6989,66.1157,1.4168,26,38,0.1691,1.0000,102,nie
13456_zbledami_L1C_class,random forest,OneClassSVM,64.6989,63.7544,-0.9445,29,21,0.3222,1.0000,102,nie
13456_zbledami_L1C_class,random forest,PCA,64.6989,68.4770,3.7780,51,83,0.0074,0.6277,102,nie
13456_zbledami_L1C_class,random forest,SAM,64.6989,64.4628,-0.2361,20,18,0.8711,1.0000,102,nie
13456_zbledami_L1C_class,random forest,EllipticEnvelope,64.6989,64.5809,-0.1181,27,26,1.0000,1.0000,102,nie
13456_zbledami_L1C_class,random forest,kNN,64.6989,65.1712,0.4723,23,27,0.6714,1.0000,102,nie
13456_zbledami_L1C_class,random forest,LOF,64.6989,64.4628,-0.2361,23,21,0.8802,1.0000,102,nie
13456_zbledami_L1C_class,random forest,Percentile,64.6989,64.8170,0.1181,37,38,1.0000,1.0000,102,nie
13456_zbledami_L1C_class,random forest,IQR,64.6989,65.4073,0.7084,40,46,0.5898,1.0000,102,nie
13456_zbledami_L1C_class,random forest,Erosion,64.6989,66.1157,1.4168,46,58,0.2807,1.0000,102,nie
13456_zbledami_L1C_class,random forest,PCA_Reconstruction,64.6989,63.9906,-0.7084,21,15,0.4047,1.0000,102,nie
13456_zbledami_L1C_class,random forest,Band_Z-score,64.6989,66.7060,2.0071,29,46,0.0647,1.0000,102,nie
13456_zbledami_L1C_class,random forest,IsolationForest,64.6989,63.7544,-0.9445,27,19,0.3020,1.0000,102,nie
13456_zbledami_L1C_class,random forest,MAD,64.6989,67.1783,2.4793,30,51,0.0263,1.0000,102,nie
13456_zbledami_L1C_class,random forest,HotellingT2,64.6989,66.4699,1.7710,31,46,0.1106,1.0000,102,nie
13456_zbledami_L1C_class,multi-layer perceptron,Mahalanobis,86.7769,85.4782,-1.2987,41,30,0.2353,1.0000,102,nie
13456_zbledami_L1C_class,multi-layer perceptron,Band_Z-score,86.7769,91.3813,4.6045,19,58,0.0000,0.0014,102,TAK
13456_zbledami_L1C_class,multi-layer perceptron,EllipticEnvelope,86.7769,90.4368,3.6600,13,44,0.0001,0.0066,102,TAK
13456_zbledami_L1C_class,multi-layer perceptron,SAM,86.7769,91.0272,4.2503,16,52,0.0000,0.0021,102,TAK
13456_zbledami_L1C_class,multi-layer perceptron,PCA_Reconstruction,86.7769,87.7214,0.9445,44,52,0.4750,1.0000,102,nie
13456_zbledami_L1C_class,multi-layer perceptron,IQR,86.7769,88.7839,2.0071,29,46,0.0647,1.0000,102,nie
13456_zbledami_L1C_class,multi-layer perceptron,MAD,86.7769,89.8465,3.0697,40,66,0.0152,1.0000,102,nie
13456_zbledami_L1C_class,multi-layer perceptron,kNN,86.7769,85.5962,-1.1806,70,60,0.4299,1.0000,102,nie
13456_zbledami_L1C_class,multi-layer perceptron,LOF,86.7769,81.3459,-5.4309,112,66,0.0007,0.0669,102,nie
13456_zbledami_L1C_class,multi-layer perceptron,HotellingT2,86.7769,89.1381,2.3613,30,50,0.0336,1.0000,102,nie
13456_zbledami_L1C_class,multi-layer perceptron,Robust_Mahalanobis,86.7769,81.9362,-4.8406,94,53,0.0010,0.0863,102,nie
13456_zbledami_L1C_class,multi-layer perceptron,Erosion,86.7769,83.2349,-3.5419,93,63,0.0202,1.0000,102,nie
13456_zbledami_L1C_class,multi-layer perceptron,IsolationForest,86.7769,88.3117,1.5348,13,26,0.0547,1.0000,102,nie
13456_zbledami_L1C_class,multi-layer perceptron,Percentile,86.7769,88.5478,1.7710,31,46,0.1106,1.0000,102,nie
13456_zbledami_L1C_class,multi-layer perceptron,OneClassSVM,86.7769,86.5407,-0.2361,54,52,0.9226,1.0000,102,nie
13456_zbledami_L1C_class,multi-layer perceptron,GMM,86.7769,88.5478,1.7710,33,48,0.1198,1.0000,102,nie
13456_zbledami_L1C_class,multi-layer perceptron,PCA,86.7769,88.5478,1.7710,42,57,0.1594,1.0000,102,nie
13456_zbledami_L1C_class,support vector machine,MAD,91.7355,93.7426,2.0071,9,26,0.0068,0.5883,102,nie
13456_zbledami_L1C_class,support vector machine,IQR,91.7355,92.7981,1.0626,10,19,0.1374,1.0000,102,nie
13456_zbledami_L1C_class,support vector machine,SAM,91.7355,91.7355,0.0000,3,3,1.0000,1.0000,102,nie
13456_zbledami_L1C_class,support vector machine,PCA_Reconstruction,91.7355,91.3813,-0.3542,6,3,0.5078,1.0000,102,nie
13456_zbledami_L1C_class,support vector machine,Mahalanobis,91.7355,92.2078,0.4723,9,13,0.5235,1.0000,102,nie
13456_zbledami_L1C_class,support vector machine,EllipticEnvelope,91.7355,91.9717,0.2361,1,3,0.6250,1.0000,102,nie
13456_zbledami_L1C_class,support vector machine,Band_Z-score,91.7355,93.0342,1.2987,5,16,0.0266,1.0000,102,nie
13456_zbledami_L1C_class,support vector machine,OneClassSVM,91.7355,91.9717,0.2361,2,4,0.6875,1.0000,102,nie
13456_zbledami_L1C_class,support vector machine,GMM,91.7355,91.8536,0.1181,3,4,1.0000,1.0000,102,nie
13456_zbledami_L1C_class,support vector machine,PCA,91.7355,93.2704,1.5348,20,33,0.0993,1.0000,102,nie
13456_zbledami_L1C_class,support vector machine,Percentile,91.7355,90.6730,-1.0626,14,5,0.0636,1.0000,102,nie
13456_zbledami_L1C_class,support vector machine,Erosion,91.7355,91.2633,-0.4723,16,12,0.5708,1.0000,102,nie
13456_zbledami_L1C_class,support vector machine,IsolationForest,91.7355,91.3813,-0.3542,7,4,0.5488,1.0000,102,nie
13456_zbledami_L1C_class,support vector machine,HotellingT2,91.7355,92.2078,0.4723,9,13,0.5235,1.0000,102,nie
13456_zbledami_L1C_class,support vector machine,LOF,91.7355,91.6175,-0.1181,2,1,1.0000,1.0000,102,nie
13456_zbledami_L1C_class,support vector machine,kNN,91.7355,91.7355,0.0000,2,2,1.0000,1.0000,102,nie
13456_zbledami_L1C_class,support vector machine,Robust_Mahalanobis,91.7355,88.5478,-3.1877,38,11,0.0002,0.0187,102,TAK
13456_zbledami_L1C_class,spectral angle mapping,PCA_Reconstruction,91.3813,90.0826,-1.2987,13,2,0.0074,0.6277,102,nie
13456_zbledami_L1C_class,spectral angle mapping,SAM,91.3813,92.3259,0.9445,0,8,0.0078,0.6484,102,nie
13456_zbledami_L1C_class,spectral angle mapping,EllipticEnvelope,91.3813,90.7910,-0.5903,14,9,0.4049,1.0000,102,nie
13456_zbledami_L1C_class,spectral angle mapping,Band_Z-score,91.3813,91.2633,-0.1181,9,8,1.0000,1.0000,102,nie
13456_zbledami_L1C_class,spectral angle mapping,Mahalanobis,91.3813,89.6104,-1.7710,26,11,0.0214,1.0000,102,nie
13456_zbledami_L1C_class,spectral angle mapping,MAD,91.3813,91.0272,-0.3542,14,11,0.6892,1.0000,102,nie
13456_zbledami_L1C_class,spectral angle mapping,IQR,91.3813,90.6730,-0.7084,17,11,0.3447,1.0000,102,nie
13456_zbledami_L1C_class,spectral angle mapping,IsolationForest,91.3813,91.6175,0.2361,4,6,0.7539,1.0000,102,nie
13456_zbledami_L1C_class,spectral angle mapping,Erosion,91.3813,89.9646,-1.4168,31,19,0.1198,1.0000,102,nie
13456_zbledami_L1C_class,spectral angle mapping,Robust_Mahalanobis,91.3813,88.7839,-2.5974,43,21,0.0087,0.7105,102,nie
13456_zbledami_L1C_class,spectral angle mapping,HotellingT2,91.3813,89.4923,-1.8890,27,11,0.0150,1.0000,102,nie
13456_zbledami_L1C_class,spectral angle mapping,kNN,91.3813,90.5549,-0.8264,12,5,0.1435,1.0000,102,nie
13456_zbledami_L1C_class,spectral angle mapping,LOF,91.3813,90.3188,-1.0626,11,2,0.0225,1.0000,102,nie
13456_zbledami_L1C_class,spectral angle mapping,PCA,91.3813,89.9646,-1.4168,31,19,0.1198,1.0000,102,nie
13456_zbledami_L1C_class,spectral angle mapping,GMM,91.3813,90.6730,-0.7084,9,3,0.1460,1.0000,102,nie
13456_zbledami_L1C_class,spectral angle mapping,OneClassSVM,91.3813,91.0272,-0.3542,6,3,0.5078,1.0000,102,nie
13456_zbledami_L1C_class,spectral angle mapping,Percentile,91.3813,91.3813,0.0000,9,9,1.0000,1.0000,102,nie
13456_zbledami_L1C_class,minimum distance,GMM,86.7769,86.6588,-0.1181,4,3,1.0000,1.0000,102,nie
13456_zbledami_L1C_class,minimum distance,OneClassSVM,86.7769,86.5407,-0.2361,3,1,0.6250,1.0000,102,nie
13456_zbledami_L1C_class,minimum distance,Erosion,86.7769,85.4782,-1.2987,17,6,0.0347,1.0000,102,nie
13456_zbledami_L1C_class,minimum distance,PCA,86.7769,91.8536,5.0767,22,65,0.0000,0.0006,102,TAK
13456_zbledami_L1C_class,minimum distance,Percentile,86.7769,86.0685,-0.7084,10,4,0.1796,1.0000,102,nie
13456_zbledami_L1C_class,minimum distance,IsolationForest,86.7769,86.1865,-0.5903,7,2,0.1797,1.0000,102,nie
13456_zbledami_L1C_class,minimum distance,LOF,86.7769,86.3046,-0.4723,5,1,0.2188,1.0000,102,nie
13456_zbledami_L1C_class,minimum distance,Mahalanobis,86.7769,85.2420,-1.5348,15,2,0.0023,0.2044,102,nie
13456_zbledami_L1C_class,minimum distance,EllipticEnvelope,86.7769,86.6588,-0.1181,5,4,1.0000,1.0000,102,nie
13456_zbledami_L1C_class,minimum distance,PCA_Reconstruction,86.7769,86.6588,-0.1181,5,4,1.0000,1.0000,102,nie
13456_zbledami_L1C_class,minimum distance,IQR,86.7769,86.6588,-0.1181,13,12,1.0000,1.0000,102,nie
13456_zbledami_L1C_class,minimum distance,Robust_Mahalanobis,86.7769,85.7143,-1.0626,32,23,0.2807,1.0000,102,nie
13456_zbledami_L1C_class,minimum distance,HotellingT2,86.7769,85.1240,-1.6529,16,2,0.0013,0.1155,102,nie
13456_zbledami_L1C_class,minimum distance,kNN,86.7769,86.1865,-0.5903,8,3,0.2266,1.0000,102,nie
13456_zbledami_L1C_class,minimum distance,Band_Z-score,86.7769,86.0685,-0.7084,13,7,0.2632,1.0000,102,nie
13456_zbledami_L1C_class,minimum distance,MAD,86.7769,86.4227,-0.3542,14,11,0.6892,1.0000,102,nie
13456_zbledami_L1C_class,minimum distance,SAM,86.7769,86.4227,-0.3542,4,1,0.3750,1.0000,102,nie
13456_zbledami_L1C_roi,maximum likelihood,GMM,62.8099,62.4557,-0.3542,7,4,0.5488,1.0000,102,nie
13456_zbledami_L1C_roi,maximum likelihood,Mahalanobis,62.8099,59.2680,-3.5419,51,21,0.0006,0.0531,102,nie
13456_zbledami_L1C_roi,maximum likelihood,IsolationForest,62.8099,60.6848,-2.1251,21,3,0.0003,0.0241,102,TAK
13456_zbledami_L1C_roi,maximum likelihood,PCA_Reconstruction,62.8099,61.8654,-0.9445,13,5,0.0963,1.0000,102,nie
13456_zbledami_L1C_roi,maximum likelihood,Robust_Mahalanobis,62.8099,1.4168,-61.3932,527,7,0.0000,0.0000,102,TAK
13456_zbledami_L1C_roi,maximum likelihood,SAM,62.8099,62.2196,-0.5903,11,6,0.3323,1.0000,102,nie
13456_zbledami_L1C_roi,maximum likelihood,HotellingT2,62.8099,59.7403,-3.0697,44,18,0.0015,0.1177,102,nie
13456_zbledami_L1C_roi,maximum likelihood,MAD,62.8099,46.0449,-16.7651,404,262,0.0000,0.0000,102,TAK
13456_zbledami_L1C_roi,maximum likelihood,IQR,62.8099,21.0153,-41.7946,365,11,0.0000,0.0000,102,TAK
13456_zbledami_L1C_roi,maximum likelihood,EllipticEnvelope,62.8099,62.6919,-0.1181,13,12,1.0000,1.0000,102,nie
13456_zbledami_L1C_roi,maximum likelihood,OneClassSVM,62.8099,61.0390,-1.7710,25,10,0.0180,1.0000,102,nie
13456_zbledami_L1C_roi,maximum likelihood,LOF,62.8099,61.8654,-0.9445,11,3,0.0574,1.0000,102,nie
13456_zbledami_L1C_roi,maximum likelihood,Erosion,62.8099,74.6163,11.8064,27,127,0.0000,0.0000,102,TAK
13456_zbledami_L1C_roi,maximum likelihood,kNN,62.8099,61.6293,-1.1806,16,6,0.0525,1.0000,102,nie
13456_zbledami_L1C_roi,maximum likelihood,PCA,62.8099,41.0862,-21.7237,406,222,0.0000,0.0000,102,TAK
13456_zbledami_L1C_roi,maximum likelihood,Percentile,62.8099,65.8796,3.0697,21,47,0.0024,0.1873,102,nie
13456_zbledami_L1C_roi,maximum likelihood,Band_Z-score,62.8099,59.5041,-3.3058,32,4,0.0000,0.0006,102,TAK
13456_zbledami_L1C_roi,random forest,GMM,63.8725,63.7544,-0.1181,15,14,1.0000,1.0000,102,nie
13456_zbledami_L1C_roi,random forest,Robust_Mahalanobis,63.8725,54.4274,-9.4451,141,61,0.0000,0.0000,102,TAK
13456_zbledami_L1C_roi,random forest,Mahalanobis,63.8725,64.3447,0.4723,31,35,0.7119,1.0000,102,nie
13456_zbledami_L1C_roi,random forest,OneClassSVM,63.8725,64.9351,1.0626,20,29,0.2531,1.0000,102,nie
13456_zbledami_L1C_roi,random forest,PCA,63.8725,62.8099,-1.0626,57,48,0.4350,1.0000,102,nie
13456_zbledami_L1C_roi,random forest,SAM,63.8725,63.9906,0.1181,23,24,1.0000,1.0000,102,nie
13456_zbledami_L1C_roi,random forest,EllipticEnvelope,63.8725,63.6364,-0.2361,22,20,0.8774,1.0000,102,nie
13456_zbledami_L1C_roi,random forest,kNN,63.8725,62.3377,-1.5348,26,13,0.0547,1.0000,102,nie
13456_zbledami_L1C_roi,random forest,LOF,63.8725,64.2267,0.3542,23,26,0.7751,1.0000,102,nie
13456_zbledami_L1C_roi,random forest,Percentile,63.8725,64.9351,1.0626,30,39,0.3355,1.0000,102,nie
13456_zbledami_L1C_roi,random forest,IQR,63.8725,52.1842,-11.6883,151,52,0.0000,0.0000,102,TAK
13456_zbledami_L1C_roi,random forest,Erosion,63.8725,65.4073,1.5348,39,52,0.2084,1.0000,102,nie
13456_zbledami_L1C_roi,random forest,PCA_Reconstruction,63.8725,65.1712,1.2987,14,25,0.1093,1.0000,102,nie
13456_zbledami_L1C_roi,random forest,Band_Z-score,63.8725,65.6434,1.7710,25,40,0.0825,1.0000,102,nie
13456_zbledami_L1C_roi,random forest,IsolationForest,63.8725,63.1641,-0.7084,27,21,0.4705,1.0000,102,nie
13456_zbledami_L1C_roi,random forest,MAD,63.8725,54.4274,-9.4451,142,62,0.0000,0.0000,102,TAK
13456_zbledami_L1C_roi,random forest,HotellingT2,63.8725,67.4144,3.5419,23,53,0.0009,0.0721,102,nie
13456_zbledami_L1C_roi,multi-layer perceptron,Mahalanobis,89.0201,86.7769,-2.2432,44,25,0.0302,1.0000,102,nie
13456_zbledami_L1C_roi,multi-layer perceptron,Band_Z-score,89.0201,83.3530,-5.6671,62,14,0.0000,0.0000,102,TAK
13456_zbledami_L1C_roi,multi-layer perceptron,EllipticEnvelope,89.0201,87.4852,-1.5348,30,17,0.0801,1.0000,102,nie
13456_zbledami_L1C_roi,multi-layer perceptron,SAM,89.0201,85.0059,-4.0142,57,23,0.0002,0.0198,102,TAK
13456_zbledami_L1C_roi,multi-layer perceptron,PCA_Reconstruction,89.0201,89.6104,0.5903,16,21,0.5108,1.0000,102,nie
13456_zbledami_L1C_roi,multi-layer perceptron,IQR,89.0201,90.0826,1.0626,21,30,0.2626,1.0000,102,nie
13456_zbledami_L1C_roi,multi-layer perceptron,MAD,89.0201,87.8394,-1.1806,41,31,0.2888,1.0000,102,nie
13456_zbledami_L1C_roi,multi-layer perceptron,kNN,89.0201,86.4227,-2.5974,35,13,0.0024,0.1873,102,nie
13456_zbledami_L1C_roi,multi-layer perceptron,LOF,89.0201,85.9504,-3.0697,42,16,0.0010,0.0833,102,nie
13456_zbledami_L1C_roi,multi-layer perceptron,HotellingT2,89.0201,82.4085,-6.6116,83,27,0.0000,0.0000,102,TAK
13456_zbledami_L1C_roi,multi-layer perceptron,Robust_Mahalanobis,89.0201,86.3046,-2.7155,54,31,0.0170,1.0000,102,nie
13456_zbledami_L1C_roi,multi-layer perceptron,Erosion,89.0201,86.7769,-2.2432,39,20,0.0191,1.0000,102,nie
13456_zbledami_L1C_roi,multi-layer perceptron,IsolationForest,89.0201,86.0685,-2.9516,36,11,0.0005,0.0394,102,TAK
13456_zbledami_L1C_roi,multi-layer perceptron,Percentile,89.0201,83.1169,-5.9032,64,14,0.0000,0.0000,102,TAK
13456_zbledami_L1C_roi,multi-layer perceptron,OneClassSVM,89.0201,88.6659,-0.3542,22,19,0.7548,1.0000,102,nie
13456_zbledami_L1C_roi,multi-layer perceptron,GMM,89.0201,87.0130,-2.0071,39,22,0.0405,1.0000,102,nie
13456_zbledami_L1C_roi,multi-layer perceptron,PCA,89.0201,87.2491,-1.7710,43,28,0.0966,1.0000,102,nie
13456_zbledami_L1C_roi,support vector machine,MAD,91.7355,90.6730,-1.0626,16,7,0.0931,1.0000,102,nie
13456_zbledami_L1C_roi,support vector machine,IQR,91.7355,89.9646,-1.7710,18,3,0.0015,0.1177,102,nie
13456_zbledami_L1C_roi,support vector machine,SAM,91.7355,91.6175,-0.1181,3,2,1.0000,1.0000,102,nie
13456_zbledami_L1C_roi,support vector machine,PCA_Reconstruction,91.7355,91.4994,-0.2361,3,1,0.6250,1.0000,102,nie
13456_zbledami_L1C_roi,support vector machine,Mahalanobis,91.7355,92.2078,0.4723,4,8,0.3877,1.0000,102,nie
13456_zbledami_L1C_roi,support vector machine,EllipticEnvelope,91.7355,91.7355,0.0000,2,2,1.0000,1.0000,102,nie
13456_zbledami_L1C_roi,support vector machine,Band_Z-score,91.7355,91.4994,-0.2361,6,4,0.7539,1.0000,102,nie
13456_zbledami_L1C_roi,support vector machine,OneClassSVM,91.7355,91.6175,-0.1181,4,3,1.0000,1.0000,102,nie
13456_zbledami_L1C_roi,support vector machine,GMM,91.7355,91.6175,-0.1181,3,2,1.0000,1.0000,102,nie
13456_zbledami_L1C_roi,support vector machine,PCA,91.7355,89.9646,-1.7710,21,6,0.0071,0.5290,102,nie
13456_zbledami_L1C_roi,support vector machine,Percentile,91.7355,91.3813,-0.3542,6,3,0.5078,1.0000,102,nie
13456_zbledami_L1C_roi,support vector machine,Erosion,91.7355,91.2633,-0.4723,16,12,0.5708,1.0000,102,nie
13456_zbledami_L1C_roi,support vector machine,IsolationForest,91.7355,91.7355,0.0000,4,4,1.0000,1.0000,102,nie
13456_zbledami_L1C_roi,support vector machine,HotellingT2,91.7355,92.2078,0.4723,3,7,0.3438,1.0000,102,nie
13456_zbledami_L1C_roi,support vector machine,LOF,91.7355,91.4994,-0.2361,4,2,0.6875,1.0000,102,nie
13456_zbledami_L1C_roi,support vector machine,kNN,91.7355,91.8536,0.1181,2,3,1.0000,1.0000,102,nie
13456_zbledami_L1C_roi,support vector machine,Robust_Mahalanobis,91.7355,89.4923,-2.2432,25,6,0.0012,0.0980,102,nie
13456_zbledami_L1C_roi,spectral angle mapping,PCA_Reconstruction,91.3813,90.7910,-0.5903,7,2,0.1797,1.0000,102,nie
13456_zbledami_L1C_roi,spectral angle mapping,SAM,91.3813,91.0272,-0.3542,9,6,0.6072,1.0000,102,nie
13456_zbledami_L1C_roi,spectral angle mapping,EllipticEnvelope,91.3813,90.6730,-0.7084,9,3,0.1460,1.0000,102,nie
13456_zbledami_L1C_roi,spectral angle mapping,Band_Z-score,91.3813,89.6104,-1.7710,23,8,0.0119,0.8702,102,nie
13456_zbledami_L1C_roi,spectral angle mapping,Mahalanobis,91.3813,90.6730,-0.7084,19,13,0.3768,1.0000,102,nie
13456_zbledami_L1C_roi,spectral angle mapping,MAD,91.3813,89.4923,-1.8890,36,20,0.0450,1.0000,102,nie
13456_zbledami_L1C_roi,spectral angle mapping,IQR,91.3813,92.2078,0.8264,15,22,0.3239,1.0000,102,nie
13456_zbledami_L1C_roi,spectral angle mapping,IsolationForest,91.3813,90.7910,-0.5903,9,4,0.2668,1.0000,102,nie
13456_zbledami_L1C_roi,spectral angle mapping,Erosion,91.3813,89.9646,-1.4168,31,19,0.1198,1.0000,102,nie
13456_zbledami_L1C_roi,spectral angle mapping,Robust_Mahalanobis,91.3813,87.9575,-3.4238,46,17,0.0004,0.0361,102,TAK
13456_zbledami_L1C_roi,spectral angle mapping,HotellingT2,91.3813,90.7910,-0.5903,19,14,0.4862,1.0000,102,nie
13456_zbledami_L1C_roi,spectral angle mapping,kNN,91.3813,90.9091,-0.4723,8,4,0.3877,1.0000,102,nie
13456_zbledami_L1C_roi,spectral angle mapping,LOF,91.3813,91.0272,-0.3542,7,4,0.5488,1.0000,102,nie
13456_zbledami_L1C_roi,spectral angle mapping,PCA,91.3813,89.7285,-1.6529,38,24,0.0987,1.0000,102,nie
13456_zbledami_L1C_roi,spectral angle mapping,GMM,91.3813,90.7910,-0.5903,8,3,0.2266,1.0000,102,nie
13456_zbledami_L1C_roi,spectral angle mapping,OneClassSVM,91.3813,91.0272,-0.3542,13,10,0.6776,1.0000,102,nie
13456_zbledami_L1C_roi,spectral angle mapping,Percentile,91.3813,90.5549,-0.8264,14,7,0.1892,1.0000,102,nie
13456_zbledami_L1C_roi,minimum distance,GMM,86.7769,86.6588,-0.1181,4,3,1.0000,1.0000,102,nie
13456_zbledami_L1C_roi,minimum distance,OneClassSVM,86.7769,85.8323,-0.9445,9,1,0.0215,1.0000,102,nie
13456_zbledami_L1C_roi,minimum distance,Erosion,86.7769,85.4782,-1.2987,17,6,0.0347,1.0000,102,nie
13456_zbledami_L1C_roi,minimum distance,PCA,86.7769,85.9504,-0.8264,25,18,0.3602,1.0000,102,nie
13456_zbledami_L1C_roi,minimum distance,Percentile,86.7769,86.0685,-0.7084,8,2,0.1094,1.0000,102,nie
13456_zbledami_L1C_roi,minimum distance,IsolationForest,86.7769,86.0685,-0.7084,7,1,0.0703,1.0000,102,nie
13456_zbledami_L1C_roi,minimum distance,LOF,86.7769,86.7769,0.0000,4,4,1.0000,1.0000,102,nie
13456_zbledami_L1C_roi,minimum distance,Mahalanobis,86.7769,84.6517,-2.1251,19,1,0.0000,0.0036,102,TAK
13456_zbledami_L1C_roi,minimum distance,EllipticEnvelope,86.7769,86.0685,-0.7084,7,1,0.0703,1.0000,102,nie
13456_zbledami_L1C_roi,minimum distance,PCA_Reconstruction,86.7769,86.1865,-0.5903,6,1,0.1250,1.0000,102,nie
13456_zbledami_L1C_roi,minimum distance,IQR,86.7769,84.6517,-2.1251,22,4,0.0009,0.0711,102,nie
13456_zbledami_L1C_roi,minimum distance,Robust_Mahalanobis,86.7769,85.4782,-1.2987,29,18,0.1447,1.0000,102,nie
13456_zbledami_L1C_roi,minimum distance,HotellingT2,86.7769,84.8878,-1.8890,17,1,0.0001,0.0129,102,TAK
13456_zbledami_L1C_roi,minimum distance,kNN,86.7769,86.0685,-0.7084,7,1,0.0703,1.0000,102,nie
13456_zbledami_L1C_roi,minimum distance,Band_Z-score,86.7769,85.3601,-1.4168,15,3,0.0075,0.5578,102,nie
13456_zbledami_L1C_roi,minimum distance,MAD,86.7769,85.1240,-1.6529,29,15,0.0500,1.0000,102,nie
13456_zbledami_L1C_roi,minimum distance,SAM,86.7769,85.9504,-0.8264,8,1,0.0391,1.0000,102,nie
13456_zbledami_L2A_class,maximum likelihood,GMM,79.4569,80.1653,0.7084,4,10,0.1796,1.0000,102,nie
13456_zbledami_L2A_class,maximum likelihood,Mahalanobis,79.4569,82.9988,3.5419,13,43,0.0001,0.0098,102,TAK
13456_zbledami_L2A_class,maximum likelihood,IsolationForest,79.4569,79.6930,0.2361,9,11,0.8238,1.0000,102,nie
13456_zbledami_L2A_class,maximum likelihood,PCA_Reconstruction,79.4569,80.1653,0.7084,8,14,0.2863,1.0000,102,nie
13456_zbledami_L2A_class,maximum likelihood,Robust_Mahalanobis,79.4569,81.4640,2.0071,59,76,0.1685,1.0000,102,nie
13456_zbledami_L2A_class,maximum likelihood,SAM,79.4569,80.0472,0.5903,6,11,0.3323,1.0000,102,nie
13456_zbledami_L2A_class,maximum likelihood,HotellingT2,79.4569,83.1169,3.6600,14,45,0.0001,0.0087,102,TAK
13456_zbledami_L2A_class,maximum likelihood,MAD,79.4569,81.2279,1.7710,16,31,0.0411,1.0000,102,nie
13456_zbledami_L2A_class,maximum likelihood,IQR,79.4569,73.7898,-5.6671,82,34,0.0000,0.0012,102,TAK
13456_zbledami_L2A_class,maximum likelihood,EllipticEnvelope,79.4569,81.3459,1.8890,6,22,0.0046,0.3990,102,nie
13456_zbledami_L2A_class,maximum likelihood,OneClassSVM,79.4569,80.1653,0.7084,6,12,0.2379,1.0000,102,nie
13456_zbledami_L2A_class,maximum likelihood,LOF,79.4569,80.0472,0.5903,4,9,0.2668,1.0000,102,nie
13456_zbledami_L2A_class,maximum likelihood,Erosion,79.4569,80.6375,1.1806,26,36,0.2530,1.0000,102,nie
13456_zbledami_L2A_class,maximum likelihood,kNN,79.4569,80.1653,0.7084,5,11,0.2101,1.0000,102,nie
13456_zbledami_L2A_class,maximum likelihood,PCA,79.4569,25.5018,-53.9551,471,14,0.0000,0.0000,102,TAK
13456_zbledami_L2A_class,maximum likelihood,Percentile,79.4569,81.8182,2.3613,13,33,0.0051,0.4376,102,nie
13456_zbledami_L2A_class,maximum likelihood,Band_Z-score,79.4569,81.2279,1.7710,7,22,0.0093,0.7837,102,nie
13456_zbledami_L2A_class,random forest,GMM,86.3046,87.0130,0.7084,14,20,0.3912,1.0000,102,nie
13456_zbledami_L2A_class,random forest,Robust_Mahalanobis,86.3046,81.2279,-5.0767,77,34,0.0001,0.0063,102,TAK
13456_zbledami_L2A_class,random forest,Mahalanobis,86.3046,85.9504,-0.3542,28,25,0.7835,1.0000,102,nie
13456_zbledami_L2A_class,random forest,OneClassSVM,86.3046,87.2491,0.9445,14,22,0.2433,1.0000,102,nie
13456_zbledami_L2A_class,random forest,PCA,86.3046,87.8394,1.5348,43,56,0.2278,1.0000,102,nie
13456_zbledami_L2A_class,random forest,SAM,86.3046,86.6588,0.3542,19,22,0.7548,1.0000,102,nie
13456_zbledami_L2A_class,random forest,EllipticEnvelope,86.3046,83.9433,-2.3613,35,15,0.0072,0.6128,102,nie
13456_zbledami_L2A_class,random forest,kNN,86.3046,86.6588,0.3542,19,22,0.7548,1.0000,102,nie
13456_zbledami_L2A_class,random forest,LOF,86.3046,86.3046,0.0000,12,12,1.0000,1.0000,102,nie
13456_zbledami_L2A_class,random forest,Percentile,86.3046,85.1240,-1.1806,34,24,0.2373,1.0000,102,nie
13456_zbledami_L2A_class,random forest,IQR,86.3046,89.8465,3.5419,27,57,0.0016,0.1384,102,nie
13456_zbledami_L2A_class,random forest,Erosion,86.3046,84.4156,-1.8890,45,29,0.0812,1.0000,102,nie
13456_zbledami_L2A_class,random forest,PCA_Reconstruction,86.3046,86.0685,-0.2361,21,19,0.8744,1.0000,102,nie
13456_zbledami_L2A_class,random forest,Band_Z-score,86.3046,86.8949,0.5903,23,28,0.5754,1.0000,102,nie
13456_zbledami_L2A_class,random forest,IsolationForest,86.3046,85.8323,-0.4723,30,26,0.6885,1.0000,102,nie
13456_zbledami_L2A_class,random forest,MAD,86.3046,88.0756,1.7710,27,42,0.0919,1.0000,102,nie
13456_zbledami_L2A_class,random forest,HotellingT2,86.3046,85.7143,-0.5903,29,24,0.5827,1.0000,102,nie
13456_zbledami_L2A_class,multi-layer perceptron,Mahalanobis,81.7001,87.9575,6.2574,29,82,0.0000,0.0001,102,TAK
13456_zbledami_L2A_class,multi-layer perceptron,Band_Z-score,81.7001,88.7839,7.0838,42,102,0.0000,0.0001,102,TAK
13456_zbledami_L2A_class,multi-layer perceptron,EllipticEnvelope,81.7001,88.1936,6.4935,39,94,0.0000,0.0003,102,TAK
13456_zbledami_L2A_class,multi-layer perceptron,SAM,81.7001,84.2975,2.5974,28,50,0.0174,1.0000,102,nie
13456_zbledami_L2A_class,multi-layer perceptron,PCA_Reconstruction,81.7001,78.3943,-3.3058,83,55,0.0215,1.0000,102,nie
13456_zbledami_L2A_class,multi-layer perceptron,IQR,81.7001,88.9020,7.2019,27,88,0.0000,0.0000,102,TAK
13456_zbledami_L2A_class,multi-layer perceptron,MAD,81.7001,88.6659,6.9658,17,76,0.0000,0.0000,102,TAK
13456_zbledami_L2A_class,multi-layer perceptron,kNN,81.7001,85.9504,4.2503,48,84,0.0023,0.2038,102,nie
13456_zbledami_L2A_class,multi-layer perceptron,LOF,81.7001,85.1240,3.4238,16,45,0.0003,0.0307,102,TAK
13456_zbledami_L2A_class,multi-layer perceptron,HotellingT2,81.7001,89.9646,8.2645,32,102,0.0000,0.0000,102,TAK
13456_zbledami_L2A_class,multi-layer perceptron,Robust_Mahalanobis,81.7001,80.9917,-0.7084,81,75,0.6889,1.0000,102,nie
13456_zbledami_L2A_class,multi-layer perceptron,Erosion,81.7001,79.2208,-2.4793,111,90,0.1583,1.0000,102,nie
13456_zbledami_L2A_class,multi-layer perceptron,IsolationForest,81.7001,84.4156,2.7155,57,80,0.0602,1.0000,102,nie
13456_zbledami_L2A_class,multi-layer perceptron,Percentile,81.7001,82.1724,0.4723,39,43,0.7404,1.0000,102,nie
13456_zbledami_L2A_class,multi-layer perceptron,OneClassSVM,81.7001,84.5336,2.8335,28,52,0.0101,0.8405,102,nie
13456_zbledami_L2A_class,multi-layer perceptron,GMM,81.7001,82.5266,0.8264,49,56,0.5582,1.0000,102,nie
13456_zbledami_L2A_class,multi-layer perceptron,PCA,81.7001,87.1311,5.4309,74,120,0.0012,0.1111,102,nie
13456_zbledami_L2A_class,support vector machine,MAD,91.8536,93.6246,1.7710,12,27,0.0250,1.0000,102,nie
13456_zbledami_L2A_class,support vector machine,IQR,91.8536,93.8607,2.0071,11,28,0.0104,0.8533,102,nie
13456_zbledami_L2A_class,support vector machine,SAM,91.8536,91.8536,0.0000,3,3,1.0000,1.0000,102,nie
13456_zbledami_L2A_class,support vector machine,PCA_Reconstruction,91.8536,91.6175,-0.2361,6,4,0.7539,1.0000,102,nie
13456_zbledami_L2A_class,support vector machine,Mahalanobis,91.8536,91.2633,-0.5903,13,8,0.3833,1.0000,102,nie
13456_zbledami_L2A_class,support vector machine,EllipticEnvelope,91.8536,91.8536,0.0000,5,5,1.0000,1.0000,102,nie
13456_zbledami_L2A_class,support vector machine,Band_Z-score,91.8536,92.6800,0.8264,10,17,0.2482,1.0000,102,nie
13456_zbledami_L2A_class,support vector machine,OneClassSVM,91.8536,91.3813,-0.4723,8,4,0.3877,1.0000,102,nie
13456_zbledami_L2A_class,support vector machine,GMM,91.8536,91.3813,-0.4723,8,4,0.3877,1.0000,102,nie
13456_zbledami_L2A_class,support vector machine,PCA,91.8536,92.4439,0.5903,20,25,0.5510,1.0000,102,nie
13456_zbledami_L2A_class,support vector machine,Percentile,91.8536,90.9091,-0.9445,11,3,0.0574,1.0000,102,nie
13456_zbledami_L2A_class,support vector machine,Erosion,91.8536,91.7355,-0.1181,13,12,1.0000,1.0000,102,nie
13456_zbledami_L2A_class,support vector machine,IsolationForest,91.8536,91.4994,-0.3542,7,4,0.5488,1.0000,102,nie
13456_zbledami_L2A_class,support vector machine,HotellingT2,91.8536,91.4994,-0.3542,11,8,0.6476,1.0000,102,nie
13456_zbledami_L2A_class,support vector machine,LOF,91.8536,91.4994,-0.3542,7,4,0.5488,1.0000,102,nie
13456_zbledami_L2A_class,support vector machine,kNN,91.8536,91.3813,-0.4723,8,4,0.3877,1.0000,102,nie
13456_zbledami_L2A_class,support vector machine,Robust_Mahalanobis,91.8536,89.8465,-2.0071,38,21,0.0372,1.0000,102,nie
13456_zbledami_L2A_class,spectral angle mapping,PCA_Reconstruction,86.5407,86.4227,-0.1181,7,6,1.0000,1.0000,102,nie
13456_zbledami_L2A_class,spectral angle mapping,SAM,86.5407,87.0130,0.4723,3,7,0.3438,1.0000,102,nie
13456_zbledami_L2A_class,spectral angle mapping,EllipticEnvelope,86.5407,86.7769,0.2361,6,8,0.7905,1.0000,102,nie
13456_zbledami_L2A_class,spectral angle mapping,Band_Z-score,86.5407,87.9575,1.4168,6,18,0.0227,1.0000,102,nie
13456_zbledami_L2A_class,spectral angle mapping,Mahalanobis,86.5407,87.1311,0.5903,13,18,0.4725,1.0000,102,nie
13456_zbledami_L2A_class,spectral angle mapping,MAD,86.5407,87.7214,1.1806,10,20,0.1003,1.0000,102,nie
13456_zbledami_L2A_class,spectral angle mapping,IQR,86.5407,88.3117,1.7710,11,26,0.0214,1.0000,102,nie
13456_zbledami_L2A_class,spectral angle mapping,IsolationForest,86.5407,86.7769,0.2361,5,7,0.7744,1.0000,102,nie
13456_zbledami_L2A_class,spectral angle mapping,Erosion,86.5407,87.0130,0.4723,9,13,0.5235,1.0000,102,nie
13456_zbledami_L2A_class,spectral angle mapping,Robust_Mahalanobis,86.5407,85.3601,-1.1806,38,28,0.2679,1.0000,102,nie
13456_zbledami_L2A_class,spectral angle mapping,HotellingT2,86.5407,87.4852,0.9445,11,19,0.2012,1.0000,102,nie
13456_zbledami_L2A_class,spectral angle mapping,kNN,86.5407,86.4227,-0.1181,7,6,1.0000,1.0000,102,nie
13456_zbledami_L2A_class,spectral angle mapping,LOF,86.5407,85.7143,-0.8264,7,0,0.0156,1.0000,102,nie
13456_zbledami_L2A_class,spectral angle mapping,PCA,86.5407,88.3117,1.7710,18,33,0.0499,1.0000,102,nie
13456_zbledami_L2A_class,spectral angle mapping,GMM,86.5407,86.5407,0.0000,5,5,1.0000,1.0000,102,nie
13456_zbledami_L2A_class,spectral angle mapping,OneClassSVM,86.5407,86.6588,0.1181,5,6,1.0000,1.0000,102,nie
13456_zbledami_L2A_class,spectral angle mapping,Percentile,86.5407,87.6033,1.0626,11,20,0.1508,1.0000,102,nie
13456_zbledami_L2A_class,minimum distance,GMM,86.6588,86.4227,-0.2361,3,1,0.6250,1.0000,102,nie
13456_zbledami_L2A_class,minimum distance,OneClassSVM,86.6588,86.6588,0.0000,2,2,1.0000,1.0000,102,nie
13456_zbledami_L2A_class,minimum distance,Erosion,86.6588,86.7769,0.1181,10,11,1.0000,1.0000,102,nie
13456_zbledami_L2A_class,minimum distance,PCA,86.6588,86.1865,-0.4723,24,20,0.6511,1.0000,102,nie
13456_zbledami_L2A_class,minimum distance,Percentile,86.6588,86.6588,0.0000,3,3,1.0000,1.0000,102,nie
13456_zbledami_L2A_class,minimum distance,IsolationForest,86.6588,86.7769,0.1181,2,3,1.0000,1.0000,102,nie
13456_zbledami_L2A_class,minimum distance,LOF,86.6588,86.0685,-0.5903,5,0,0.0625,1.0000,102,nie
13456_zbledami_L2A_class,minimum distance,Mahalanobis,86.6588,87.1311,0.4723,4,8,0.3877,1.0000,102,nie
13456_zbledami_L2A_class,minimum distance,EllipticEnvelope,86.6588,86.5407,-0.1181,3,2,1.0000,1.0000,102,nie
13456_zbledami_L2A_class,minimum distance,PCA_Reconstruction,86.6588,86.3046,-0.3542,3,0,0.2500,1.0000,102,nie
13456_zbledami_L2A_class,minimum distance,IQR,86.6588,87.3672,0.7084,5,11,0.2101,1.0000,102,nie
13456_zbledami_L2A_class,minimum distance,Robust_Mahalanobis,86.6588,84.5336,-2.1251,36,18,0.0207,1.0000,102,nie
13456_zbledami_L2A_class,minimum distance,HotellingT2,86.6588,87.2491,0.5903,4,9,0.2668,1.0000,102,nie
13456_zbledami_L2A_class,minimum distance,kNN,86.6588,86.7769,0.1181,2,3,1.0000,1.0000,102,nie
13456_zbledami_L2A_class,minimum distance,Band_Z-score,86.6588,87.6033,0.9445,1,9,0.0215,1.0000,102,nie
13456_zbledami_L2A_class,minimum distance,MAD,86.6588,87.1311,0.4723,4,8,0.3877,1.0000,102,nie
13456_zbledami_L2A_class,minimum distance,SAM,86.6588,86.6588,0.0000,2,2,1.0000,1.0000,102,nie
13456_zbledami_L2A_roi,maximum likelihood,GMM,79.4569,79.6930,0.2361,5,7,0.7744,1.0000,102,nie
13456_zbledami_L2A_roi,maximum likelihood,Mahalanobis,79.4569,76.7414,-2.7155,41,18,0.0042,0.3679,102,nie
13456_zbledami_L2A_roi,maximum likelihood,IsolationForest,79.4569,79.5750,0.1181,9,10,1.0000,1.0000,102,nie
13456_zbledami_L2A_roi,maximum likelihood,PCA_Reconstruction,79.4569,78.9847,-0.4723,10,6,0.4545,1.0000,102,nie
13456_zbledami_L2A_roi,maximum likelihood,Robust_Mahalanobis,79.4569,72.8453,-6.6116,101,45,0.0000,0.0005,102,TAK
13456_zbledami_L2A_roi,maximum likelihood,SAM,79.4569,79.1027,-0.3542,12,9,0.6636,1.0000,102,nie
13456_zbledami_L2A_roi,maximum likelihood,HotellingT2,79.4569,76.1511,-3.3058,41,13,0.0002,0.0224,102,TAK
13456_zbledami_L2A_roi,maximum likelihood,MAD,79.4569,70.2479,-9.2090,103,25,0.0000,0.0000,102,TAK
13456_zbledami_L2A_roi,maximum likelihood,IQR,79.4569,69.6576,-9.7993,97,14,0.0000,0.0000,102,TAK
13456_zbledami_L2A_roi,maximum likelihood,EllipticEnvelope,79.4569,78.7485,-0.7084,12,6,0.2379,1.0000,102,nie
13456_zbledami_L2A_roi,maximum likelihood,OneClassSVM,79.4569,79.9292,0.4723,14,18,0.5959,1.0000,102,nie
13456_zbledami_L2A_roi,maximum likelihood,LOF,79.4569,78.9847,-0.4723,10,6,0.4545,1.0000,102,nie
13456_zbledami_L2A_roi,maximum likelihood,Erosion,79.4569,80.6375,1.1806,26,36,0.2530,1.0000,102,nie
13456_zbledami_L2A_roi,maximum likelihood,kNN,79.4569,78.8666,-0.5903,11,6,0.3323,1.0000,102,nie
13456_zbledami_L2A_roi,maximum likelihood,PCA,79.4569,66.2338,-13.2231,134,22,0.0000,0.0000,102,TAK
13456_zbledami_L2A_roi,maximum likelihood,Percentile,79.4569,78.5124,-0.9445,23,15,0.2561,1.0000,102,nie
13456_zbledami_L2A_roi,maximum likelihood,Band_Z-score,79.4569,77.5679,-1.8890,30,14,0.0237,1.0000,102,nie
13456_zbledami_L2A_roi,random forest,GMM,86.3046,86.7769,0.4723,15,19,0.6069,1.0000,102,nie
13456_zbledami_L2A_roi,random forest,Robust_Mahalanobis,86.3046,84.8878,-1.4168,39,27,0.1757,1.0000,102,nie
13456_zbledami_L2A_roi,random forest,Mahalanobis,86.3046,86.1865,-0.1181,24,23,1.0000,1.0000,102,nie
13456_zbledami_L2A_roi,random forest,OneClassSVM,86.3046,87.4852,1.1806,16,26,0.1649,1.0000,102,nie
13456_zbledami_L2A_roi,random forest,PCA,86.3046,83.1169,-3.1877,52,25,0.0030,0.2712,102,nie
13456_zbledami_L2A_roi,random forest,SAM,86.3046,86.6588,0.3542,21,24,0.7656,1.0000,102,nie
13456_zbledami_L2A_roi,random forest,EllipticEnvelope,86.3046,87.4852,1.1806,11,21,0.1116,1.0000,102,nie
13456_zbledami_L2A_roi,random forest,kNN,86.3046,86.1865,-0.1181,21,20,1.0000,1.0000,102,nie
13456_zbledami_L2A_roi,random forest,LOF,86.3046,87.3672,1.0626,14,23,0.1884,1.0000,102,nie
13456_zbledami_L2A_roi,random forest,Percentile,86.3046,86.8949,0.5903,21,26,0.5596,1.0000,102,nie
13456_zbledami_L2A_roi,random forest,IQR,86.3046,84.7698,-1.5348,34,21,0.1056,1.0000,102,nie
13456_zbledami_L2A_roi,random forest,Erosion,86.3046,84.2975,-2.0071,46,29,0.0647,1.0000,102,nie
13456_zbledami_L2A_roi,random forest,PCA_Reconstruction,86.3046,86.6588,0.3542,17,20,0.7423,1.0000,102,nie
13456_zbledami_L2A_roi,random forest,Band_Z-score,86.3046,86.3046,0.0000,25,25,0.8875,1.0000,102,nie
13456_zbledami_L2A_roi,random forest,IsolationForest,86.3046,86.5407,0.2361,20,22,0.8774,1.0000,102,nie
13456_zbledami_L2A_roi,random forest,MAD,86.3046,83.8253,-2.4793,46,25,0.0176,1.0000,102,nie
13456_zbledami_L2A_roi,random forest,HotellingT2,86.3046,86.4227,0.1181,23,24,1.0000,1.0000,102,nie
13456_zbledami_L2A_roi,multi-layer perceptron,Mahalanobis,81.7001,86.4227,4.7226,22,62,0.0000,0.0020,102,TAK
13456_zbledami_L2A_roi,multi-layer perceptron,Band_Z-score,81.7001,82.9988,1.2987,33,44,0.2545,1.0000,102,nie
13456_zbledami_L2A_roi,multi-layer perceptron,EllipticEnvelope,81.7001,84.0614,2.3613,72,92,0.1379,1.0000,102,nie
13456_zbledami_L2A_roi,multi-layer perceptron,SAM,81.7001,74.9705,-6.7296,81,24,0.0000,0.0000,102,TAK
13456_zbledami_L2A_roi,multi-layer perceptron,PCA_Reconstruction,81.7001,83.4711,1.7710,55,70,0.2105,1.0000,102,nie
13456_zbledami_L2A_roi,multi-layer perceptron,IQR,81.7001,85.2420,3.5419,32,62,0.0028,0.2502,102,nie
13456_zbledami_L2A_roi,multi-layer perceptron,MAD,81.7001,88.3117,6.6116,48,104,0.0000,0.0008,102,TAK
13456_zbledami_L2A_roi,multi-layer perceptron,kNN,81.7001,85.0059,3.3058,34,62,0.0059,0.5096,102,nie
13456_zbledami_L2A_roi,multi-layer perceptron,LOF,81.7001,85.0059,3.3058,26,54,0.0025,0.2310,102,nie
13456_zbledami_L2A_roi,multi-layer perceptron,HotellingT2,81.7001,84.0614,2.3613,47,67,0.0752,1.0000,102,nie
13456_zbledami_L2A_roi,multi-layer perceptron,Robust_Mahalanobis,81.7001,84.2975,2.5974,49,71,0.0552,1.0000,102,nie
13456_zbledami_L2A_roi,multi-layer perceptron,Erosion,81.7001,79.2208,-2.4793,111,90,0.1583,1.0000,102,nie
13456_zbledami_L2A_roi,multi-layer perceptron,IsolationForest,81.7001,86.8949,5.1948,31,75,0.0000,0.0028,102,TAK
13456_zbledami_L2A_roi,multi-layer perceptron,Percentile,81.7001,85.1240,3.4238,24,53,0.0014,0.1305,102,nie
13456_zbledami_L2A_roi,multi-layer perceptron,OneClassSVM,81.7001,81.9362,0.2361,44,46,0.9161,1.0000,102,nie
13456_zbledami_L2A_roi,multi-layer perceptron,GMM,81.7001,83.2349,1.5348,60,73,0.2981,1.0000,102,nie
13456_zbledami_L2A_roi,multi-layer perceptron,PCA,81.7001,83.4711,1.7710,43,58,0.1636,1.0000,102,nie
13456_zbledami_L2A_roi,support vector machine,MAD,91.8536,90.2007,-1.6529,20,6,0.0108,0.9277,102,nie
13456_zbledami_L2A_roi,support vector machine,IQR,91.8536,90.5549,-1.2987,17,6,0.0347,1.0000,102,nie
13456_zbledami_L2A_roi,support vector machine,SAM,91.8536,91.3813,-0.4723,6,2,0.2891,1.0000,102,nie
13456_zbledami_L2A_roi,support vector machine,PCA_Reconstruction,91.8536,91.7355,-0.1181,5,4,1.0000,1.0000,102,nie
13456_zbledami_L2A_roi,support vector machine,Mahalanobis,91.8536,90.9091,-0.9445,12,4,0.0768,1.0000,102,nie
13456_zbledami_L2A_roi,support vector machine,EllipticEnvelope,91.8536,91.7355,-0.1181,5,4,1.0000,1.0000,102,nie
13456_zbledami_L2A_roi,support vector machine,Band_Z-score,91.8536,91.3813,-0.4723,8,4,0.3877,1.0000,102,nie
13456_zbledami_L2A_roi,support vector machine,OneClassSVM,91.8536,91.7355,-0.1181,5,4,1.0000,1.0000,102,nie
13456_zbledami_L2A_roi,support vector machine,GMM,91.8536,91.4994,-0.3542,5,2,0.4531,1.0000,102,nie
13456_zbledami_L2A_roi,support vector machine,PCA,91.8536,89.1381,-2.7155,30,7,0.0003,0.0277,102,TAK
13456_zbledami_L2A_roi,support vector machine,Percentile,91.8536,91.7355,-0.1181,5,4,1.0000,1.0000,102,nie
13456_zbledami_L2A_roi,support vector machine,Erosion,91.8536,91.7355,-0.1181,13,12,1.0000,1.0000,102,nie
13456_zbledami_L2A_roi,support vector machine,IsolationForest,91.8536,91.7355,-0.1181,5,4,1.0000,1.0000,102,nie
13456_zbledami_L2A_roi,support vector machine,HotellingT2,91.8536,91.0272,-0.8264,11,4,0.1185,1.0000,102,nie
13456_zbledami_L2A_roi,support vector machine,LOF,91.8536,91.8536,0.0000,4,4,1.0000,1.0000,102,nie
13456_zbledami_L2A_roi,support vector machine,kNN,91.8536,91.7355,-0.1181,5,4,1.0000,1.0000,102,nie
13456_zbledami_L2A_roi,support vector machine,Robust_Mahalanobis,91.8536,90.3188,-1.5348,23,10,0.0367,1.0000,102,nie
13456_zbledami_L2A_roi,spectral angle mapping,PCA_Reconstruction,86.5407,86.1865,-0.3542,6,3,0.5078,1.0000,102,nie
13456_zbledami_L2A_roi,spectral angle mapping,SAM,86.5407,86.3046,-0.2361,7,5,0.7744,1.0000,102,nie
13456_zbledami_L2A_roi,spectral angle mapping,EllipticEnvelope,86.5407,86.0685,-0.4723,9,5,0.4240,1.0000,102,nie
13456_zbledami_L2A_roi,spectral angle mapping,Band_Z-score,86.5407,87.0130,0.4723,7,11,0.4807,1.0000,102,nie
13456_zbledami_L2A_roi,spectral angle mapping,Mahalanobis,86.5407,87.3672,0.8264,9,16,0.2301,1.0000,102,nie
13456_zbledami_L2A_roi,spectral angle mapping,MAD,86.5407,87.6033,1.0626,18,27,0.2330,1.0000,102,nie
13456_zbledami_L2A_roi,spectral angle mapping,IQR,86.5407,87.3672,0.8264,19,26,0.3711,1.0000,102,nie
13456_zbledami_L2A_roi,spectral angle mapping,IsolationForest,86.5407,86.0685,-0.4723,9,5,0.4240,1.0000,102,nie
13456_zbledami_L2A_roi,spectral angle mapping,Erosion,86.5407,87.0130,0.4723,9,13,0.5235,1.0000,102,nie
13456_zbledami_L2A_roi,spectral angle mapping,Robust_Mahalanobis,86.5407,87.0130,0.4723,26,30,0.6885,1.0000,102,nie
13456_zbledami_L2A_roi,spectral angle mapping,HotellingT2,86.5407,87.2491,0.7084,9,15,0.3075,1.0000,102,nie
13456_zbledami_L2A_roi,spectral angle mapping,kNN,86.5407,86.3046,-0.2361,6,4,0.7539,1.0000,102,nie
13456_zbledami_L2A_roi,spectral angle mapping,LOF,86.5407,86.0685,-0.4723,8,4,0.3877,1.0000,102,nie
13456_zbledami_L2A_roi,spectral angle mapping,PCA,86.5407,87.1311,0.5903,28,33,0.6085,1.0000,102,nie
13456_zbledami_L2A_roi,spectral angle mapping,GMM,86.5407,86.0685,-0.4723,7,3,0.3438,1.0000,102,nie
13456_zbledami_L2A_roi,spectral angle mapping,OneClassSVM,86.5407,86.4227,-0.1181,6,5,1.0000,1.0000,102,nie
13456_zbledami_L2A_roi,spectral angle mapping,Percentile,86.5407,85.9504,-0.5903,10,5,0.3018,1.0000,102,nie
13456_zbledami_L2A_roi,minimum distance,GMM,86.6588,86.4227,-0.2361,3,1,0.6250,1.0000,102,nie
13456_zbledami_L2A_roi,minimum distance,OneClassSVM,86.6588,86.1865,-0.4723,4,0,0.1250,1.0000,102,nie
13456_zbledami_L2A_roi,minimum distance,Erosion,86.6588,86.7769,0.1181,10,11,1.0000,1.0000,102,nie
13456_zbledami_L2A_roi,minimum distance,PCA,86.6588,86.4227,-0.2361,24,22,0.8828,1.0000,102,nie
13456_zbledami_L2A_roi,minimum distance,Percentile,86.6588,86.5407,-0.1181,4,3,1.0000,1.0000,102,nie
13456_zbledami_L2A_roi,minimum distance,IsolationForest,86.6588,86.4227,-0.2361,2,0,0.5000,1.0000,102,nie
13456_zbledami_L2A_roi,minimum distance,LOF,86.6588,86.5407,-0.1181,2,1,1.0000,1.0000,102,nie
13456_zbledami_L2A_roi,minimum distance,Mahalanobis,86.6588,86.1865,-0.4723,12,8,0.5034,1.0000,102,nie
13456_zbledami_L2A_roi,minimum distance,EllipticEnvelope,86.6588,86.3046,-0.3542,3,0,0.2500,1.0000,102,nie
13456_zbledami_L2A_roi,minimum distance,PCA_Reconstruction,86.6588,86.3046,-0.3542,3,0,0.2500,1.0000,102,nie
13456_zbledami_L2A_roi,minimum distance,IQR,86.6588,85.4782,-1.1806,19,9,0.0890,1.0000,102,nie
13456_zbledami_L2A_roi,minimum distance,Robust_Mahalanobis,86.6588,85.4782,-1.1806,29,19,0.1939,1.0000,102,nie
13456_zbledami_L2A_roi,minimum distance,HotellingT2,86.6588,85.9504,-0.7084,13,7,0.2632,1.0000,102,nie
13456_zbledami_L2A_roi,minimum distance,kNN,86.6588,86.1865,-0.4723,4,0,0.1250,1.0000,102,nie
13456_zbledami_L2A_roi,minimum distance,Band_Z-score,86.6588,85.9504,-0.7084,9,3,0.1460,1.0000,102,nie
13456_zbledami_L2A_roi,minimum distance,MAD,86.6588,86.0685,-0.5903,19,14,0.4862,1.0000,102,nie
13456_zbledami_L2A_roi,minimum distance,SAM,86.6588,86.4227,-0.2361,2,0,0.5000,1.0000,102,nie
14567_poprawny_L1C_class,maximum likelihood,GMM,60.1864,59.7870,-0.3995,5,2,0.4531,1.0000,102,nie
14567_poprawny_L1C_class,maximum likelihood,Mahalanobis,60.1864,23.7017,-36.4847,275,1,0.0000,0.0000,102,TAK
14567_poprawny_L1C_class,maximum likelihood,IsolationForest,60.1864,60.4527,0.2663,8,10,0.8145,1.0000,102,nie
14567_poprawny_L1C_class,maximum likelihood,PCA_Reconstruction,60.1864,59.7870,-0.3995,6,3,0.5078,1.0000,102,nie
14567_poprawny_L1C_class,maximum likelihood,Robust_Mahalanobis,60.1864,65.2463,5.0599,21,59,0.0000,0.0032,102,TAK
14567_poprawny_L1C_class,maximum likelihood,SAM,60.1864,60.1864,0.0000,8,8,1.0000,1.0000,102,nie
14567_poprawny_L1C_class,maximum likelihood,HotellingT2,60.1864,60.7190,0.5326,14,18,0.5959,1.0000,102,nie
14567_poprawny_L1C_class,maximum likelihood,MAD,60.1864,50.1997,-9.9867,327,252,0.0021,0.1724,102,nie
14567_poprawny_L1C_class,maximum likelihood,IQR,60.1864,51.7976,-8.3888,70,7,0.0000,0.0000,102,TAK
14567_poprawny_L1C_class,maximum likelihood,EllipticEnvelope,60.1864,60.5859,0.3995,5,8,0.5811,1.0000,102,nie
14567_poprawny_L1C_class,maximum likelihood,OneClassSVM,60.1864,61.1185,0.9321,4,11,0.1185,1.0000,102,nie
14567_poprawny_L1C_class,maximum likelihood,LOF,60.1864,61.2517,1.0652,5,13,0.0963,1.0000,102,nie
14567_poprawny_L1C_class,maximum likelihood,Erosion,60.1864,23.7017,-36.4847,275,1,0.0000,0.0000,102,TAK
14567_poprawny_L1C_class,maximum likelihood,kNN,60.1864,60.3196,0.1332,5,6,1.0000,1.0000,102,nie
14567_poprawny_L1C_class,maximum likelihood,PCA,60.1864,70.0399,9.8535,6,80,0.0000,0.0000,102,TAK
14567_poprawny_L1C_class,maximum likelihood,Percentile,60.1864,61.6511,1.4647,3,14,0.0127,0.9544,102,nie
14567_poprawny_L1C_class,maximum likelihood,Band_Z-score,60.1864,60.0533,-0.1332,5,4,1.0000,1.0000,102,nie
14567_poprawny_L1C_class,random forest,GMM,50.0666,48.3356,-1.7310,14,1,0.0010,0.0830,102,nie
14567_poprawny_L1C_class,random forest,Robust_Mahalanobis,50.0666,80.2929,30.2264,74,301,0.0000,0.0000,102,TAK
14567_poprawny_L1C_class,random forest,Mahalanobis,50.0666,47.9361,-2.1305,18,2,0.0004,0.0350,102,TAK
14567_poprawny_L1C_class,random forest,OneClassSVM,50.0666,49.0013,-1.0652,14,6,0.1153,1.0000,102,nie
14567_poprawny_L1C_class,random forest,PCA,50.0666,50.5992,0.5326,68,72,0.7998,1.0000,102,nie
14567_poprawny_L1C_class,random forest,SAM,50.0666,48.3356,-1.7310,15,2,0.0023,0.1903,102,nie
14567_poprawny_L1C_class,random forest,EllipticEnvelope,50.0666,48.7350,-1.3316,12,2,0.0129,0.9575,102,nie
14567_poprawny_L1C_class,random forest,kNN,50.0666,48.8682,-1.1984,12,3,0.0352,1.0000,102,nie
14567_poprawny_L1C_class,random forest,LOF,50.0666,48.3356,-1.7310,15,2,0.0023,0.1903,102,nie
14567_poprawny_L1C_class,random forest,Percentile,50.0666,47.6698,-2.3968,19,1,0.0000,0.0036,102,TAK
14567_poprawny_L1C_class,random forest,IQR,50.0666,54.1944,4.1278,38,69,0.0037,0.2871,102,nie
14567_poprawny_L1C_class,random forest,Erosion,50.0666,46.7377,-3.3289,45,20,0.0029,0.2301,102,nie
14567_poprawny_L1C_class,random forest,PCA_Reconstruction,50.0666,49.1345,-0.9321,10,3,0.0923,1.0000,102,nie
14567_poprawny_L1C_class,random forest,Band_Z-score,50.0666,49.0013,-1.0652,11,3,0.0574,1.0000,102,nie
14567_poprawny_L1C_class,random forest,IsolationForest,50.0666,49.1345,-0.9321,11,4,0.1185,1.0000,102,nie
14567_poprawny_L1C_class,random forest,MAD,50.0666,53.1292,3.0626,21,44,0.0064,0.4831,102,nie
14567_poprawny_L1C_class,random forest,HotellingT2,50.0666,47.8029,-2.2636,18,1,0.0001,0.0067,102,TAK
14567_poprawny_L1C_class,multi-layer perceptron,Mahalanobis,82.0240,78.9614,-3.0626,35,12,0.0013,0.1105,102,nie
14567_poprawny_L1C_class,multi-layer perceptron,Band_Z-score,82.0240,82.9561,0.9321,4,11,0.1185,1.0000,102,nie
14567_poprawny_L1C_class,multi-layer perceptron,EllipticEnvelope,82.0240,80.1598,-1.8642,25,11,0.0303,1.0000,102,nie
14567_poprawny_L1C_class,multi-layer perceptron,SAM,82.0240,81.4913,-0.5326,9,5,0.4240,1.0000,102,nie
14567_poprawny_L1C_class,multi-layer perceptron,PCA_Reconstruction,82.0240,83.4887,1.4647,6,17,0.0347,1.0000,102,nie
14567_poprawny_L1C_class,multi-layer perceptron,IQR,82.0240,82.2903,0.2663,17,19,0.8676,1.0000,102,nie
14567_poprawny_L1C_class,multi-layer perceptron,MAD,82.0240,81.4913,-0.5326,22,18,0.6353,1.0000,102,nie
14567_poprawny_L1C_class,multi-layer perceptron,kNN,82.0240,80.4261,-1.5979,17,5,0.0169,1.0000,102,nie
14567_poprawny_L1C_class,multi-layer perceptron,LOF,82.0240,84.1545,2.1305,2,18,0.0004,0.0350,102,TAK
14567_poprawny_L1C_class,multi-layer perceptron,HotellingT2,82.0240,85.7523,3.7284,8,36,0.0000,0.0042,102,TAK
14567_poprawny_L1C_class,multi-layer perceptron,Robust_Mahalanobis,82.0240,91.8775,9.8535,20,94,0.0000,0.0000,102,TAK
14567_poprawny_L1C_class,multi-layer perceptron,Erosion,82.0240,85.0866,3.0626,17,40,0.0036,0.2784,102,nie
14567_poprawny_L1C_class,multi-layer perceptron,IsolationForest,82.0240,82.8229,0.7989,6,12,0.2379,1.0000,102,nie
14567_poprawny_L1C_class,multi-layer perceptron,Percentile,82.0240,80.4261,-1.5979,17,5,0.0169,1.0000,102,nie
14567_poprawny_L1C_class,multi-layer perceptron,OneClassSVM,82.0240,80.9587,-1.0652,13,5,0.0963,1.0000,102,nie
14567_poprawny_L1C_class,multi-layer perceptron,GMM,82.0240,81.7577,-0.2663,12,10,0.8318,1.0000,102,nie
14567_poprawny_L1C_class,multi-layer perceptron,PCA,82.0240,90.1465,8.1225,29,90,0.0000,0.0000,102,TAK
14567_poprawny_L1C_class,support vector machine,MAD,84.0213,84.9534,0.9321,6,13,0.1671,1.0000,102,nie
14567_poprawny_L1C_class,support vector machine,IQR,84.0213,84.6871,0.6658,8,13,0.3833,1.0000,102,nie
14567_poprawny_L1C_class,support vector machine,SAM,84.0213,85.3529,1.3316,2,12,0.0129,0.9575,102,nie
14567_poprawny_L1C_class,support vector machine,PCA_Reconstruction,84.0213,84.5539,0.5326,3,7,0.3438,1.0000,102,nie
14567_poprawny_L1C_class,support vector machine,Mahalanobis,84.0213,82.5566,-1.4647,16,5,0.0266,1.0000,102,nie
14567_poprawny_L1C_class,support vector machine,EllipticEnvelope,84.0213,84.6871,0.6658,4,9,0.2668,1.0000,102,nie
14567_poprawny_L1C_class,support vector machine,Band_Z-score,84.0213,84.2876,0.2663,3,5,0.7266,1.0000,102,nie
14567_poprawny_L1C_class,support vector machine,OneClassSVM,84.0213,84.2876,0.2663,4,6,0.7539,1.0000,102,nie
14567_poprawny_L1C_class,support vector machine,GMM,84.0213,83.8881,-0.1332,5,4,1.0000,1.0000,102,nie
14567_poprawny_L1C_class,support vector machine,PCA,84.0213,91.7443,7.7230,28,86,0.0000,0.0000,102,TAK
14567_poprawny_L1C_class,support vector machine,Percentile,84.0213,85.7523,1.7310,6,19,0.0164,1.0000,102,nie
14567_poprawny_L1C_class,support vector machine,Erosion,84.0213,83.0892,-0.9321,20,13,0.2963,1.0000,102,nie
14567_poprawny_L1C_class,support vector machine,IsolationForest,84.0213,85.0866,1.0652,4,12,0.0768,1.0000,102,nie
14567_poprawny_L1C_class,support vector machine,HotellingT2,84.0213,82.8229,-1.1984,16,7,0.0931,1.0000,102,nie
14567_poprawny_L1C_class,support vector machine,LOF,84.0213,84.5539,0.5326,4,8,0.3877,1.0000,102,nie
14567_poprawny_L1C_class,support vector machine,kNN,84.0213,84.2876,0.2663,3,5,0.7266,1.0000,102,nie
14567_poprawny_L1C_class,support vector machine,Robust_Mahalanobis,84.0213,85.7523,1.7310,45,58,0.2370,1.0000,102,nie
14567_poprawny_L1C_class,spectral angle mapping,PCA_Reconstruction,80.9587,81.0919,0.1332,3,4,1.0000,1.0000,102,nie
14567_poprawny_L1C_class,spectral angle mapping,SAM,80.9587,81.3582,0.3995,3,6,0.5078,1.0000,102,nie
14567_poprawny_L1C_class,spectral angle mapping,EllipticEnvelope,80.9587,81.0919,0.1332,3,4,1.0000,1.0000,102,nie
14567_poprawny_L1C_class,spectral angle mapping,Band_Z-score,80.9587,80.8256,-0.1332,2,1,1.0000,1.0000,102,nie
14567_poprawny_L1C_class,spectral angle mapping,Mahalanobis,80.9587,80.8256,-0.1332,5,4,1.0000,1.0000,102,nie
14567_poprawny_L1C_class,spectral angle mapping,MAD,80.9587,80.8256,-0.1332,3,2,1.0000,1.0000,102,nie
14567_poprawny_L1C_class,spectral angle mapping,IQR,80.9587,81.2250,0.2663,2,4,0.6875,1.0000,102,nie
14567_poprawny_L1C_class,spectral angle mapping,IsolationForest,80.9587,81.3582,0.3995,3,6,0.5078,1.0000,102,nie
14567_poprawny_L1C_class,spectral angle mapping,Erosion,80.9587,80.8256,-0.1332,6,5,1.0000,1.0000,102,nie
14567_poprawny_L1C_class,spectral angle mapping,Robust_Mahalanobis,80.9587,85.6192,4.6605,13,48,0.0000,0.0012,102,TAK
14567_poprawny_L1C_class,spectral angle mapping,HotellingT2,80.9587,81.3582,0.3995,3,6,0.5078,1.0000,102,nie
14567_poprawny_L1C_class,spectral angle mapping,kNN,80.9587,80.8256,-0.1332,2,1,1.0000,1.0000,102,nie
14567_poprawny_L1C_class,spectral angle mapping,LOF,80.9587,81.0919,0.1332,3,4,1.0000,1.0000,102,nie
14567_poprawny_L1C_class,spectral angle mapping,PCA,80.9587,89.6138,8.6551,5,70,0.0000,0.0000,102,TAK
14567_poprawny_L1C_class,spectral angle mapping,GMM,80.9587,80.6924,-0.2663,3,1,0.6250,1.0000,102,nie
14567_poprawny_L1C_class,spectral angle mapping,OneClassSVM,80.9587,80.8256,-0.1332,3,2,1.0000,1.0000,102,nie
14567_poprawny_L1C_class,spectral angle mapping,Percentile,80.9587,81.8908,0.9321,1,8,0.0391,1.0000,102,nie
14567_poprawny_L1C_class,minimum distance,GMM,81.0919,81.0919,0.0000,0,0,1.0000,1.0000,102,nie
14567_poprawny_L1C_class,minimum distance,OneClassSVM,81.0919,81.0919,0.0000,0,0,1.0000,1.0000,102,nie
14567_poprawny_L1C_class,minimum distance,Erosion,81.0919,81.0919,0.0000,3,3,1.0000,1.0000,102,nie
14567_poprawny_L1C_class,minimum distance,PCA,81.0919,89.4807,8.3888,19,82,0.0000,0.0000,102,TAK
14567_poprawny_L1C_class,minimum distance,Percentile,81.0919,81.4913,0.3995,0,3,0.2500,1.0000,102,nie
14567_poprawny_L1C_class,minimum distance,IsolationForest,81.0919,81.2250,0.1332,0,1,1.0000,1.0000,102,nie
14567_poprawny_L1C_class,minimum distance,LOF,81.0919,81.0919,0.0000,0,0,1.0000,1.0000,102,nie
14567_poprawny_L1C_class,minimum distance,Mahalanobis,81.0919,81.3582,0.2663,0,2,0.5000,1.0000,102,nie
14567_poprawny_L1C_class,minimum distance,EllipticEnvelope,81.0919,81.0919,0.0000,0,0,1.0000,1.0000,102,nie
14567_poprawny_L1C_class,minimum distance,PCA_Reconstruction,81.0919,81.2250,0.1332,0,1,1.0000,1.0000,102,nie
14567_poprawny_L1C_class,minimum distance,IQR,81.0919,82.5566,1.4647,17,28,0.1360,1.0000,102,nie
14567_poprawny_L1C_class,minimum distance,Robust_Mahalanobis,81.0919,85.0866,3.9947,25,55,0.0012,0.0996,102,nie
14567_poprawny_L1C_class,minimum distance,HotellingT2,81.0919,81.2250,0.1332,1,2,1.0000,1.0000,102,nie
14567_poprawny_L1C_class,minimum distance,kNN,81.0919,81.0919,0.0000,0,0,1.0000,1.0000,102,nie
14567_poprawny_L1C_class,minimum distance,Band_Z-score,81.0919,81.0919,0.0000,0,0,1.0000,1.0000,102,nie
14567_poprawny_L1C_class,minimum distance,MAD,81.0919,81.6245,0.5326,16,20,0.6171,1.0000,102,nie
14567_poprawny_L1C_class,minimum distance,SAM,81.0919,81.2250,0.1332,0,1,1.0000,1.0000,102,nie
14567_poprawny_L1C_roi,maximum likelihood,GMM,60.1864,61.7843,1.5979,4,16,0.0118,0.8036,102,nie
14567_poprawny_L1C_roi,maximum likelihood,Mahalanobis,60.1864,64.3142,4.1278,4,35,0.0000,0.0002,102,TAK
14567_poprawny_L1C_roi,maximum likelihood,IsolationForest,60.1864,60.0533,-0.1332,4,3,1.0000,1.0000,102,nie
14567_poprawny_L1C_roi,maximum likelihood,PCA_Reconstruction,60.1864,59.7870,-0.3995,5,2,0.4531,1.0000,102,nie
14567_poprawny_L1C_roi,maximum likelihood,Robust_Mahalanobis,60.1864,61.5180,1.3316,80,90,0.4900,1.0000,102,nie
14567_poprawny_L1C_roi,maximum likelihood,SAM,60.1864,59.6538,-0.5326,8,4,0.3877,1.0000,102,nie
14567_poprawny_L1C_roi,maximum likelihood,HotellingT2,60.1864,64.8469,4.6605,3,38,0.0000,0.0000,102,TAK
14567_poprawny_L1C_roi,maximum likelihood,MAD,60.1864,23.7017,-36.4847,275,1,0.0000,0.0000,102,TAK
14567_poprawny_L1C_roi,maximum likelihood,IQR,60.1864,23.7017,-36.4847,275,1,0.0000,0.0000,102,TAK
14567_poprawny_L1C_roi,maximum likelihood,EllipticEnvelope,60.1864,59.3875,-0.7989,9,3,0.1460,1.0000,102,nie
14567_poprawny_L1C_roi,maximum likelihood,OneClassSVM,60.1864,61.9174,1.7310,4,17,0.0072,0.5038,102,nie
14567_poprawny_L1C_roi,maximum likelihood,LOF,60.1864,60.9854,0.7989,4,10,0.1796,1.0000,102,nie
14567_poprawny_L1C_roi,maximum likelihood,Erosion,60.1864,23.7017,-36.4847,275,1,0.0000,0.0000,102,TAK
14567_poprawny_L1C_roi,maximum likelihood,kNN,60.1864,60.5859,0.3995,7,10,0.6291,1.0000,102,nie
14567_poprawny_L1C_roi,maximum likelihood,PCA,60.1864,3.8615,-56.3249,437,14,0.0000,0.0000,102,TAK
14567_poprawny_L1C_roi,maximum likelihood,Percentile,60.1864,63.1158,2.9294,4,26,0.0001,0.0112,102,TAK
14567_poprawny_L1C_roi,maximum likelihood,Band_Z-score,60.1864,63.6485,3.4621,5,31,0.0000,0.0029,102,TAK
14567_poprawny_L1C_roi,random forest,GMM,50.8655,48.2024,-2.6631,23,3,0.0002,0.0171,102,TAK
14567_poprawny_L1C_roi,random forest,Robust_Mahalanobis,50.8655,48.0692,-2.7963,27,6,0.0005,0.0389,102,TAK
14567_poprawny_L1C_roi,random forest,Mahalanobis,50.8655,47.9361,-2.9294,25,3,0.0001,0.0066,102,TAK
14567_poprawny_L1C_roi,random forest,OneClassSVM,50.8655,48.3356,-2.5300,26,7,0.0017,0.1279,102,nie
14567_poprawny_L1C_roi,random forest,PCA,50.8655,47.8029,-3.0626,29,6,0.0002,0.0174,102,TAK
14567_poprawny_L1C_roi,random forest,SAM,50.8655,47.9361,-2.9294,25,3,0.0001,0.0066,102,TAK
14567_poprawny_L1C_roi,random forest,EllipticEnvelope,50.8655,48.6019,-2.2636,22,5,0.0021,0.1515,102,nie
14567_poprawny_L1C_roi,random forest,kNN,50.8655,48.0692,-2.7963,27,6,0.0005,0.0389,102,TAK
14567_poprawny_L1C_roi,random forest,LOF,50.8655,48.2024,-2.6631,24,4,0.0003,0.0270,102,TAK
14567_poprawny_L1C_roi,random forest,Percentile,50.8655,48.0692,-2.7963,25,4,0.0002,0.0176,102,TAK
14567_poprawny_L1C_roi,random forest,IQR,50.8655,52.9960,2.1305,22,38,0.0528,1.0000,102,nie
14567_poprawny_L1C_roi,random forest,Erosion,50.8655,47.6698,-3.1957,44,20,0.0040,0.2869,102,nie
14567_poprawny_L1C_roi,random forest,PCA_Reconstruction,50.8655,48.3356,-2.5300,22,3,0.0003,0.0264,102,TAK
14567_poprawny_L1C_roi,random forest,Band_Z-score,50.8655,48.2024,-2.6631,25,5,0.0005,0.0397,102,TAK
14567_poprawny_L1C_roi,random forest,IsolationForest,50.8655,48.4687,-2.3968,22,4,0.0009,0.0642,102,nie
14567_poprawny_L1C_roi,random forest,MAD,50.8655,49.4008,-1.4647,27,16,0.1273,1.0000,102,nie
14567_poprawny_L1C_roi,random forest,HotellingT2,50.8655,49.1345,-1.7310,21,8,0.0259,1.0000,102,nie
14567_poprawny_L1C_roi,multi-layer perceptron,Mahalanobis,83.8881,80.8256,-3.0626,31,8,0.0004,0.0346,102,TAK
14567_poprawny_L1C_roi,multi-layer perceptron,Band_Z-score,83.8881,82.0240,-1.8642,25,11,0.0303,1.0000,102,nie
14567_poprawny_L1C_roi,multi-layer perceptron,EllipticEnvelope,83.8881,83.7550,-0.1332,17,16,1.0000,1.0000,102,nie
14567_poprawny_L1C_roi,multi-layer perceptron,SAM,83.8881,83.8881,0.0000,10,10,1.0000,1.0000,102,nie
14567_poprawny_L1C_roi,multi-layer perceptron,PCA_Reconstruction,83.8881,80.5593,-3.3289,34,9,0.0003,0.0214,102,TAK
14567_poprawny_L1C_roi,multi-layer perceptron,IQR,83.8881,80.6924,-3.1957,40,16,0.0021,0.1523,102,nie
14567_poprawny_L1C_roi,multi-layer perceptron,MAD,83.8881,81.2250,-2.6631,38,18,0.0111,0.7671,102,nie
14567_poprawny_L1C_roi,multi-layer perceptron,kNN,83.8881,79.3609,-4.5273,42,8,0.0000,0.0003,102,TAK
14567_poprawny_L1C_roi,multi-layer perceptron,LOF,83.8881,80.0266,-3.8615,38,9,0.0000,0.0041,102,TAK
14567_poprawny_L1C_roi,multi-layer perceptron,HotellingT2,83.8881,80.5593,-3.3289,36,11,0.0005,0.0367,102,TAK
14567_poprawny_L1C_roi,multi-layer perceptron,Robust_Mahalanobis,83.8881,83.6218,-0.2663,17,15,0.8597,1.0000,102,nie
14567_poprawny_L1C_roi,multi-layer perceptron,Erosion,83.8881,84.8202,0.9321,19,26,0.3711,1.0000,102,nie
14567_poprawny_L1C_roi,multi-layer perceptron,IsolationForest,83.8881,79.4940,-4.3941,41,8,0.0000,0.0005,102,TAK
14567_poprawny_L1C_roi,multi-layer perceptron,Percentile,83.8881,79.7603,-4.1278,44,13,0.0001,0.0065,102,TAK
14567_poprawny_L1C_roi,multi-layer perceptron,OneClassSVM,83.8881,81.4913,-2.3968,34,16,0.0162,1.0000,102,nie
14567_poprawny_L1C_roi,multi-layer perceptron,GMM,83.8881,80.8256,-3.0626,30,7,0.0003,0.0251,102,TAK
14567_poprawny_L1C_roi,multi-layer perceptron,PCA,83.8881,80.2929,-3.5952,41,14,0.0005,0.0364,102,TAK
14567_poprawny_L1C_roi,support vector machine,MAD,84.0213,84.2876,0.2663,7,9,0.8036,1.0000,102,nie
14567_poprawny_L1C_roi,support vector machine,IQR,84.0213,84.5539,0.5326,8,12,0.5034,1.0000,102,nie
14567_poprawny_L1C_roi,support vector machine,SAM,84.0213,84.2876,0.2663,4,6,0.7539,1.0000,102,nie
14567_poprawny_L1C_roi,support vector machine,PCA_Reconstruction,84.0213,84.2876,0.2663,3,5,0.7266,1.0000,102,nie
14567_poprawny_L1C_roi,support vector machine,Mahalanobis,84.0213,84.5539,0.5326,3,7,0.3438,1.0000,102,nie
14567_poprawny_L1C_roi,support vector machine,EllipticEnvelope,84.0213,84.0213,0.0000,3,3,1.0000,1.0000,102,nie
14567_poprawny_L1C_roi,support vector machine,Band_Z-score,84.0213,84.2876,0.2663,5,7,0.7744,1.0000,102,nie
14567_poprawny_L1C_roi,support vector machine,OneClassSVM,84.0213,83.4887,-0.5326,8,4,0.3877,1.0000,102,nie
14567_poprawny_L1C_roi,support vector machine,GMM,84.0213,84.2876,0.2663,3,5,0.7266,1.0000,102,nie
14567_poprawny_L1C_roi,support vector machine,PCA,84.0213,84.8202,0.7989,8,14,0.2863,1.0000,102,nie
14567_poprawny_L1C_roi,support vector machine,Percentile,84.0213,84.0213,0.0000,7,7,1.0000,1.0000,102,nie
14567_poprawny_L1C_roi,support vector machine,Erosion,84.0213,83.0892,-0.9321,20,13,0.2963,1.0000,102,nie
14567_poprawny_L1C_roi,support vector machine,IsolationForest,84.0213,84.2876,0.2663,3,5,0.7266,1.0000,102,nie
14567_poprawny_L1C_roi,support vector machine,HotellingT2,84.0213,84.5539,0.5326,3,7,0.3438,1.0000,102,nie
14567_poprawny_L1C_roi,support vector machine,LOF,84.0213,84.4208,0.3995,3,6,0.5078,1.0000,102,nie
14567_poprawny_L1C_roi,support vector machine,kNN,84.0213,84.4208,0.3995,3,6,0.5078,1.0000,102,nie
14567_poprawny_L1C_roi,support vector machine,Robust_Mahalanobis,84.0213,85.2197,1.1984,11,20,0.1508,1.0000,102,nie
14567_poprawny_L1C_roi,spectral angle mapping,PCA_Reconstruction,80.9587,80.6924,-0.2663,3,1,0.6250,1.0000,102,nie
14567_poprawny_L1C_roi,spectral angle mapping,SAM,80.9587,80.6924,-0.2663,3,1,0.6250,1.0000,102,nie
14567_poprawny_L1C_roi,spectral angle mapping,EllipticEnvelope,80.9587,80.6924,-0.2663,3,1,0.6250,1.0000,102,nie
14567_poprawny_L1C_roi,spectral angle mapping,Band_Z-score,80.9587,80.9587,0.0000,3,3,1.0000,1.0000,102,nie
14567_poprawny_L1C_roi,spectral angle mapping,Mahalanobis,80.9587,80.8256,-0.1332,3,2,1.0000,1.0000,102,nie
14567_poprawny_L1C_roi,spectral angle mapping,MAD,80.9587,81.6245,0.6658,3,8,0.2266,1.0000,102,nie
14567_poprawny_L1C_roi,spectral angle mapping,IQR,80.9587,81.6245,0.6658,5,10,0.3018,1.0000,102,nie
14567_poprawny_L1C_roi,spectral angle mapping,IsolationForest,80.9587,80.6924,-0.2663,3,1,0.6250,1.0000,102,nie
14567_poprawny_L1C_roi,spectral angle mapping,Erosion,80.9587,80.8256,-0.1332,6,5,1.0000,1.0000,102,nie
14567_poprawny_L1C_roi,spectral angle mapping,Robust_Mahalanobis,80.9587,82.0240,1.0652,5,13,0.0963,1.0000,102,nie
14567_poprawny_L1C_roi,spectral angle mapping,HotellingT2,80.9587,81.0919,0.1332,3,4,1.0000,1.0000,102,nie
14567_poprawny_L1C_roi,spectral angle mapping,kNN,80.9587,80.6924,-0.2663,3,1,0.6250,1.0000,102,nie
14567_poprawny_L1C_roi,spectral angle mapping,LOF,80.9587,80.6924,-0.2663,3,1,0.6250,1.0000,102,nie
14567_poprawny_L1C_roi,spectral angle mapping,PCA,80.9587,81.4913,0.5326,6,10,0.4545,1.0000,102,nie
14567_poprawny_L1C_roi,spectral angle mapping,GMM,80.9587,80.6924,-0.2663,3,1,0.6250,1.0000,102,nie
14567_poprawny_L1C_roi,spectral angle mapping,OneClassSVM,80.9587,80.6924,-0.2663,3,1,0.6250,1.0000,102,nie
14567_poprawny_L1C_roi,spectral angle mapping,Percentile,80.9587,81.0919,0.1332,3,4,1.0000,1.0000,102,nie
14567_poprawny_L1C_roi,minimum distance,GMM,81.0919,81.0919,0.0000,0,0,1.0000,1.0000,102,nie
14567_poprawny_L1C_roi,minimum distance,OneClassSVM,81.0919,81.2250,0.1332,0,1,1.0000,1.0000,102,nie
14567_poprawny_L1C_roi,minimum distance,Erosion,81.0919,81.0919,0.0000,3,3,1.0000,1.0000,102,nie
14567_poprawny_L1C_roi,minimum distance,PCA,81.0919,81.2250,0.1332,1,2,1.0000,1.0000,102,nie
14567_poprawny_L1C_roi,minimum distance,Percentile,81.0919,81.0919,0.0000,0,0,1.0000,1.0000,102,nie
14567_poprawny_L1C_roi,minimum distance,IsolationForest,81.0919,81.0919,0.0000,0,0,1.0000,1.0000,102,nie
14567_poprawny_L1C_roi,minimum distance,LOF,81.0919,80.9587,-0.1332,1,0,1.0000,1.0000,102,nie
14567_poprawny_L1C_roi,minimum distance,Mahalanobis,81.0919,81.0919,0.0000,0,0,1.0000,1.0000,102,nie
14567_poprawny_L1C_roi,minimum distance,EllipticEnvelope,81.0919,80.9587,-0.1332,1,0,1.0000,1.0000,102,nie
14567_poprawny_L1C_roi,minimum distance,PCA_Reconstruction,81.0919,80.9587,-0.1332,1,0,1.0000,1.0000,102,nie
14567_poprawny_L1C_roi,minimum distance,IQR,81.0919,81.3582,0.2663,0,2,0.5000,1.0000,102,nie
14567_poprawny_L1C_roi,minimum distance,Robust_Mahalanobis,81.0919,81.3582,0.2663,2,4,0.6875,1.0000,102,nie
14567_poprawny_L1C_roi,minimum distance,HotellingT2,81.0919,81.0919,0.0000,0,0,1.0000,1.0000,102,nie
14567_poprawny_L1C_roi,minimum distance,kNN,81.0919,81.0919,0.0000,0,0,1.0000,1.0000,102,nie
14567_poprawny_L1C_roi,minimum distance,Band_Z-score,81.0919,81.0919,0.0000,0,0,1.0000,1.0000,102,nie
14567_poprawny_L1C_roi,minimum distance,MAD,81.0919,81.2250,0.1332,1,2,1.0000,1.0000,102,nie
14567_poprawny_L1C_roi,minimum distance,SAM,81.0919,81.0919,0.0000,0,0,1.0000,1.0000,102,nie
14567_poprawny_L2A_class,maximum likelihood,GMM,63.2490,62.9827,-0.2663,5,3,0.7266,1.0000,102,nie
14567_poprawny_L2A_class,maximum likelihood,Mahalanobis,63.2490,63.1158,-0.1332,10,9,1.0000,1.0000,102,nie
14567_poprawny_L2A_class,maximum likelihood,IsolationForest,63.2490,65.2463,1.9973,2,17,0.0007,0.0568,102,nie
14567_poprawny_L2A_class,maximum likelihood,PCA_Reconstruction,63.2490,62.8495,-0.3995,4,1,0.3750,1.0000,102,nie
14567_poprawny_L2A_class,maximum likelihood,Robust_Mahalanobis,63.2490,70.7057,7.4567,23,79,0.0000,0.0000,102,TAK
14567_poprawny_L2A_class,maximum likelihood,SAM,63.2490,64.8469,1.5979,3,15,0.0075,0.5126,102,nie
14567_poprawny_L2A_class,maximum likelihood,HotellingT2,63.2490,62.7164,-0.5326,13,9,0.5235,1.0000,102,nie
14567_poprawny_L2A_class,maximum likelihood,MAD,63.2490,62.8495,-0.3995,9,6,0.6072,1.0000,102,nie
14567_poprawny_L2A_class,maximum likelihood,IQR,63.2490,63.2490,0.0000,19,19,0.8711,1.0000,102,nie
14567_poprawny_L2A_class,maximum likelihood,EllipticEnvelope,63.2490,63.2490,0.0000,3,3,1.0000,1.0000,102,nie
14567_poprawny_L2A_class,maximum likelihood,OneClassSVM,63.2490,63.2490,0.0000,3,3,1.0000,1.0000,102,nie
14567_poprawny_L2A_class,maximum likelihood,LOF,63.2490,62.9827,-0.2663,5,3,0.7266,1.0000,102,nie
14567_poprawny_L2A_class,maximum likelihood,Erosion,63.2490,61.5180,-1.7310,24,11,0.0425,1.0000,102,nie
14567_poprawny_L2A_class,maximum likelihood,kNN,63.2490,62.8495,-0.3995,4,1,0.3750,1.0000,102,nie
14567_poprawny_L2A_class,maximum likelihood,PCA,63.2490,62.5832,-0.6658,9,4,0.2668,1.0000,102,nie
14567_poprawny_L2A_class,maximum likelihood,Percentile,63.2490,66.9774,3.7284,3,31,0.0000,0.0003,102,TAK
14567_poprawny_L2A_class,maximum likelihood,Band_Z-score,63.2490,63.1158,-0.1332,3,2,1.0000,1.0000,102,nie
14567_poprawny_L2A_class,random forest,GMM,66.4447,71.7710,5.3262,7,47,0.0000,0.0000,102,TAK
14567_poprawny_L2A_class,random forest,Robust_Mahalanobis,66.4447,79.3609,12.9161,47,144,0.0000,0.0000,102,TAK
14567_poprawny_L2A_class,random forest,Mahalanobis,66.4447,71.7710,5.3262,13,53,0.0000,0.0001,102,TAK
14567_poprawny_L2A_class,random forest,OneClassSVM,66.4447,72.8362,6.3915,2,50,0.0000,0.0000,102,TAK
14567_poprawny_L2A_class,random forest,PCA,66.4447,76.4314,9.9867,40,115,0.0000,0.0000,102,TAK
14567_poprawny_L2A_class,random forest,SAM,66.4447,67.1105,0.6658,6,11,0.3323,1.0000,102,nie
14567_poprawny_L2A_class,random forest,EllipticEnvelope,66.4447,67.3768,0.9321,6,13,0.1671,1.0000,102,nie
14567_poprawny_L2A_class,random forest,kNN,66.4447,70.5726,4.1278,8,39,0.0000,0.0011,102,TAK
14567_poprawny_L2A_class,random forest,LOF,66.4447,72.4368,5.9920,3,48,0.0000,0.0000,102,TAK
14567_poprawny_L2A_class,random forest,Percentile,66.4447,68.9747,2.5300,9,28,0.0031,0.2252,102,nie
14567_poprawny_L2A_class,random forest,IQR,66.4447,73.5020,7.0573,42,95,0.0000,0.0008,102,TAK
14567_poprawny_L2A_class,random forest,Erosion,66.4447,69.9068,3.4621,16,42,0.0010,0.0792,102,nie
14567_poprawny_L2A_class,random forest,PCA_Reconstruction,66.4447,68.3089,1.8642,2,16,0.0013,0.0984,102,nie
14567_poprawny_L2A_class,random forest,Band_Z-score,66.4447,68.4421,1.9973,1,16,0.0003,0.0220,102,TAK
14567_poprawny_L2A_class,random forest,IsolationForest,66.4447,69.2410,2.7963,2,23,0.0001,0.0053,102,TAK
14567_poprawny_L2A_class,random forest,MAD,66.4447,66.0453,-0.3995,14,11,0.6892,1.0000,102,nie
14567_poprawny_L2A_class,random forest,HotellingT2,66.4447,73.2357,6.7909,10,61,0.0000,0.0000,102,TAK
14567_poprawny_L2A_class,multi-layer perceptron,Mahalanobis,80.4261,78.0293,-2.3968,26,8,0.0036,0.2522,102,nie
14567_poprawny_L2A_class,multi-layer perceptron,Band_Z-score,80.4261,82.9561,2.5300,4,23,0.0005,0.0420,102,TAK
14567_poprawny_L2A_class,multi-layer perceptron,EllipticEnvelope,80.4261,78.9614,-1.4647,22,11,0.0817,1.0000,102,nie
14567_poprawny_L2A_class,multi-layer perceptron,SAM,80.4261,80.2929,-0.1332,34,33,1.0000,1.0000,102,nie
14567_poprawny_L2A_class,multi-layer perceptron,PCA_Reconstruction,80.4261,79.3609,-1.0652,18,10,0.1859,1.0000,102,nie
14567_poprawny_L2A_class,multi-layer perceptron,IQR,80.4261,75.2330,-5.1931,60,21,0.0000,0.0021,102,TAK
14567_poprawny_L2A_class,multi-layer perceptron,MAD,80.4261,75.3662,-5.0599,64,26,0.0001,0.0078,102,TAK
14567_poprawny_L2A_class,multi-layer perceptron,kNN,80.4261,80.0266,-0.3995,11,8,0.6476,1.0000,102,nie
14567_poprawny_L2A_class,multi-layer perceptron,LOF,80.4261,80.1598,-0.2663,13,11,0.8388,1.0000,102,nie
14567_poprawny_L2A_class,multi-layer perceptron,HotellingT2,80.4261,80.8256,0.3995,17,20,0.7423,1.0000,102,nie
14567_poprawny_L2A_class,multi-layer perceptron,Robust_Mahalanobis,80.4261,75.4993,-4.9268,92,55,0.0030,0.2209,102,nie
14567_poprawny_L2A_class,multi-layer perceptron,Erosion,80.4261,79.6272,-0.7989,27,21,0.4705,1.0000,102,nie
14567_poprawny_L2A_class,multi-layer perceptron,IsolationForest,80.4261,81.0919,0.6658,16,21,0.5108,1.0000,102,nie
14567_poprawny_L2A_class,multi-layer perceptron,Percentile,80.4261,82.4234,1.9973,15,30,0.0369,1.0000,102,nie
14567_poprawny_L2A_class,multi-layer perceptron,OneClassSVM,80.4261,73.5020,-6.9241,66,14,0.0000,0.0000,102,TAK
14567_poprawny_L2A_class,multi-layer perceptron,GMM,80.4261,80.5593,0.1332,9,10,1.0000,1.0000,102,nie
14567_poprawny_L2A_class,multi-layer perceptron,PCA,80.4261,74.1678,-6.2583,74,27,0.0000,0.0004,102,TAK
14567_poprawny_L2A_class,support vector machine,MAD,78.5619,79.8935,1.3316,5,15,0.0414,1.0000,102,nie
14567_poprawny_L2A_class,support vector machine,IQR,78.5619,82.0240,3.4621,4,30,0.0000,0.0016,102,TAK
14567_poprawny_L2A_class,support vector machine,SAM,78.5619,80.0266,1.4647,1,12,0.0034,0.2461,102,nie
14567_poprawny_L2A_class,support vector machine,PCA_Reconstruction,78.5619,78.9614,0.3995,2,5,0.4531,1.0000,102,nie
14567_poprawny_L2A_class,support vector machine,Mahalanobis,78.5619,78.8282,0.2663,7,9,0.8036,1.0000,102,nie
14567_poprawny_L2A_class,support vector machine,EllipticEnvelope,78.5619,79.3609,0.7989,1,7,0.0703,1.0000,102,nie
14567_poprawny_L2A_class,support vector machine,Band_Z-score,78.5619,79.2277,0.6658,2,7,0.1797,1.0000,102,nie
14567_poprawny_L2A_class,support vector machine,OneClassSVM,78.5619,78.9614,0.3995,3,6,0.5078,1.0000,102,nie
14567_poprawny_L2A_class,support vector machine,GMM,78.5619,79.2277,0.6658,1,6,0.1250,1.0000,102,nie
14567_poprawny_L2A_class,support vector machine,PCA,78.5619,81.4913,2.9294,19,41,0.0067,0.4694,102,nie
14567_poprawny_L2A_class,support vector machine,Percentile,78.5619,81.3582,2.7963,2,23,0.0001,0.0053,102,TAK
14567_poprawny_L2A_class,support vector machine,Erosion,78.5619,77.0972,-1.4647,18,7,0.0455,1.0000,102,nie
14567_poprawny_L2A_class,support vector machine,IsolationForest,78.5619,79.7603,1.1984,2,11,0.0225,1.0000,102,nie
14567_poprawny_L2A_class,support vector machine,HotellingT2,78.5619,79.0945,0.5326,7,11,0.4807,1.0000,102,nie
14567_poprawny_L2A_class,support vector machine,LOF,78.5619,78.5619,0.0000,4,4,1.0000,1.0000,102,nie
14567_poprawny_L2A_class,support vector machine,kNN,78.5619,79.0945,0.5326,2,6,0.2891,1.0000,102,nie
14567_poprawny_L2A_class,support vector machine,Robust_Mahalanobis,78.5619,85.2197,6.6578,35,85,0.0000,0.0007,102,TAK
14567_poprawny_L2A_class,spectral angle mapping,PCA_Reconstruction,77.0972,77.0972,0.0000,0,0,1.0000,1.0000,102,nie
14567_poprawny_L2A_class,spectral angle mapping,SAM,77.0972,77.7630,0.6658,0,5,0.0625,1.0000,102,nie
14567_poprawny_L2A_class,spectral angle mapping,EllipticEnvelope,77.0972,77.6298,0.5326,0,4,0.1250,1.0000,102,nie
14567_poprawny_L2A_class,spectral angle mapping,Band_Z-score,77.0972,77.7630,0.6658,2,7,0.1797,1.0000,102,nie
14567_poprawny_L2A_class,spectral angle mapping,Mahalanobis,77.0972,77.7630,0.6658,3,8,0.2266,1.0000,102,nie
14567_poprawny_L2A_class,spectral angle mapping,MAD,77.0972,77.6298,0.5326,4,8,0.3877,1.0000,102,nie
14567_poprawny_L2A_class,spectral angle mapping,IQR,77.0972,77.7630,0.6658,3,8,0.2266,1.0000,102,nie
14567_poprawny_L2A_class,spectral angle mapping,IsolationForest,77.0972,77.7630,0.6658,0,5,0.0625,1.0000,102,nie
14567_poprawny_L2A_class,spectral angle mapping,Erosion,77.0972,78.0293,0.9321,4,11,0.1185,1.0000,102,nie
14567_poprawny_L2A_class,spectral angle mapping,Robust_Mahalanobis,77.0972,82.1571,5.0599,17,55,0.0000,0.0011,102,TAK
14567_poprawny_L2A_class,spectral angle mapping,HotellingT2,77.0972,77.7630,0.6658,4,9,0.2668,1.0000,102,nie
14567_poprawny_L2A_class,spectral angle mapping,kNN,77.0972,77.2304,0.1332,0,1,1.0000,1.0000,102,nie
14567_poprawny_L2A_class,spectral angle mapping,LOF,77.0972,77.0972,0.0000,0,0,1.0000,1.0000,102,nie
14567_poprawny_L2A_class,spectral angle mapping,PCA,77.0972,79.7603,2.6631,7,27,0.0011,0.0851,102,nie
14567_poprawny_L2A_class,spectral angle mapping,GMM,77.0972,77.3635,0.2663,0,2,0.5000,1.0000,102,nie
14567_poprawny_L2A_class,spectral angle mapping,OneClassSVM,77.0972,77.2304,0.1332,0,1,1.0000,1.0000,102,nie
14567_poprawny_L2A_class,spectral angle mapping,Percentile,77.0972,77.3635,0.2663,1,3,0.6250,1.0000,102,nie
14567_poprawny_L2A_class,minimum distance,GMM,78.2956,78.2956,0.0000,0,0,1.0000,1.0000,102,nie
14567_poprawny_L2A_class,minimum distance,OneClassSVM,78.2956,78.2956,0.0000,0,0,1.0000,1.0000,102,nie
14567_poprawny_L2A_class,minimum distance,Erosion,78.2956,78.4288,0.1332,6,7,1.0000,1.0000,102,nie
14567_poprawny_L2A_class,minimum distance,PCA,78.2956,82.0240,3.7284,9,37,0.0001,0.0056,102,TAK
14567_poprawny_L2A_class,minimum distance,Percentile,78.2956,78.5619,0.2663,0,2,0.5000,1.0000,102,nie
14567_poprawny_L2A_class,minimum distance,IsolationForest,78.2956,78.4288,0.1332,0,1,1.0000,1.0000,102,nie
14567_poprawny_L2A_class,minimum distance,LOF,78.2956,78.4288,0.1332,0,1,1.0000,1.0000,102,nie
14567_poprawny_L2A_class,minimum distance,Mahalanobis,78.2956,78.2956,0.0000,1,1,1.0000,1.0000,102,nie
14567_poprawny_L2A_class,minimum distance,EllipticEnvelope,78.2956,78.0293,-0.2663,2,0,0.5000,1.0000,102,nie
14567_poprawny_L2A_class,minimum distance,PCA_Reconstruction,78.2956,78.2956,0.0000,0,0,1.0000,1.0000,102,nie
14567_poprawny_L2A_class,minimum distance,IQR,78.2956,79.3609,1.0652,16,24,0.2684,1.0000,102,nie
14567_poprawny_L2A_class,minimum distance,Robust_Mahalanobis,78.2956,85.6192,7.3236,28,83,0.0000,0.0000,102,TAK
14567_poprawny_L2A_class,minimum distance,HotellingT2,78.2956,78.2956,0.0000,2,2,1.0000,1.0000,102,nie
14567_poprawny_L2A_class,minimum distance,kNN,78.2956,78.2956,0.0000,0,0,1.0000,1.0000,102,nie
14567_poprawny_L2A_class,minimum distance,Band_Z-score,78.2956,78.4288,0.1332,0,1,1.0000,1.0000,102,nie
14567_poprawny_L2A_class,minimum distance,MAD,78.2956,76.8309,-1.4647,13,2,0.0074,0.5096,102,nie
14567_poprawny_L2A_class,minimum distance,SAM,78.2956,78.4288,0.1332,0,1,1.0000,1.0000,102,nie
14567_poprawny_L2A_roi,maximum likelihood,GMM,63.2490,62.8495,-0.3995,6,3,0.5078,1.0000,102,nie
14567_poprawny_L2A_roi,maximum likelihood,Mahalanobis,63.2490,64.3142,1.0652,7,15,0.1338,1.0000,102,nie
14567_poprawny_L2A_roi,maximum likelihood,IsolationForest,63.2490,63.3822,0.1332,2,3,1.0000,1.0000,102,nie
14567_poprawny_L2A_roi,maximum likelihood,PCA_Reconstruction,63.2490,63.1158,-0.1332,4,3,1.0000,1.0000,102,nie
14567_poprawny_L2A_roi,maximum likelihood,Robust_Mahalanobis,63.2490,66.8442,3.5952,22,49,0.0020,0.1584,102,nie
14567_poprawny_L2A_roi,maximum likelihood,SAM,63.2490,63.5153,0.2663,2,4,0.6875,1.0000,102,nie
14567_poprawny_L2A_roi,maximum likelihood,HotellingT2,63.2490,64.3142,1.0652,5,13,0.0963,1.0000,102,nie
14567_poprawny_L2A_roi,maximum likelihood,MAD,63.2490,62.7164,-0.5326,16,12,0.5708,1.0000,102,nie
14567_poprawny_L2A_roi,maximum likelihood,IQR,63.2490,65.5126,2.2636,11,28,0.0104,0.7596,102,nie
14567_poprawny_L2A_roi,maximum likelihood,EllipticEnvelope,63.2490,64.0479,0.7989,2,8,0.1094,1.0000,102,nie
14567_poprawny_L2A_roi,maximum likelihood,OneClassSVM,63.2490,62.8495,-0.3995,10,7,0.6291,1.0000,102,nie
14567_poprawny_L2A_roi,maximum likelihood,LOF,63.2490,62.8495,-0.3995,7,4,0.5488,1.0000,102,nie
14567_poprawny_L2A_roi,maximum likelihood,Erosion,63.2490,61.5180,-1.7310,24,11,0.0425,1.0000,102,nie
14567_poprawny_L2A_roi,maximum likelihood,kNN,63.2490,62.7164,-0.5326,8,4,0.3877,1.0000,102,nie
14567_poprawny_L2A_roi,maximum likelihood,PCA,63.2490,70.1731,6.9241,8,60,0.0000,0.0000,102,TAK
14567_poprawny_L2A_roi,maximum likelihood,Percentile,63.2490,64.3142,1.0652,5,13,0.0963,1.0000,102,nie
14567_poprawny_L2A_roi,maximum likelihood,Band_Z-score,63.2490,64.5806,1.3316,4,14,0.0309,1.0000,102,nie
14567_poprawny_L2A_roi,random forest,GMM,66.7111,70.4394,3.7284,4,32,0.0000,0.0006,102,TAK
14567_poprawny_L2A_roi,random forest,Robust_Mahalanobis,66.7111,70.4394,3.7284,39,67,0.0087,0.6460,102,nie
14567_poprawny_L2A_roi,random forest,Mahalanobis,66.7111,72.0373,5.3262,2,42,0.0000,0.0000,102,TAK
14567_poprawny_L2A_roi,random forest,OneClassSVM,66.7111,72.5699,5.8589,7,51,0.0000,0.0000,102,TAK
14567_poprawny_L2A_roi,random forest,PCA,66.7111,72.0373,5.3262,13,53,0.0000,0.0001,102,TAK
14567_poprawny_L2A_roi,random forest,SAM,66.7111,68.7084,1.9973,2,17,0.0007,0.0576,102,nie
14567_poprawny_L2A_roi,random forest,EllipticEnvelope,66.7111,68.1758,1.4647,8,19,0.0543,1.0000,102,nie
14567_poprawny_L2A_roi,random forest,kNN,66.7111,69.9068,3.1957,3,27,0.0000,0.0023,102,TAK
14567_poprawny_L2A_roi,random forest,LOF,66.7111,68.9747,2.2636,5,22,0.0021,0.1598,102,nie
14567_poprawny_L2A_roi,random forest,Percentile,66.7111,72.0373,5.3262,3,43,0.0000,0.0000,102,TAK
14567_poprawny_L2A_roi,random forest,IQR,66.7111,69.5073,2.7963,12,33,0.0029,0.2181,102,nie
14567_poprawny_L2A_roi,random forest,Erosion,66.7111,71.7710,5.0599,14,52,0.0000,0.0005,102,TAK
14567_poprawny_L2A_roi,random forest,PCA_Reconstruction,66.7111,68.1758,1.4647,7,18,0.0455,1.0000,102,nie
14567_poprawny_L2A_roi,random forest,Band_Z-score,66.7111,70.8389,4.1278,10,41,0.0000,0.0023,102,TAK
14567_poprawny_L2A_roi,random forest,IsolationForest,66.7111,70.9720,4.2610,7,39,0.0000,0.0004,102,TAK
14567_poprawny_L2A_roi,random forest,MAD,66.7111,65.5126,-1.1984,35,26,0.3057,1.0000,102,nie
14567_poprawny_L2A_roi,random forest,HotellingT2,66.7111,71.7710,5.0599,7,45,0.0000,0.0000,102,TAK
14567_poprawny_L2A_roi,multi-layer perceptron,Mahalanobis,74.1678,79.0945,4.9268,9,46,0.0000,0.0001,102,TAK
14567_poprawny_L2A_roi,multi-layer perceptron,Band_Z-score,74.1678,76.0320,1.8642,26,40,0.1096,1.0000,102,nie
14567_poprawny_L2A_roi,multi-layer perceptron,EllipticEnvelope,74.1678,79.8935,5.7257,15,58,0.0000,0.0001,102,TAK
14567_poprawny_L2A_roi,multi-layer perceptron,SAM,74.1678,78.6951,4.5273,17,51,0.0001,0.0052,102,TAK
14567_poprawny_L2A_roi,multi-layer perceptron,PCA_Reconstruction,74.1678,77.2304,3.0626,43,66,0.0351,1.0000,102,nie
14567_poprawny_L2A_roi,multi-layer perceptron,IQR,74.1678,78.8282,4.6605,16,51,0.0000,0.0027,102,TAK
14567_poprawny_L2A_roi,multi-layer perceptron,MAD,74.1678,77.7630,3.5952,26,53,0.0034,0.2582,102,nie
14567_poprawny_L2A_roi,multi-layer perceptron,kNN,74.1678,78.5619,4.3941,26,59,0.0005,0.0415,102,TAK
14567_poprawny_L2A_roi,multi-layer perceptron,LOF,74.1678,79.3609,5.1931,7,46,0.0000,0.0000,102,TAK
14567_poprawny_L2A_roi,multi-layer perceptron,HotellingT2,74.1678,79.7603,5.5925,5,47,0.0000,0.0000,102,TAK
14567_poprawny_L2A_roi,multi-layer perceptron,Robust_Mahalanobis,74.1678,75.3662,1.1984,21,30,0.2626,1.0000,102,nie
14567_poprawny_L2A_roi,multi-layer perceptron,Erosion,74.1678,77.2304,3.0626,30,53,0.0157,1.0000,102,nie
14567_poprawny_L2A_roi,multi-layer perceptron,IsolationForest,74.1678,78.6951,4.5273,14,48,0.0000,0.0024,102,TAK
14567_poprawny_L2A_roi,multi-layer perceptron,Percentile,74.1678,80.4261,6.2583,27,74,0.0000,0.0004,102,TAK
14567_poprawny_L2A_roi,multi-layer perceptron,OneClassSVM,74.1678,80.4261,6.2583,9,56,0.0000,0.0000,102,TAK
14567_poprawny_L2A_roi,multi-layer perceptron,GMM,74.1678,78.8282,4.6605,27,62,0.0003,0.0254,102,TAK
14567_poprawny_L2A_roi,multi-layer perceptron,PCA,74.1678,74.3009,0.1332,19,20,1.0000,1.0000,102,nie
14567_poprawny_L2A_roi,support vector machine,MAD,78.5619,79.0945,0.5326,4,8,0.3877,1.0000,102,nie
14567_poprawny_L2A_roi,support vector machine,IQR,78.5619,79.8935,1.3316,2,12,0.0129,0.9316,102,nie
14567_poprawny_L2A_roi,support vector machine,SAM,78.5619,78.8282,0.2663,2,4,0.6875,1.0000,102,nie
14567_poprawny_L2A_roi,support vector machine,PCA_Reconstruction,78.5619,78.9614,0.3995,2,5,0.4531,1.0000,102,nie
14567_poprawny_L2A_roi,support vector machine,Mahalanobis,78.5619,78.8282,0.2663,3,5,0.7266,1.0000,102,nie
14567_poprawny_L2A_roi,support vector machine,EllipticEnvelope,78.5619,78.8282,0.2663,2,4,0.6875,1.0000,102,nie
14567_poprawny_L2A_roi,support vector machine,Band_Z-score,78.5619,79.0945,0.5326,3,7,0.3438,1.0000,102,nie
14567_poprawny_L2A_roi,support vector machine,OneClassSVM,78.5619,79.2277,0.6658,3,8,0.2266,1.0000,102,nie
14567_poprawny_L2A_roi,support vector machine,GMM,78.5619,78.9614,0.3995,2,5,0.4531,1.0000,102,nie
14567_poprawny_L2A_roi,support vector machine,PCA,78.5619,81.2250,2.6631,3,23,0.0002,0.0159,102,TAK
14567_poprawny_L2A_roi,support vector machine,Percentile,78.5619,79.7603,1.1984,2,11,0.0225,1.0000,102,nie
14567_poprawny_L2A_roi,support vector machine,Erosion,78.5619,77.0972,-1.4647,18,7,0.0455,1.0000,102,nie
14567_poprawny_L2A_roi,support vector machine,IsolationForest,78.5619,78.5619,0.0000,3,3,1.0000,1.0000,102,nie
14567_poprawny_L2A_roi,support vector machine,HotellingT2,78.5619,78.9614,0.3995,3,6,0.5078,1.0000,102,nie
14567_poprawny_L2A_roi,support vector machine,LOF,78.5619,78.6951,0.1332,4,5,1.0000,1.0000,102,nie
14567_poprawny_L2A_roi,support vector machine,kNN,78.5619,78.6951,0.1332,3,4,1.0000,1.0000,102,nie
14567_poprawny_L2A_roi,support vector machine,Robust_Mahalanobis,78.5619,78.1625,-0.3995,10,7,0.6291,1.0000,102,nie
14567_poprawny_L2A_roi,spectral angle mapping,PCA_Reconstruction,77.0972,77.0972,0.0000,0,0,1.0000,1.0000,102,nie
14567_poprawny_L2A_roi,spectral angle mapping,SAM,77.0972,77.3635,0.2663,0,2,0.5000,1.0000,102,nie
14567_poprawny_L2A_roi,spectral angle mapping,EllipticEnvelope,77.0972,77.3635,0.2663,0,2,0.5000,1.0000,102,nie
14567_poprawny_L2A_roi,spectral angle mapping,Band_Z-score,77.0972,77.2304,0.1332,0,1,1.0000,1.0000,102,nie
14567_poprawny_L2A_roi,spectral angle mapping,Mahalanobis,77.0972,77.2304,0.1332,0,1,1.0000,1.0000,102,nie
14567_poprawny_L2A_roi,spectral angle mapping,MAD,77.0972,77.8961,0.7989,4,10,0.1796,1.0000,102,nie
14567_poprawny_L2A_roi,spectral angle mapping,IQR,77.0972,78.1625,1.0652,2,10,0.0386,1.0000,102,nie
14567_poprawny_L2A_roi,spectral angle mapping,IsolationForest,77.0972,77.2304,0.1332,0,1,1.0000,1.0000,102,nie
14567_poprawny_L2A_roi,spectral angle mapping,Erosion,77.0972,78.0293,0.9321,4,11,0.1185,1.0000,102,nie
14567_poprawny_L2A_roi,spectral angle mapping,Robust_Mahalanobis,77.0972,77.6298,0.5326,7,11,0.4807,1.0000,102,nie
14567_poprawny_L2A_roi,spectral angle mapping,HotellingT2,77.0972,77.2304,0.1332,0,1,1.0000,1.0000,102,nie
14567_poprawny_L2A_roi,spectral angle mapping,kNN,77.0972,77.2304,0.1332,0,1,1.0000,1.0000,102,nie
14567_poprawny_L2A_roi,spectral angle mapping,LOF,77.0972,77.2304,0.1332,0,1,1.0000,1.0000,102,nie
14567_poprawny_L2A_roi,spectral angle mapping,PCA,77.0972,77.6298,0.5326,9,13,0.5235,1.0000,102,nie
14567_poprawny_L2A_roi,spectral angle mapping,GMM,77.0972,77.0972,0.0000,0,0,1.0000,1.0000,102,nie
14567_poprawny_L2A_roi,spectral angle mapping,OneClassSVM,77.0972,77.2304,0.1332,1,2,1.0000,1.0000,102,nie
14567_poprawny_L2A_roi,spectral angle mapping,Percentile,77.0972,77.3635,0.2663,0,2,0.5000,1.0000,102,nie
14567_poprawny_L2A_roi,minimum distance,GMM,78.2956,78.4288,0.1332,0,1,1.0000,1.0000,102,nie
14567_poprawny_L2A_roi,minimum distance,OneClassSVM,78.2956,78.5619,0.2663,1,3,0.6250,1.0000,102,nie
14567_poprawny_L2A_roi,minimum distance,Erosion,78.2956,78.4288,0.1332,6,7,1.0000,1.0000,102,nie
14567_poprawny_L2A_roi,minimum distance,PCA,78.2956,78.6951,0.3995,2,5,0.4531,1.0000,102,nie
14567_poprawny_L2A_roi,minimum distance,Percentile,78.2956,78.4288,0.1332,0,1,1.0000,1.0000,102,nie
14567_poprawny_L2A_roi,minimum distance,IsolationForest,78.2956,78.2956,0.0000,0,0,1.0000,1.0000,102,nie
14567_poprawny_L2A_roi,minimum distance,LOF,78.2956,78.2956,0.0000,0,0,1.0000,1.0000,102,nie
14567_poprawny_L2A_roi,minimum distance,Mahalanobis,78.2956,78.2956,0.0000,0,0,1.0000,1.0000,102,nie
14567_poprawny_L2A_roi,minimum distance,EllipticEnvelope,78.2956,78.2956,0.0000,0,0,1.0000,1.0000,102,nie
14567_poprawny_L2A_roi,minimum distance,PCA_Reconstruction,78.2956,78.2956,0.0000,1,1,1.0000,1.0000,102,nie
14567_poprawny_L2A_roi,minimum distance,IQR,78.2956,78.5619,0.2663,0,2,0.5000,1.0000,102,nie
14567_poprawny_L2A_roi,minimum distance,Robust_Mahalanobis,78.2956,78.5619,0.2663,3,5,0.7266,1.0000,102,nie
14567_poprawny_L2A_roi,minimum distance,HotellingT2,78.2956,78.2956,0.0000,0,0,1.0000,1.0000,102,nie
14567_poprawny_L2A_roi,minimum distance,kNN,78.2956,78.4288,0.1332,0,1,1.0000,1.0000,102,nie
14567_poprawny_L2A_roi,minimum distance,Band_Z-score,78.2956,78.2956,0.0000,0,0,1.0000,1.0000,102,nie
14567_poprawny_L2A_roi,minimum distance,MAD,78.2956,78.6951,0.3995,0,3,0.2500,1.0000,102,nie
14567_poprawny_L2A_roi,minimum distance,SAM,78.2956,78.4288,0.1332,0,1,1.0000,1.0000,102,nie
14567_zbledami_L1C_class,maximum likelihood,GMM,53.6618,53.9281,0.2663,7,9,0.8036,1.0000,102,nie
14567_zbledami_L1C_class,maximum likelihood,Mahalanobis,53.6618,27.8296,-25.8322,200,6,0.0000,0.0000,102,TAK
14567_zbledami_L1C_class,maximum likelihood,IsolationForest,53.6618,54.1944,0.5326,8,12,0.5034,1.0000,102,nie
14567_zbledami_L1C_class,maximum likelihood,PCA_Reconstruction,53.6618,54.0613,0.3995,5,8,0.5811,1.0000,102,nie
14567_zbledami_L1C_class,maximum likelihood,Robust_Mahalanobis,53.6618,58.8549,5.1931,41,80,0.0006,0.0408,102,TAK
14567_zbledami_L1C_class,maximum likelihood,SAM,53.6618,54.8602,1.1984,9,18,0.1237,1.0000,102,nie
14567_zbledami_L1C_class,maximum likelihood,HotellingT2,53.6618,56.1917,2.5300,24,43,0.0279,1.0000,102,nie
14567_zbledami_L1C_class,maximum likelihood,MAD,53.6618,53.3955,-0.2663,30,28,0.8955,1.0000,102,nie
14567_zbledami_L1C_class,maximum likelihood,IQR,53.6618,23.7017,-29.9601,228,3,0.0000,0.0000,102,TAK
14567_zbledami_L1C_class,maximum likelihood,EllipticEnvelope,53.6618,54.0613,0.3995,9,12,0.6636,1.0000,102,nie
14567_zbledami_L1C_class,maximum likelihood,OneClassSVM,53.6618,54.3276,0.6658,5,10,0.3018,1.0000,102,nie
14567_zbledami_L1C_class,maximum likelihood,LOF,53.6618,54.3276,0.6658,3,8,0.2266,1.0000,102,nie
14567_zbledami_L1C_class,maximum likelihood,Erosion,53.6618,54.4607,0.7989,24,30,0.4962,1.0000,102,nie
14567_zbledami_L1C_class,maximum likelihood,kNN,53.6618,53.9281,0.2663,7,9,0.8036,1.0000,102,nie
14567_zbledami_L1C_class,maximum likelihood,PCA,53.6618,9.9867,-43.6751,335,7,0.0000,0.0000,102,TAK
14567_zbledami_L1C_class,maximum likelihood,Percentile,53.6618,56.9907,3.3289,6,31,0.0001,0.0062,102,TAK
14567_zbledami_L1C_class,maximum likelihood,Band_Z-score,53.6618,54.3276,0.6658,19,24,0.5419,1.0000,102,nie
14567_zbledami_L1C_class,random forest,GMM,46.3382,46.6045,0.2663,9,11,0.8238,1.0000,102,nie
14567_zbledami_L1C_class,random forest,Robust_Mahalanobis,46.3382,49.9334,3.5952,27,54,0.0039,0.2664,102,nie
14567_zbledami_L1C_class,random forest,Mahalanobis,46.3382,47.4035,1.0652,13,21,0.2299,1.0000,102,nie
14567_zbledami_L1C_class,random forest,OneClassSVM,46.3382,45.4061,-0.9321,7,0,0.0156,0.9844,102,nie
14567_zbledami_L1C_class,random forest,PCA,46.3382,72.1704,25.8322,29,223,0.0000,0.0000,102,TAK
14567_zbledami_L1C_class,random forest,SAM,46.3382,46.7377,0.3995,8,11,0.6476,1.0000,102,nie
14567_zbledami_L1C_class,random forest,EllipticEnvelope,46.3382,46.7377,0.3995,8,11,0.6476,1.0000,102,nie
14567_zbledami_L1C_class,random forest,kNN,46.3382,46.7377,0.3995,9,12,0.6636,1.0000,102,nie
14567_zbledami_L1C_class,random forest,LOF,46.3382,45.1398,-1.1984,9,0,0.0039,0.2664,102,nie
14567_zbledami_L1C_class,random forest,Percentile,46.3382,47.4035,1.0652,30,38,0.3960,1.0000,102,nie
14567_zbledami_L1C_class,random forest,IQR,46.3382,62.3169,15.9787,24,144,0.0000,0.0000,102,TAK
14567_zbledami_L1C_class,random forest,Erosion,46.3382,47.1372,0.7989,29,35,0.5320,1.0000,102,nie
14567_zbledami_L1C_class,random forest,PCA_Reconstruction,46.3382,45.2730,-1.0652,17,9,0.1698,1.0000,102,nie
14567_zbledami_L1C_class,random forest,Band_Z-score,46.3382,48.2024,1.8642,10,24,0.0258,1.0000,102,nie
14567_zbledami_L1C_class,random forest,IsolationForest,46.3382,46.7377,0.3995,9,12,0.6636,1.0000,102,nie
14567_zbledami_L1C_class,random forest,MAD,46.3382,65.5126,19.1744,15,159,0.0000,0.0000,102,TAK
14567_zbledami_L1C_class,random forest,HotellingT2,46.3382,50.4660,4.1278,13,44,0.0001,0.0056,102,TAK
14567_zbledami_L1C_class,multi-layer perceptron,Mahalanobis,92.1438,84.1545,-7.9893,81,21,0.0000,0.0000,102,TAK
14567_zbledami_L1C_class,multi-layer perceptron,Band_Z-score,92.1438,84.8202,-7.3236,72,17,0.0000,0.0000,102,TAK
14567_zbledami_L1C_class,multi-layer perceptron,EllipticEnvelope,92.1438,91.2117,-0.9321,21,14,0.3105,1.0000,102,nie
14567_zbledami_L1C_class,multi-layer perceptron,SAM,92.1438,88.8149,-3.3289,51,26,0.0062,0.4054,102,nie
14567_zbledami_L1C_class,multi-layer perceptron,PCA_Reconstruction,92.1438,89.2144,-2.9294,40,18,0.0058,0.3845,102,nie
14567_zbledami_L1C_class,multi-layer perceptron,IQR,92.1438,86.0186,-6.1252,73,27,0.0000,0.0006,102,TAK
14567_zbledami_L1C_class,multi-layer perceptron,MAD,92.1438,89.2144,-2.9294,50,28,0.0174,1.0000,102,nie
14567_zbledami_L1C_class,multi-layer perceptron,kNN,92.1438,76.9640,-15.1798,131,17,0.0000,0.0000,102,TAK
14567_zbledami_L1C_class,multi-layer perceptron,LOF,92.1438,80.6924,-11.4514,100,14,0.0000,0.0000,102,TAK
14567_zbledami_L1C_class,multi-layer perceptron,HotellingT2,92.1438,81.2250,-10.9188,101,19,0.0000,0.0000,102,TAK
14567_zbledami_L1C_class,multi-layer perceptron,Robust_Mahalanobis,92.1438,87.0839,-5.0599,58,20,0.0000,0.0023,102,TAK
14567_zbledami_L1C_class,multi-layer perceptron,Erosion,92.1438,85.2197,-6.9241,70,18,0.0000,0.0000,102,TAK
14567_zbledami_L1C_class,multi-layer perceptron,IsolationForest,92.1438,84.5539,-7.5899,81,24,0.0000,0.0000,102,TAK
14567_zbledami_L1C_class,multi-layer perceptron,Percentile,92.1438,87.0839,-5.0599,59,21,0.0000,0.0028,102,TAK
14567_zbledami_L1C_class,multi-layer perceptron,OneClassSVM,92.1438,85.3529,-6.7909,72,21,0.0000,0.0000,102,TAK
14567_zbledami_L1C_class,multi-layer perceptron,GMM,92.1438,91.2117,-0.9321,24,17,0.3487,1.0000,102,nie
14567_zbledami_L1C_class,multi-layer perceptron,PCA,92.1438,80.0266,-12.1172,118,27,0.0000,0.0000,102,TAK
14567_zbledami_L1C_class,support vector machine,MAD,86.2850,87.6165,1.3316,8,18,0.0776,1.0000,102,nie
14567_zbledami_L1C_class,support vector machine,IQR,86.2850,88.1491,1.8642,11,25,0.0303,1.0000,102,nie
14567_zbledami_L1C_class,support vector machine,SAM,86.2850,86.2850,0.0000,4,4,1.0000,1.0000,102,nie
14567_zbledami_L1C_class,support vector machine,PCA_Reconstruction,86.2850,86.9507,0.6658,3,8,0.2266,1.0000,102,nie
14567_zbledami_L1C_class,support vector machine,Mahalanobis,86.2850,86.5513,0.2663,18,20,0.8711,1.0000,102,nie
14567_zbledami_L1C_class,support vector machine,EllipticEnvelope,86.2850,86.2850,0.0000,2,2,1.0000,1.0000,102,nie
14567_zbledami_L1C_class,support vector machine,Band_Z-score,86.2850,86.8176,0.5326,8,12,0.5034,1.0000,102,nie
14567_zbledami_L1C_class,support vector machine,OneClassSVM,86.2850,86.4181,0.1332,4,5,1.0000,1.0000,102,nie
14567_zbledami_L1C_class,support vector machine,GMM,86.2850,86.6844,0.3995,2,5,0.4531,1.0000,102,nie
14567_zbledami_L1C_class,support vector machine,PCA,86.2850,84.5539,-1.7310,30,17,0.0801,1.0000,102,nie
14567_zbledami_L1C_class,support vector machine,Percentile,86.2850,86.6844,0.3995,12,15,0.7003,1.0000,102,nie
14567_zbledami_L1C_class,support vector machine,Erosion,86.2850,86.5513,0.2663,11,13,0.8388,1.0000,102,nie
14567_zbledami_L1C_class,support vector machine,IsolationForest,86.2850,85.8855,-0.3995,5,2,0.4531,1.0000,102,nie
14567_zbledami_L1C_class,support vector machine,HotellingT2,86.2850,86.8176,0.5326,17,21,0.6265,1.0000,102,nie
14567_zbledami_L1C_class,support vector machine,LOF,86.2850,86.1518,-0.1332,3,2,1.0000,1.0000,102,nie
14567_zbledami_L1C_class,support vector machine,kNN,86.2850,86.4181,0.1332,2,3,1.0000,1.0000,102,nie
14567_zbledami_L1C_class,support vector machine,Robust_Mahalanobis,86.2850,79.4940,-6.7909,57,6,0.0000,0.0000,102,TAK
14567_zbledami_L1C_class,spectral angle mapping,PCA_Reconstruction,85.4860,84.2876,-1.1984,10,1,0.0117,0.7500,102,nie
14567_zbledami_L1C_class,spectral angle mapping,SAM,85.4860,84.9534,-0.5326,7,3,0.3438,1.0000,102,nie
14567_zbledami_L1C_class,spectral angle mapping,EllipticEnvelope,85.4860,84.2876,-1.1984,13,4,0.0490,1.0000,102,nie
14567_zbledami_L1C_class,spectral angle mapping,Band_Z-score,85.4860,84.9534,-0.5326,8,4,0.3877,1.0000,102,nie
14567_zbledami_L1C_class,spectral angle mapping,Mahalanobis,85.4860,81.7577,-3.7284,35,7,0.0000,0.0025,102,TAK
14567_zbledami_L1C_class,spectral angle mapping,MAD,85.4860,86.0186,0.5326,8,12,0.5034,1.0000,102,nie
14567_zbledami_L1C_class,spectral angle mapping,IQR,85.4860,86.0186,0.5326,13,17,0.5839,1.0000,102,nie
14567_zbledami_L1C_class,spectral angle mapping,IsolationForest,85.4860,85.2197,-0.2663,5,3,0.7266,1.0000,102,nie
14567_zbledami_L1C_class,spectral angle mapping,Erosion,85.4860,82.0240,-3.4621,35,9,0.0002,0.0126,102,TAK
14567_zbledami_L1C_class,spectral angle mapping,Robust_Mahalanobis,85.4860,80.5593,-4.9268,45,8,0.0000,0.0001,102,TAK
14567_zbledami_L1C_class,spectral angle mapping,HotellingT2,85.4860,81.4913,-3.9947,37,7,0.0000,0.0010,102,TAK
14567_zbledami_L1C_class,spectral angle mapping,kNN,85.4860,84.5539,-0.9321,12,5,0.1435,1.0000,102,nie
14567_zbledami_L1C_class,spectral angle mapping,LOF,85.4860,84.2876,-1.1984,11,2,0.0225,1.0000,102,nie
14567_zbledami_L1C_class,spectral angle mapping,PCA,85.4860,82.2903,-3.1957,32,8,0.0003,0.0207,102,TAK
14567_zbledami_L1C_class,spectral angle mapping,GMM,85.4860,84.8202,-0.6658,8,3,0.2266,1.0000,102,nie
14567_zbledami_L1C_class,spectral angle mapping,OneClassSVM,85.4860,85.3529,-0.1332,4,3,1.0000,1.0000,102,nie
14567_zbledami_L1C_class,spectral angle mapping,Percentile,85.4860,84.1545,-1.3316,13,3,0.0213,1.0000,102,nie
14567_zbledami_L1C_class,minimum distance,GMM,83.3555,82.5566,-0.7989,8,2,0.1094,1.0000,102,nie
14567_zbledami_L1C_class,minimum distance,OneClassSVM,83.3555,82.9561,-0.3995,3,0,0.2500,1.0000,102,nie
14567_zbledami_L1C_class,minimum distance,Erosion,83.3555,80.8256,-2.5300,20,1,0.0000,0.0017,102,TAK
14567_zbledami_L1C_class,minimum distance,PCA,83.3555,86.6844,3.3289,22,47,0.0039,0.2664,102,nie
14567_zbledami_L1C_class,minimum distance,Percentile,83.3555,82.0240,-1.3316,10,0,0.0020,0.1367,102,nie
14567_zbledami_L1C_class,minimum distance,IsolationForest,83.3555,82.4234,-0.9321,7,0,0.0156,0.9844,102,nie
14567_zbledami_L1C_class,minimum distance,LOF,83.3555,83.2224,-0.1332,2,1,1.0000,1.0000,102,nie
14567_zbledami_L1C_class,minimum distance,Mahalanobis,83.3555,81.3582,-1.9973,18,3,0.0015,0.1087,102,nie
14567_zbledami_L1C_class,minimum distance,EllipticEnvelope,83.3555,82.6897,-0.6658,8,3,0.2266,1.0000,102,nie
14567_zbledami_L1C_class,minimum distance,PCA_Reconstruction,83.3555,82.9561,-0.3995,6,3,0.5078,1.0000,102,nie
14567_zbledami_L1C_class,minimum distance,IQR,83.3555,87.0839,3.7284,12,40,0.0002,0.0138,102,TAK
14567_zbledami_L1C_class,minimum distance,Robust_Mahalanobis,83.3555,80.5593,-2.7963,31,10,0.0018,0.1269,102,nie
14567_zbledami_L1C_class,minimum distance,HotellingT2,83.3555,81.3582,-1.9973,18,3,0.0015,0.1087,102,nie
14567_zbledami_L1C_class,minimum distance,kNN,83.3555,82.6897,-0.6658,7,2,0.1797,1.0000,102,nie
14567_zbledami_L1C_class,minimum distance,Band_Z-score,83.3555,82.2903,-1.0652,9,1,0.0215,1.0000,102,nie
14567_zbledami_L1C_class,minimum distance,MAD,83.3555,83.2224,-0.1332,16,15,1.0000,1.0000,102,nie
14567_zbledami_L1C_class,minimum distance,SAM,83.3555,82.6897,-0.6658,5,0,0.0625,1.0000,102,nie
14567_zbledami_L1C_roi,maximum likelihood,GMM,53.6618,55.1265,1.4647,2,13,0.0074,0.4431,102,nie
14567_zbledami_L1C_roi,maximum likelihood,Mahalanobis,53.6618,52.5965,-1.0652,30,22,0.3317,1.0000,102,nie
14567_zbledami_L1C_roi,maximum likelihood,IsolationForest,53.6618,54.8602,1.1984,4,13,0.0490,1.0000,102,nie
14567_zbledami_L1C_roi,maximum likelihood,PCA_Reconstruction,53.6618,53.7949,0.1332,6,7,1.0000,1.0000,102,nie
14567_zbledami_L1C_roi,maximum likelihood,Robust_Mahalanobis,53.6618,1.5979,-52.0639,397,6,0.0000,0.0000,102,TAK
14567_zbledami_L1C_roi,maximum likelihood,SAM,53.6618,55.1265,1.4647,5,16,0.0266,1.0000,102,nie
14567_zbledami_L1C_roi,maximum likelihood,HotellingT2,53.6618,52.5965,-1.0652,31,23,0.3408,1.0000,102,nie
14567_zbledami_L1C_roi,maximum likelihood,MAD,53.6618,10.2530,-43.4088,369,43,0.0000,0.0000,102,TAK
14567_zbledami_L1C_roi,maximum likelihood,IQR,53.6618,23.7017,-29.9601,228,3,0.0000,0.0000,102,TAK
14567_zbledami_L1C_roi,maximum likelihood,EllipticEnvelope,53.6618,53.7949,0.1332,11,12,1.0000,1.0000,102,nie
14567_zbledami_L1C_roi,maximum likelihood,OneClassSVM,53.6618,53.1292,-0.5326,11,7,0.4807,1.0000,102,nie
14567_zbledami_L1C_roi,maximum likelihood,LOF,53.6618,54.3276,0.6658,3,8,0.2266,1.0000,102,nie
14567_zbledami_L1C_roi,maximum likelihood,Erosion,53.6618,54.4607,0.7989,24,30,0.4962,1.0000,102,nie
14567_zbledami_L1C_roi,maximum likelihood,kNN,53.6618,54.1944,0.5326,8,12,0.5034,1.0000,102,nie
14567_zbledami_L1C_roi,maximum likelihood,PCA,53.6618,6.2583,-47.4035,371,15,0.0000,0.0000,102,TAK
14567_zbledami_L1C_roi,maximum likelihood,Percentile,53.6618,52.9960,-0.6658,16,11,0.4414,1.0000,102,nie
14567_zbledami_L1C_roi,maximum likelihood,Band_Z-score,53.6618,55.1265,1.4647,16,27,0.1273,1.0000,102,nie
14567_zbledami_L1C_roi,random forest,GMM,46.2051,45.8056,-0.3995,4,1,0.3750,1.0000,102,nie
14567_zbledami_L1C_roi,random forest,Robust_Mahalanobis,46.2051,50.4660,4.2610,12,44,0.0000,0.0028,102,TAK
14567_zbledami_L1C_roi,random forest,Mahalanobis,46.2051,48.0692,1.8642,5,19,0.0066,0.4099,102,nie
14567_zbledami_L1C_roi,random forest,OneClassSVM,46.2051,44.3409,-1.8642,16,2,0.0013,0.0866,102,nie
14567_zbledami_L1C_roi,random forest,PCA,46.2051,50.9987,4.7936,13,49,0.0000,0.0007,102,TAK
14567_zbledami_L1C_roi,random forest,SAM,46.2051,45.2730,-0.9321,13,6,0.1671,1.0000,102,nie
14567_zbledami_L1C_roi,random forest,EllipticEnvelope,46.2051,46.2051,0.0000,5,5,1.0000,1.0000,102,nie
14567_zbledami_L1C_roi,random forest,kNN,46.2051,46.4714,0.2663,4,6,0.7539,1.0000,102,nie
14567_zbledami_L1C_roi,random forest,LOF,46.2051,46.0719,-0.1332,2,1,1.0000,1.0000,102,nie
14567_zbledami_L1C_roi,random forest,Percentile,46.2051,45.9387,-0.2663,16,14,0.8551,1.0000,102,nie
14567_zbledami_L1C_roi,random forest,IQR,46.2051,52.1971,5.9920,12,57,0.0000,0.0000,102,TAK
14567_zbledami_L1C_roi,random forest,Erosion,46.2051,48.2024,1.9973,25,40,0.0825,1.0000,102,nie
14567_zbledami_L1C_roi,random forest,PCA_Reconstruction,46.2051,45.8056,-0.3995,4,1,0.3750,1.0000,102,nie
14567_zbledami_L1C_roi,random forest,Band_Z-score,46.2051,49.1345,2.9294,9,31,0.0009,0.0611,102,nie
14567_zbledami_L1C_roi,random forest,IsolationForest,46.2051,45.8056,-0.3995,4,1,0.3750,1.0000,102,nie
14567_zbledami_L1C_roi,random forest,MAD,46.2051,51.6644,5.4594,27,68,0.0000,0.0032,102,TAK
14567_zbledami_L1C_roi,random forest,HotellingT2,46.2051,48.0692,1.8642,5,19,0.0066,0.4099,102,nie
14567_zbledami_L1C_roi,multi-layer perceptron,Mahalanobis,92.1438,87.2170,-4.9268,58,21,0.0001,0.0039,102,TAK
14567_zbledami_L1C_roi,multi-layer perceptron,Band_Z-score,92.1438,83.3555,-8.7883,80,14,0.0000,0.0000,102,TAK
14567_zbledami_L1C_roi,multi-layer perceptron,EllipticEnvelope,92.1438,90.4128,-1.7310,31,18,0.0865,1.0000,102,nie
14567_zbledami_L1C_roi,multi-layer perceptron,SAM,92.1438,83.6218,-8.5220,82,18,0.0000,0.0000,102,TAK
14567_zbledami_L1C_roi,multi-layer perceptron,PCA_Reconstruction,92.1438,85.6192,-6.5246,55,6,0.0000,0.0000,102,TAK
14567_zbledami_L1C_roi,multi-layer perceptron,IQR,92.1438,86.9507,-5.1931,63,24,0.0000,0.0036,102,TAK
14567_zbledami_L1C_roi,multi-layer perceptron,MAD,92.1438,80.6924,-11.4514,106,20,0.0000,0.0000,102,TAK
14567_zbledami_L1C_roi,multi-layer perceptron,kNN,92.1438,85.8855,-6.2583,61,14,0.0000,0.0000,102,TAK
14567_zbledami_L1C_roi,multi-layer perceptron,LOF,92.1438,88.5486,-3.5952,41,14,0.0005,0.0319,102,TAK
14567_zbledami_L1C_roi,multi-layer perceptron,HotellingT2,92.1438,89.3475,-2.7963,40,19,0.0092,0.5348,102,nie
14567_zbledami_L1C_roi,multi-layer perceptron,Robust_Mahalanobis,92.1438,87.0839,-5.0599,55,17,0.0000,0.0011,102,TAK
14567_zbledami_L1C_roi,multi-layer perceptron,Erosion,92.1438,85.2197,-6.9241,70,18,0.0000,0.0000,102,TAK
14567_zbledami_L1C_roi,multi-layer perceptron,IsolationForest,92.1438,89.2144,-2.9294,42,20,0.0077,0.4515,102,nie
14567_zbledami_L1C_roi,multi-layer perceptron,Percentile,92.1438,87.3502,-4.7936,57,21,0.0001,0.0056,102,TAK
14567_zbledami_L1C_roi,multi-layer perceptron,OneClassSVM,92.1438,84.2876,-7.8562,73,14,0.0000,0.0000,102,TAK
14567_zbledami_L1C_roi,multi-layer perceptron,GMM,92.1438,67.5100,-24.6338,194,9,0.0000,0.0000,102,TAK
14567_zbledami_L1C_roi,multi-layer perceptron,PCA,92.1438,78.0293,-14.1145,128,22,0.0000,0.0000,102,TAK
14567_zbledami_L1C_roi,support vector machine,MAD,86.2850,82.9561,-3.3289,39,14,0.0010,0.0656,102,nie
14567_zbledami_L1C_roi,support vector machine,IQR,86.2850,87.2170,0.9321,18,25,0.3602,1.0000,102,nie
14567_zbledami_L1C_roi,support vector machine,SAM,86.2850,86.6844,0.3995,1,4,0.3750,1.0000,102,nie
14567_zbledami_L1C_roi,support vector machine,PCA_Reconstruction,86.2850,86.4181,0.1332,2,3,1.0000,1.0000,102,nie
14567_zbledami_L1C_roi,support vector machine,Mahalanobis,86.2850,86.8176,0.5326,10,14,0.5413,1.0000,102,nie
14567_zbledami_L1C_roi,support vector machine,EllipticEnvelope,86.2850,86.6844,0.3995,1,4,0.3750,1.0000,102,nie
14567_zbledami_L1C_roi,support vector machine,Band_Z-score,86.2850,86.1518,-0.1332,9,8,1.0000,1.0000,102,nie
14567_zbledami_L1C_roi,support vector machine,OneClassSVM,86.2850,86.4181,0.1332,4,5,1.0000,1.0000,102,nie
14567_zbledami_L1C_roi,support vector machine,GMM,86.2850,86.5513,0.2663,0,2,0.5000,1.0000,102,nie
14567_zbledami_L1C_roi,support vector machine,PCA,86.2850,81.2250,-5.0599,52,14,0.0000,0.0005,102,TAK
14567_zbledami_L1C_roi,support vector machine,Percentile,86.2850,86.9507,0.6658,2,7,0.1797,1.0000,102,nie
14567_zbledami_L1C_roi,support vector machine,Erosion,86.2850,86.5513,0.2663,11,13,0.8388,1.0000,102,nie
14567_zbledami_L1C_roi,support vector machine,IsolationForest,86.2850,87.0839,0.7989,1,7,0.0703,1.0000,102,nie
14567_zbledami_L1C_roi,support vector machine,HotellingT2,86.2850,86.9507,0.6658,10,15,0.4237,1.0000,102,nie
14567_zbledami_L1C_roi,support vector machine,LOF,86.2850,86.1518,-0.1332,2,1,1.0000,1.0000,102,nie
14567_zbledami_L1C_roi,support vector machine,kNN,86.2850,86.8176,0.5326,1,5,0.2188,1.0000,102,nie
14567_zbledami_L1C_roi,support vector machine,Robust_Mahalanobis,86.2850,84.1545,-2.1305,30,14,0.0237,1.0000,102,nie
14567_zbledami_L1C_roi,spectral angle mapping,PCA_Reconstruction,85.4860,84.9534,-0.5326,6,2,0.2891,1.0000,102,nie
14567_zbledami_L1C_roi,spectral angle mapping,SAM,85.4860,84.2876,-1.1984,11,2,0.0225,1.0000,102,nie
14567_zbledami_L1C_roi,spectral angle mapping,EllipticEnvelope,85.4860,84.8202,-0.6658,8,3,0.2266,1.0000,102,nie
14567_zbledami_L1C_roi,spectral angle mapping,Band_Z-score,85.4860,82.6897,-2.7963,27,6,0.0005,0.0344,102,TAK
14567_zbledami_L1C_roi,spectral angle mapping,Mahalanobis,85.4860,84.1545,-1.3316,20,10,0.1003,1.0000,102,nie
14567_zbledami_L1C_roi,spectral angle mapping,MAD,85.4860,81.0919,-4.3941,48,15,0.0001,0.0042,102,TAK
14567_zbledami_L1C_roi,spectral angle mapping,IQR,85.4860,83.3555,-2.1305,32,16,0.0304,1.0000,102,nie
14567_zbledami_L1C_roi,spectral angle mapping,IsolationForest,85.4860,84.2876,-1.1984,11,2,0.0225,1.0000,102,nie
14567_zbledami_L1C_roi,spectral angle mapping,Erosion,85.4860,82.0240,-3.4621,35,9,0.0002,0.0120,102,TAK
14567_zbledami_L1C_roi,spectral angle mapping,Robust_Mahalanobis,85.4860,79.7603,-5.7257,55,12,0.0000,0.0000,102,TAK
14567_zbledami_L1C_roi,spectral angle mapping,HotellingT2,85.4860,84.4208,-1.0652,20,12,0.2159,1.0000,102,nie
14567_zbledami_L1C_roi,spectral angle mapping,kNN,85.4860,84.4208,-1.0652,10,2,0.0386,1.0000,102,nie
14567_zbledami_L1C_roi,spectral angle mapping,LOF,85.4860,84.4208,-1.0652,9,1,0.0215,1.0000,102,nie
14567_zbledami_L1C_roi,spectral angle mapping,PCA,85.4860,79.0945,-6.3915,62,14,0.0000,0.0000,102,TAK
14567_zbledami_L1C_roi,spectral angle mapping,GMM,85.4860,84.2876,-1.1984,10,1,0.0117,0.6680,102,nie
14567_zbledami_L1C_roi,spectral angle mapping,OneClassSVM,85.4860,84.4208,-1.0652,14,6,0.1153,1.0000,102,nie
14567_zbledami_L1C_roi,spectral angle mapping,Percentile,85.4860,83.6218,-1.8642,18,4,0.0043,0.2780,102,nie
14567_zbledami_L1C_roi,minimum distance,GMM,83.3555,83.3555,0.0000,3,3,1.0000,1.0000,102,nie
14567_zbledami_L1C_roi,minimum distance,OneClassSVM,83.3555,82.5566,-0.7989,7,1,0.0703,1.0000,102,nie
14567_zbledami_L1C_roi,minimum distance,Erosion,83.3555,80.8256,-2.5300,20,1,0.0000,0.0017,102,TAK
14567_zbledami_L1C_roi,minimum distance,PCA,83.3555,79.2277,-4.1278,42,11,0.0000,0.0030,102,TAK
14567_zbledami_L1C_roi,minimum distance,Percentile,83.3555,82.1571,-1.1984,10,1,0.0117,0.6680,102,nie
14567_zbledami_L1C_roi,minimum distance,IsolationForest,83.3555,82.5566,-0.7989,7,1,0.0703,1.0000,102,nie
14567_zbledami_L1C_roi,minimum distance,LOF,83.3555,83.3555,0.0000,3,3,1.0000,1.0000,102,nie
14567_zbledami_L1C_roi,minimum distance,Mahalanobis,83.3555,81.3582,-1.9973,16,1,0.0003,0.0198,102,TAK
14567_zbledami_L1C_roi,minimum distance,EllipticEnvelope,83.3555,82.9561,-0.3995,4,1,0.3750,1.0000,102,nie
14567_zbledami_L1C_roi,minimum distance,PCA_Reconstruction,83.3555,82.8229,-0.5326,5,1,0.2188,1.0000,102,nie
14567_zbledami_L1C_roi,minimum distance,IQR,83.3555,79.8935,-3.4621,29,3,0.0000,0.0008,102,TAK
14567_zbledami_L1C_roi,minimum distance,Robust_Mahalanobis,83.3555,81.0919,-2.2636,25,8,0.0053,0.3370,102,nie
14567_zbledami_L1C_roi,minimum distance,HotellingT2,83.3555,81.3582,-1.9973,16,1,0.0003,0.0198,102,TAK
14567_zbledami_L1C_roi,minimum distance,kNN,83.3555,82.8229,-0.5326,5,1,0.2188,1.0000,102,nie
14567_zbledami_L1C_roi,minimum distance,Band_Z-score,83.3555,81.4913,-1.8642,16,2,0.0013,0.0866,102,nie
14567_zbledami_L1C_roi,minimum distance,MAD,83.3555,80.1598,-3.1957,29,5,0.0001,0.0059,102,TAK
14567_zbledami_L1C_roi,minimum distance,SAM,83.3555,82.5566,-0.7989,7,1,0.0703,1.0000,102,nie
14567_zbledami_L2A_class,maximum likelihood,GMM,70.7057,72.1704,1.4647,10,21,0.0725,1.0000,102,nie
14567_zbledami_L2A_class,maximum likelihood,Mahalanobis,70.7057,72.8362,2.1305,30,46,0.0853,1.0000,102,nie
14567_zbledami_L2A_class,maximum likelihood,IsolationForest,70.7057,72.4368,1.7310,9,22,0.0311,1.0000,102,nie
14567_zbledami_L2A_class,maximum likelihood,PCA_Reconstruction,70.7057,72.9694,2.2636,7,24,0.0041,0.3489,102,nie
14567_zbledami_L2A_class,maximum likelihood,Robust_Mahalanobis,70.7057,60.1864,-10.5193,129,50,0.0000,0.0000,102,TAK
14567_zbledami_L2A_class,maximum likelihood,SAM,70.7057,72.7031,1.9973,9,24,0.0148,1.0000,102,nie
14567_zbledami_L2A_class,maximum likelihood,HotellingT2,70.7057,73.3688,2.6631,32,52,0.0382,1.0000,102,nie
14567_zbledami_L2A_class,maximum likelihood,MAD,70.7057,69.3742,-1.3316,43,33,0.3019,1.0000,102,nie
14567_zbledami_L2A_class,maximum likelihood,IQR,70.7057,59.7870,-10.9188,111,29,0.0000,0.0000,102,TAK
14567_zbledami_L2A_class,maximum likelihood,EllipticEnvelope,70.7057,73.9015,3.1957,4,28,0.0000,0.0043,102,TAK
14567_zbledami_L2A_class,maximum likelihood,OneClassSVM,70.7057,72.9694,2.2636,5,22,0.0021,0.1826,102,nie
14567_zbledami_L2A_class,maximum likelihood,LOF,70.7057,73.3688,2.6631,0,20,0.0000,0.0002,102,TAK
14567_zbledami_L2A_class,maximum likelihood,Erosion,70.7057,71.6378,0.9321,29,36,0.4568,1.0000,102,nie
14567_zbledami_L2A_class,maximum likelihood,kNN,70.7057,72.9694,2.2636,9,26,0.0068,0.5678,102,nie
14567_zbledami_L2A_class,maximum likelihood,PCA,70.7057,24.7670,-45.9387,349,4,0.0000,0.0000,102,TAK
14567_zbledami_L2A_class,maximum likelihood,Percentile,70.7057,75.2330,4.5273,11,45,0.0000,0.0010,102,TAK
14567_zbledami_L2A_class,maximum likelihood,Band_Z-score,70.7057,73.1025,2.3968,15,33,0.0141,1.0000,102,nie
14567_zbledami_L2A_class,random forest,GMM,80.6924,81.7577,1.0652,29,37,0.3889,1.0000,102,nie
14567_zbledami_L2A_class,random forest,Robust_Mahalanobis,80.6924,73.6352,-7.0573,102,49,0.0000,0.0021,102,TAK
14567_zbledami_L2A_class,random forest,Mahalanobis,80.6924,77.2304,-3.4621,53,27,0.0052,0.4410,102,nie
14567_zbledami_L2A_class,random forest,OneClassSVM,80.6924,82.9561,2.2636,15,32,0.0196,1.0000,102,nie
14567_zbledami_L2A_class,random forest,PCA,80.6924,84.5539,3.8615,28,57,0.0024,0.2079,102,nie
14567_zbledami_L2A_class,random forest,SAM,80.6924,82.6897,1.9973,23,38,0.0731,1.0000,102,nie
14567_zbledami_L2A_class,random forest,EllipticEnvelope,80.6924,84.4208,3.7284,20,48,0.0011,0.0943,102,nie
14567_zbledami_L2A_class,random forest,kNN,80.6924,80.0266,-0.6658,39,34,0.6397,1.0000,102,nie
14567_zbledami_L2A_class,random forest,LOF,80.6924,81.0919,0.3995,30,33,0.8011,1.0000,102,nie
14567_zbledami_L2A_class,random forest,Percentile,80.6924,81.2250,0.5326,35,39,0.7273,1.0000,102,nie
14567_zbledami_L2A_class,random forest,IQR,80.6924,82.9561,2.2636,37,54,0.0935,1.0000,102,nie
14567_zbledami_L2A_class,random forest,Erosion,80.6924,79.6272,-1.0652,59,51,0.5045,1.0000,102,nie
14567_zbledami_L2A_class,random forest,PCA_Reconstruction,80.6924,81.7577,1.0652,23,31,0.3408,1.0000,102,nie
14567_zbledami_L2A_class,random forest,Band_Z-score,80.6924,82.8229,2.1305,25,41,0.0648,1.0000,102,nie
14567_zbledami_L2A_class,random forest,IsolationForest,80.6924,82.2903,1.5979,21,33,0.1344,1.0000,102,nie
14567_zbledami_L2A_class,random forest,MAD,80.6924,78.9614,-1.7310,55,42,0.2231,1.0000,102,nie
14567_zbledami_L2A_class,random forest,HotellingT2,80.6924,81.3582,0.6658,42,47,0.6716,1.0000,102,nie
14567_zbledami_L2A_class,multi-layer perceptron,Mahalanobis,79.7603,76.4314,-3.3289,68,43,0.0227,1.0000,102,nie
14567_zbledami_L2A_class,multi-layer perceptron,Band_Z-score,79.7603,87.3502,7.5899,21,78,0.0000,0.0000,102,TAK
14567_zbledami_L2A_class,multi-layer perceptron,EllipticEnvelope,79.7603,70.3063,-9.4541,106,35,0.0000,0.0000,102,TAK
14567_zbledami_L2A_class,multi-layer perceptron,SAM,79.7603,76.9640,-2.7963,39,18,0.0081,0.6619,102,nie
14567_zbledami_L2A_class,multi-layer perceptron,PCA_Reconstruction,79.7603,71.1052,-8.6551,93,28,0.0000,0.0000,102,TAK
14567_zbledami_L2A_class,multi-layer perceptron,IQR,79.7603,82.9561,3.1957,37,61,0.0202,1.0000,102,nie
14567_zbledami_L2A_class,multi-layer perceptron,MAD,79.7603,79.3609,-0.3995,63,60,0.8569,1.0000,102,nie
14567_zbledami_L2A_class,multi-layer perceptron,kNN,79.7603,83.7550,3.9947,41,71,0.0061,0.5157,102,nie
14567_zbledami_L2A_class,multi-layer perceptron,LOF,79.7603,73.3688,-6.3915,81,33,0.0000,0.0010,102,TAK
14567_zbledami_L2A_class,multi-layer perceptron,HotellingT2,79.7603,83.6218,3.8615,56,85,0.0184,1.0000,102,nie
14567_zbledami_L2A_class,multi-layer perceptron,Robust_Mahalanobis,79.7603,76.2983,-3.4621,93,67,0.0481,1.0000,102,nie
14567_zbledami_L2A_class,multi-layer perceptron,Erosion,79.7603,82.2903,2.5300,61,80,0.1296,1.0000,102,nie
14567_zbledami_L2A_class,multi-layer perceptron,IsolationForest,79.7603,77.4967,-2.2636,42,25,0.0506,1.0000,102,nie
14567_zbledami_L2A_class,multi-layer perceptron,Percentile,79.7603,81.7577,1.9973,53,68,0.2031,1.0000,102,nie
14567_zbledami_L2A_class,multi-layer perceptron,OneClassSVM,79.7603,83.0892,3.3289,34,59,0.0128,1.0000,102,nie
14567_zbledami_L2A_class,multi-layer perceptron,GMM,79.7603,65.6458,-14.1145,138,32,0.0000,0.0000,102,TAK
14567_zbledami_L2A_class,multi-layer perceptron,PCA,79.7603,70.5726,-9.1877,100,31,0.0000,0.0000,102,TAK
14567_zbledami_L2A_class,support vector machine,MAD,84.5539,85.4860,0.9321,17,24,0.3487,1.0000,102,nie
14567_zbledami_L2A_class,support vector machine,IQR,84.5539,86.5513,1.9973,17,32,0.0455,1.0000,102,nie
14567_zbledami_L2A_class,support vector machine,SAM,84.5539,84.6871,0.1332,7,8,1.0000,1.0000,102,nie
14567_zbledami_L2A_class,support vector machine,PCA_Reconstruction,84.5539,84.1545,-0.3995,12,9,0.6636,1.0000,102,nie
14567_zbledami_L2A_class,support vector machine,Mahalanobis,84.5539,85.2197,0.6658,19,24,0.5419,1.0000,102,nie
14567_zbledami_L2A_class,support vector machine,EllipticEnvelope,84.5539,85.3529,0.7989,4,10,0.1796,1.0000,102,nie
14567_zbledami_L2A_class,support vector machine,Band_Z-score,84.5539,85.0866,0.5326,17,21,0.6265,1.0000,102,nie
14567_zbledami_L2A_class,support vector machine,OneClassSVM,84.5539,85.3529,0.7989,5,11,0.2101,1.0000,102,nie
14567_zbledami_L2A_class,support vector machine,GMM,84.5539,85.2197,0.6658,7,12,0.3593,1.0000,102,nie
14567_zbledami_L2A_class,support vector machine,PCA,84.5539,83.7550,-0.7989,35,29,0.5320,1.0000,102,nie
14567_zbledami_L2A_class,support vector machine,Percentile,84.5539,86.1518,1.5979,7,19,0.0310,1.0000,102,nie
14567_zbledami_L2A_class,support vector machine,Erosion,84.5539,85.0866,0.5326,9,13,0.5235,1.0000,102,nie
14567_zbledami_L2A_class,support vector machine,IsolationForest,84.5539,85.2197,0.6658,4,9,0.2668,1.0000,102,nie
14567_zbledami_L2A_class,support vector machine,HotellingT2,84.5539,85.3529,0.7989,18,24,0.4404,1.0000,102,nie
14567_zbledami_L2A_class,support vector machine,LOF,84.5539,84.0213,-0.5326,7,3,0.3438,1.0000,102,nie
14567_zbledami_L2A_class,support vector machine,kNN,84.5539,84.9534,0.3995,8,11,0.6476,1.0000,102,nie
14567_zbledami_L2A_class,support vector machine,Robust_Mahalanobis,84.5539,81.3582,-3.1957,51,27,0.0092,0.7458,102,nie
14567_zbledami_L2A_class,spectral angle mapping,PCA_Reconstruction,78.5619,78.2956,-0.2663,7,5,0.7744,1.0000,102,nie
14567_zbledami_L2A_class,spectral angle mapping,SAM,78.5619,78.8282,0.2663,5,7,0.7744,1.0000,102,nie
14567_zbledami_L2A_class,spectral angle mapping,EllipticEnvelope,78.5619,78.1625,-0.3995,10,7,0.6291,1.0000,102,nie
14567_zbledami_L2A_class,spectral angle mapping,Band_Z-score,78.5619,79.8935,1.3316,7,17,0.0639,1.0000,102,nie
14567_zbledami_L2A_class,spectral angle mapping,Mahalanobis,78.5619,78.5619,0.0000,15,15,0.8551,1.0000,102,nie
14567_zbledami_L2A_class,spectral angle mapping,MAD,78.5619,79.8935,1.3316,9,19,0.0890,1.0000,102,nie
14567_zbledami_L2A_class,spectral angle mapping,IQR,78.5619,80.4261,1.8642,11,25,0.0303,1.0000,102,nie
14567_zbledami_L2A_class,spectral angle mapping,IsolationForest,78.5619,78.5619,0.0000,7,7,1.0000,1.0000,102,nie
14567_zbledami_L2A_class,spectral angle mapping,Erosion,78.5619,77.8961,-0.6658,15,10,0.4237,1.0000,102,nie
14567_zbledami_L2A_class,spectral angle mapping,Robust_Mahalanobis,78.5619,76.2983,-2.2636,39,22,0.0405,1.0000,102,nie
14567_zbledami_L2A_class,spectral angle mapping,HotellingT2,78.5619,78.8282,0.2663,14,16,0.8551,1.0000,102,nie
14567_zbledami_L2A_class,spectral angle mapping,kNN,78.5619,78.2956,-0.2663,8,6,0.7905,1.0000,102,nie
14567_zbledami_L2A_class,spectral angle mapping,LOF,78.5619,77.8961,-0.6658,6,1,0.1250,1.0000,102,nie
14567_zbledami_L2A_class,spectral angle mapping,PCA,78.5619,80.0266,1.4647,19,30,0.1531,1.0000,102,nie
14567_zbledami_L2A_class,spectral angle mapping,GMM,78.5619,78.1625,-0.3995,8,5,0.5811,1.0000,102,nie
14567_zbledami_L2A_class,spectral angle mapping,OneClassSVM,78.5619,78.5619,0.0000,7,7,1.0000,1.0000,102,nie
14567_zbledami_L2A_class,spectral angle mapping,Percentile,78.5619,79.4940,0.9321,7,14,0.1892,1.0000,102,nie
14567_zbledami_L2A_class,minimum distance,GMM,80.9587,80.4261,-0.5326,5,1,0.2188,1.0000,102,nie
14567_zbledami_L2A_class,minimum distance,OneClassSVM,80.9587,80.8256,-0.1332,2,1,1.0000,1.0000,102,nie
14567_zbledami_L2A_class,minimum distance,Erosion,80.9587,80.0266,-0.9321,13,6,0.1671,1.0000,102,nie
14567_zbledami_L2A_class,minimum distance,PCA,80.9587,78.8282,-2.1305,31,15,0.0270,1.0000,102,nie
14567_zbledami_L2A_class,minimum distance,Percentile,80.9587,80.9587,0.0000,2,2,1.0000,1.0000,102,nie
14567_zbledami_L2A_class,minimum distance,IsolationForest,80.9587,80.5593,-0.3995,5,2,0.4531,1.0000,102,nie
14567_zbledami_L2A_class,minimum distance,LOF,80.9587,80.6924,-0.2663,2,0,0.5000,1.0000,102,nie
14567_zbledami_L2A_class,minimum distance,Mahalanobis,80.9587,79.8935,-1.0652,11,3,0.0574,1.0000,102,nie
14567_zbledami_L2A_class,minimum distance,EllipticEnvelope,80.9587,80.6924,-0.2663,3,1,0.6250,1.0000,102,nie
14567_zbledami_L2A_class,minimum distance,PCA_Reconstruction,80.9587,80.2929,-0.6658,5,0,0.0625,1.0000,102,nie
14567_zbledami_L2A_class,minimum distance,IQR,80.9587,80.6924,-0.2663,16,14,0.8551,1.0000,102,nie
14567_zbledami_L2A_class,minimum distance,Robust_Mahalanobis,80.9587,78.6951,-2.2636,31,14,0.0171,1.0000,102,nie
14567_zbledami_L2A_class,minimum distance,HotellingT2,80.9587,79.8935,-1.0652,12,4,0.0768,1.0000,102,nie
14567_zbledami_L2A_class,minimum distance,kNN,80.9587,80.6924,-0.2663,4,2,0.6875,1.0000,102,nie
14567_zbledami_L2A_class,minimum distance,Band_Z-score,80.9587,80.5593,-0.3995,7,4,0.5488,1.0000,102,nie
14567_zbledami_L2A_class,minimum distance,MAD,80.9587,80.2929,-0.6658,12,7,0.3593,1.0000,102,nie
14567_zbledami_L2A_class,minimum distance,SAM,80.9587,80.2929,-0.6658,5,0,0.0625,1.0000,102,nie
14567_zbledami_L2A_roi,maximum likelihood,GMM,70.7057,73.2357,2.5300,2,21,0.0001,0.0057,102,TAK
14567_zbledami_L2A_roi,maximum likelihood,Mahalanobis,70.7057,71.1052,0.3995,30,33,0.8011,1.0000,102,nie
14567_zbledami_L2A_roi,maximum likelihood,IsolationForest,70.7057,73.3688,2.6631,5,25,0.0005,0.0423,102,TAK
14567_zbledami_L2A_roi,maximum likelihood,PCA_Reconstruction,70.7057,72.1704,1.4647,7,18,0.0455,1.0000,102,nie
14567_zbledami_L2A_roi,maximum likelihood,Robust_Mahalanobis,70.7057,66.5779,-4.1278,84,53,0.0104,0.7366,102,nie
14567_zbledami_L2A_roi,maximum likelihood,SAM,70.7057,73.2357,2.5300,5,24,0.0008,0.0664,102,nie
14567_zbledami_L2A_roi,maximum likelihood,HotellingT2,70.7057,69.6405,-1.0652,32,24,0.3496,1.0000,102,nie
14567_zbledami_L2A_roi,maximum likelihood,MAD,70.7057,60.9854,-9.7204,98,25,0.0000,0.0000,102,TAK
14567_zbledami_L2A_roi,maximum likelihood,IQR,70.7057,67.3768,-3.3289,58,33,0.0119,0.7955,102,nie
14567_zbledami_L2A_roi,maximum likelihood,EllipticEnvelope,70.7057,72.7031,1.9973,5,20,0.0051,0.3833,102,nie
14567_zbledami_L2A_roi,maximum likelihood,OneClassSVM,70.7057,73.9015,3.1957,8,32,0.0003,0.0229,102,TAK
14567_zbledami_L2A_roi,maximum likelihood,LOF,70.7057,72.5699,1.8642,6,20,0.0108,0.7443,102,nie
14567_zbledami_L2A_roi,maximum likelihood,Erosion,70.7057,71.6378,0.9321,29,36,0.4568,1.0000,102,nie
14567_zbledami_L2A_roi,maximum likelihood,kNN,70.7057,72.4368,1.7310,5,18,0.0106,0.7435,102,nie
14567_zbledami_L2A_roi,maximum likelihood,PCA,70.7057,58.1891,-12.5166,112,18,0.0000,0.0000,102,TAK
14567_zbledami_L2A_roi,maximum likelihood,Percentile,70.7057,70.8389,0.1332,21,22,1.0000,1.0000,102,nie
14567_zbledami_L2A_roi,maximum likelihood,Band_Z-score,70.7057,71.7710,1.0652,21,29,0.3222,1.0000,102,nie
14567_zbledami_L2A_roi,random forest,GMM,80.6924,81.3582,0.6658,35,40,0.6442,1.0000,102,nie
14567_zbledami_L2A_roi,random forest,Robust_Mahalanobis,80.6924,68.5752,-12.1172,123,32,0.0000,0.0000,102,TAK
14567_zbledami_L2A_roi,random forest,Mahalanobis,80.6924,74.4341,-6.2583,75,28,0.0000,0.0005,102,TAK
14567_zbledami_L2A_roi,random forest,OneClassSVM,80.6924,83.4887,2.7963,30,51,0.0263,1.0000,102,nie
14567_zbledami_L2A_roi,random forest,PCA,80.6924,72.0373,-8.6551,100,35,0.0000,0.0000,102,TAK
14567_zbledami_L2A_roi,random forest,SAM,80.6924,82.8229,2.1305,25,41,0.0648,1.0000,102,nie
14567_zbledami_L2A_roi,random forest,EllipticEnvelope,80.6924,84.8202,4.1278,20,51,0.0004,0.0304,102,TAK
14567_zbledami_L2A_roi,random forest,kNN,80.6924,81.3582,0.6658,22,27,0.5677,1.0000,102,nie
14567_zbledami_L2A_roi,random forest,LOF,80.6924,82.0240,1.3316,32,42,0.2955,1.0000,102,nie
14567_zbledami_L2A_roi,random forest,Percentile,80.6924,82.5566,1.8642,29,43,0.1255,1.0000,102,nie
14567_zbledami_L2A_roi,random forest,IQR,80.6924,81.3582,0.6658,45,50,0.6815,1.0000,102,nie
14567_zbledami_L2A_roi,random forest,Erosion,80.6924,81.3582,0.6658,52,57,0.7016,1.0000,102,nie
14567_zbledami_L2A_roi,random forest,PCA_Reconstruction,80.6924,83.6218,2.9294,22,44,0.0097,0.7013,102,nie
14567_zbledami_L2A_roi,random forest,Band_Z-score,80.6924,81.6245,0.9321,29,36,0.4568,1.0000,102,nie
14567_zbledami_L2A_roi,random forest,IsolationForest,80.6924,83.6218,2.9294,23,45,0.0109,0.7443,102,nie
14567_zbledami_L2A_roi,random forest,MAD,80.6924,70.9720,-9.7204,106,33,0.0000,0.0000,102,TAK
14567_zbledami_L2A_roi,random forest,HotellingT2,80.6924,77.7630,-2.9294,57,35,0.0286,1.0000,102,nie
14567_zbledami_L2A_roi,multi-layer perceptron,Mahalanobis,74.0346,77.0972,3.0626,19,42,0.0049,0.3686,102,nie
14567_zbledami_L2A_roi,multi-layer perceptron,Band_Z-score,74.0346,82.5566,8.5220,36,100,0.0000,0.0000,102,TAK
14567_zbledami_L2A_roi,multi-layer perceptron,EllipticEnvelope,74.0346,84.4208,10.3862,11,89,0.0000,0.0000,102,TAK
14567_zbledami_L2A_roi,multi-layer perceptron,SAM,74.0346,72.5699,-1.4647,62,51,0.3468,1.0000,102,nie
14567_zbledami_L2A_roi,multi-layer perceptron,PCA_Reconstruction,74.0346,85.8855,11.8509,13,102,0.0000,0.0000,102,TAK
14567_zbledami_L2A_roi,multi-layer perceptron,IQR,74.0346,78.6951,4.6605,47,82,0.0028,0.2123,102,nie
14567_zbledami_L2A_roi,multi-layer perceptron,MAD,74.0346,76.8309,2.7963,52,73,0.0736,1.0000,102,nie
14567_zbledami_L2A_roi,multi-layer perceptron,kNN,74.0346,80.2929,6.2583,21,68,0.0000,0.0001,102,TAK
14567_zbledami_L2A_roi,multi-layer perceptron,LOF,74.0346,81.6245,7.5899,12,69,0.0000,0.0000,102,TAK
14567_zbledami_L2A_roi,multi-layer perceptron,HotellingT2,74.0346,82.0240,7.9893,22,82,0.0000,0.0000,102,TAK
14567_zbledami_L2A_roi,multi-layer perceptron,Robust_Mahalanobis,74.0346,75.3662,1.3316,67,77,0.4533,1.0000,102,nie
14567_zbledami_L2A_roi,multi-layer perceptron,Erosion,74.0346,75.4993,1.4647,34,45,0.2606,1.0000,102,nie
14567_zbledami_L2A_roi,multi-layer perceptron,IsolationForest,74.0346,68.0426,-5.9920,87,42,0.0001,0.0092,102,TAK
14567_zbledami_L2A_roi,multi-layer perceptron,Percentile,74.0346,84.9534,10.9188,15,97,0.0000,0.0000,102,TAK
14567_zbledami_L2A_roi,multi-layer perceptron,OneClassSVM,74.0346,84.0213,9.9867,35,110,0.0000,0.0000,102,TAK
14567_zbledami_L2A_roi,multi-layer perceptron,GMM,74.0346,67.5100,-6.5246,82,33,0.0000,0.0007,102,TAK
14567_zbledami_L2A_roi,multi-layer perceptron,PCA,74.0346,71.9041,-2.1305,103,87,0.2765,1.0000,102,nie
14567_zbledami_L2A_roi,support vector machine,MAD,84.5539,80.5593,-3.9947,45,15,0.0002,0.0154,102,TAK
14567_zbledami_L2A_roi,support vector machine,IQR,84.5539,84.8202,0.2663,29,31,0.8973,1.0000,102,nie
14567_zbledami_L2A_roi,support vector machine,SAM,84.5539,84.4208,-0.1332,7,6,1.0000,1.0000,102,nie
14567_zbledami_L2A_roi,support vector machine,PCA_Reconstruction,84.5539,84.0213,-0.5326,6,2,0.2891,1.0000,102,nie
14567_zbledami_L2A_roi,support vector machine,Mahalanobis,84.5539,84.4208,-0.1332,22,21,1.0000,1.0000,102,nie
14567_zbledami_L2A_roi,support vector machine,EllipticEnvelope,84.5539,85.6192,1.0652,3,11,0.0574,1.0000,102,nie
14567_zbledami_L2A_roi,support vector machine,Band_Z-score,84.5539,85.4860,0.9321,11,18,0.2652,1.0000,102,nie
14567_zbledami_L2A_roi,support vector machine,OneClassSVM,84.5539,84.1545,-0.3995,12,9,0.6636,1.0000,102,nie
14567_zbledami_L2A_roi,support vector machine,GMM,84.5539,84.5539,0.0000,3,3,1.0000,1.0000,102,nie
14567_zbledami_L2A_roi,support vector machine,PCA,84.5539,81.0919,-3.4621,46,20,0.0021,0.1629,102,nie
14567_zbledami_L2A_roi,support vector machine,Percentile,84.5539,85.3529,0.7989,6,12,0.2379,1.0000,102,nie
14567_zbledami_L2A_roi,support vector machine,Erosion,84.5539,85.0866,0.5326,9,13,0.5235,1.0000,102,nie
14567_zbledami_L2A_roi,support vector machine,IsolationForest,84.5539,85.2197,0.6658,4,9,0.2668,1.0000,102,nie
14567_zbledami_L2A_roi,support vector machine,HotellingT2,84.5539,84.4208,-0.1332,22,21,1.0000,1.0000,102,nie
14567_zbledami_L2A_roi,support vector machine,LOF,84.5539,84.6871,0.1332,4,5,1.0000,1.0000,102,nie
14567_zbledami_L2A_roi,support vector machine,kNN,84.5539,85.0866,0.5326,4,8,0.3877,1.0000,102,nie
14567_zbledami_L2A_roi,support vector machine,Robust_Mahalanobis,84.5539,83.8881,-0.6658,37,32,0.6301,1.0000,102,nie
14567_zbledami_L2A_roi,spectral angle mapping,PCA_Reconstruction,78.5619,78.1625,-0.3995,6,3,0.5078,1.0000,102,nie
14567_zbledami_L2A_roi,spectral angle mapping,SAM,78.5619,77.6298,-0.9321,11,4,0.1185,1.0000,102,nie
14567_zbledami_L2A_roi,spectral angle mapping,EllipticEnvelope,78.5619,77.4967,-1.0652,12,4,0.0768,1.0000,102,nie
14567_zbledami_L2A_roi,spectral angle mapping,Band_Z-score,78.5619,77.8961,-0.6658,15,10,0.4237,1.0000,102,nie
14567_zbledami_L2A_roi,spectral angle mapping,Mahalanobis,78.5619,78.4288,-0.1332,15,14,1.0000,1.0000,102,nie
14567_zbledami_L2A_roi,spectral angle mapping,MAD,78.5619,77.0972,-1.4647,33,22,0.1775,1.0000,102,nie
14567_zbledami_L2A_roi,spectral angle mapping,IQR,78.5619,77.7630,-0.7989,29,23,0.4881,1.0000,102,nie
14567_zbledami_L2A_roi,spectral angle mapping,IsolationForest,78.5619,77.6298,-0.9321,11,4,0.1185,1.0000,102,nie
14567_zbledami_L2A_roi,spectral angle mapping,Erosion,78.5619,77.8961,-0.6658,15,10,0.4237,1.0000,102,nie
14567_zbledami_L2A_roi,spectral angle mapping,Robust_Mahalanobis,78.5619,78.0293,-0.5326,31,27,0.6936,1.0000,102,nie
14567_zbledami_L2A_roi,spectral angle mapping,HotellingT2,78.5619,78.2956,-0.2663,15,13,0.8501,1.0000,102,nie
14567_zbledami_L2A_roi,spectral angle mapping,kNN,78.5619,77.8961,-0.6658,8,3,0.2266,1.0000,102,nie
14567_zbledami_L2A_roi,spectral angle mapping,LOF,78.5619,77.6298,-0.9321,10,3,0.0923,1.0000,102,nie
14567_zbledami_L2A_roi,spectral angle mapping,PCA,78.5619,78.4288,-0.1332,30,29,1.0000,1.0000,102,nie
14567_zbledami_L2A_roi,spectral angle mapping,GMM,78.5619,78.0293,-0.5326,7,3,0.3438,1.0000,102,nie
14567_zbledami_L2A_roi,spectral angle mapping,OneClassSVM,78.5619,78.4288,-0.1332,6,5,1.0000,1.0000,102,nie
14567_zbledami_L2A_roi,spectral angle mapping,Percentile,78.5619,77.3635,-1.1984,13,4,0.0490,1.0000,102,nie
14567_zbledami_L2A_roi,minimum distance,GMM,80.9587,80.8256,-0.1332,2,1,1.0000,1.0000,102,nie
14567_zbledami_L2A_roi,minimum distance,OneClassSVM,80.9587,80.5593,-0.3995,3,0,0.2500,1.0000,102,nie
14567_zbledami_L2A_roi,minimum distance,Erosion,80.9587,80.0266,-0.9321,13,6,0.1671,1.0000,102,nie
14567_zbledami_L2A_roi,minimum distance,PCA,80.9587,79.8935,-1.0652,23,15,0.2561,1.0000,102,nie
14567_zbledami_L2A_roi,minimum distance,Percentile,80.9587,80.2929,-0.6658,5,0,0.0625,1.0000,102,nie
14567_zbledami_L2A_roi,minimum distance,IsolationForest,80.9587,80.6924,-0.2663,2,0,0.5000,1.0000,102,nie
14567_zbledami_L2A_roi,minimum distance,LOF,80.9587,80.6924,-0.2663,2,0,0.5000,1.0000,102,nie
14567_zbledami_L2A_roi,minimum distance,Mahalanobis,80.9587,79.4940,-1.4647,13,2,0.0074,0.5465,102,nie
14567_zbledami_L2A_roi,minimum distance,EllipticEnvelope,80.9587,80.5593,-0.3995,3,0,0.2500,1.0000,102,nie
14567_zbledami_L2A_roi,minimum distance,PCA_Reconstruction,80.9587,80.8256,-0.1332,1,0,1.0000,1.0000,102,nie
14567_zbledami_L2A_roi,minimum distance,IQR,80.9587,78.0293,-2.9294,27,5,0.0002,0.0173,102,TAK
14567_zbledami_L2A_roi,minimum distance,Robust_Mahalanobis,80.9587,78.8282,-2.1305,27,11,0.0150,0.9725,102,nie
14567_zbledami_L2A_roi,minimum distance,HotellingT2,80.9587,79.4940,-1.4647,13,2,0.0074,0.5465,102,nie
14567_zbledami_L2A_roi,minimum distance,kNN,80.9587,80.5593,-0.3995,3,0,0.2500,1.0000,102,nie
14567_zbledami_L2A_roi,minimum distance,Band_Z-score,80.9587,79.6272,-1.3316,12,2,0.0129,0.8540,102,nie
14567_zbledami_L2A_roi,minimum distance,MAD,80.9587,78.1625,-2.7963,30,9,0.0014,0.1076,102,nie
14567_zbledami_L2A_roi,minimum distance,SAM,80.9587,80.5593,-0.3995,3,0,0.2500,1.0000,102,nie
1456_poprawny_L1C_class,maximum likelihood,GMM,78.0293,75.4993,-2.5300,21,2,0.0001,0.0059,102,TAK
1456_poprawny_L1C_class,maximum likelihood,Mahalanobis,78.0293,23.7017,-54.3276,409,1,0.0000,0.0000,102,TAK
1456_poprawny_L1C_class,maximum likelihood,IsolationForest,78.0293,78.1625,0.1332,4,5,1.0000,1.0000,102,nie
1456_poprawny_L1C_class,maximum likelihood,PCA_Reconstruction,78.0293,78.0293,0.0000,4,4,1.0000,1.0000,102,nie
1456_poprawny_L1C_class,maximum likelihood,Robust_Mahalanobis,78.0293,82.0240,3.9947,26,56,0.0014,0.1131,102,nie
1456_poprawny_L1C_class,maximum likelihood,SAM,78.0293,78.1625,0.1332,4,5,1.0000,1.0000,102,nie
1456_poprawny_L1C_class,maximum likelihood,HotellingT2,78.0293,79.3609,1.3316,34,44,0.3082,1.0000,102,nie
1456_poprawny_L1C_class,maximum likelihood,MAD,78.0293,71.3715,-6.6578,58,8,0.0000,0.0000,102,TAK
1456_poprawny_L1C_class,maximum likelihood,IQR,78.0293,69.9068,-8.1225,69,8,0.0000,0.0000,102,TAK
1456_poprawny_L1C_class,maximum likelihood,EllipticEnvelope,78.0293,78.1625,0.1332,4,5,1.0000,1.0000,102,nie
1456_poprawny_L1C_class,maximum likelihood,OneClassSVM,78.0293,80.8256,2.7963,2,23,0.0001,0.0058,102,TAK
1456_poprawny_L1C_class,maximum likelihood,LOF,78.0293,79.0945,1.0652,6,14,0.1153,1.0000,102,nie
1456_poprawny_L1C_class,maximum likelihood,Erosion,78.0293,23.7017,-54.3276,409,1,0.0000,0.0000,102,TAK
1456_poprawny_L1C_class,maximum likelihood,kNN,78.0293,76.5646,-1.4647,17,6,0.0347,1.0000,102,nie
1456_poprawny_L1C_class,maximum likelihood,PCA,78.0293,87.3502,9.3209,13,83,0.0000,0.0000,102,TAK
1456_poprawny_L1C_class,maximum likelihood,Percentile,78.0293,79.0945,1.0652,5,13,0.0963,1.0000,102,nie
1456_poprawny_L1C_class,maximum likelihood,Band_Z-score,78.0293,78.1625,0.1332,4,5,1.0000,1.0000,102,nie
1456_poprawny_L1C_class,random forest,GMM,78.1625,78.1625,0.0000,0,0,1.0000,1.0000,102,nie
1456_poprawny_L1C_class,random forest,Robust_Mahalanobis,78.1625,82.5566,4.3941,65,98,0.0122,0.9635,102,nie
1456_poprawny_L1C_class,random forest,Mahalanobis,78.1625,79.4940,1.3316,12,22,0.1227,1.0000,102,nie
1456_poprawny_L1C_class,random forest,OneClassSVM,78.1625,79.7603,1.5979,0,12,0.0005,0.0430,102,TAK
1456_poprawny_L1C_class,random forest,PCA,78.1625,62.3169,-15.8455,197,78,0.0000,0.0000,102,TAK
1456_poprawny_L1C_class,random forest,SAM,78.1625,78.1625,0.0000,0,0,1.0000,1.0000,102,nie
1456_poprawny_L1C_class,random forest,EllipticEnvelope,78.1625,78.1625,0.0000,0,0,1.0000,1.0000,102,nie
1456_poprawny_L1C_class,random forest,kNN,78.1625,79.6272,1.4647,0,11,0.0010,0.0830,102,nie
1456_poprawny_L1C_class,random forest,LOF,78.1625,78.1625,0.0000,0,0,1.0000,1.0000,102,nie
1456_poprawny_L1C_class,random forest,Percentile,78.1625,76.2983,-1.8642,35,21,0.0824,1.0000,102,nie
1456_poprawny_L1C_class,random forest,IQR,78.1625,80.5593,2.3968,4,22,0.0009,0.0736,102,nie
1456_poprawny_L1C_class,random forest,Erosion,78.1625,80.6924,2.5300,6,25,0.0012,0.1029,102,nie
1456_poprawny_L1C_class,random forest,PCA_Reconstruction,78.1625,78.1625,0.0000,0,0,1.0000,1.0000,102,nie
1456_poprawny_L1C_class,random forest,Band_Z-score,78.1625,78.0293,-0.1332,2,1,1.0000,1.0000,102,nie
1456_poprawny_L1C_class,random forest,IsolationForest,78.1625,78.1625,0.0000,0,0,1.0000,1.0000,102,nie
1456_poprawny_L1C_class,random forest,MAD,78.1625,82.2903,4.1278,82,113,0.0317,1.0000,102,nie
1456_poprawny_L1C_class,random forest,HotellingT2,78.1625,77.2304,-0.9321,28,21,0.3914,1.0000,102,nie
1456_poprawny_L1C_class,multi-layer perceptron,Mahalanobis,92.1438,86.5513,-5.5925,47,5,0.0000,0.0000,102,TAK
1456_poprawny_L1C_class,multi-layer perceptron,Band_Z-score,92.1438,91.8775,-0.2663,8,6,0.7905,1.0000,102,nie
1456_poprawny_L1C_class,multi-layer perceptron,EllipticEnvelope,92.1438,87.0839,-5.0599,42,4,0.0000,0.0000,102,TAK
1456_poprawny_L1C_class,multi-layer perceptron,SAM,92.1438,92.1438,0.0000,7,7,1.0000,1.0000,102,nie
1456_poprawny_L1C_class,multi-layer perceptron,PCA_Reconstruction,92.1438,91.8775,-0.2663,7,5,0.7744,1.0000,102,nie
1456_poprawny_L1C_class,multi-layer perceptron,IQR,92.1438,92.8096,0.6658,9,14,0.4049,1.0000,102,nie
1456_poprawny_L1C_class,multi-layer perceptron,MAD,92.1438,88.9481,-3.1957,44,20,0.0040,0.3273,102,nie
1456_poprawny_L1C_class,multi-layer perceptron,kNN,92.1438,91.0786,-1.0652,14,6,0.1153,1.0000,102,nie
1456_poprawny_L1C_class,multi-layer perceptron,LOF,92.1438,91.6112,-0.5326,8,4,0.3877,1.0000,102,nie
1456_poprawny_L1C_class,multi-layer perceptron,HotellingT2,92.1438,91.6112,-0.5326,10,6,0.4545,1.0000,102,nie
1456_poprawny_L1C_class,multi-layer perceptron,Robust_Mahalanobis,92.1438,84.4208,-7.7230,66,8,0.0000,0.0000,102,TAK
1456_poprawny_L1C_class,multi-layer perceptron,Erosion,92.1438,92.2770,0.1332,15,16,1.0000,1.0000,102,nie
1456_poprawny_L1C_class,multi-layer perceptron,IsolationForest,92.1438,89.7470,-2.3968,24,6,0.0019,0.1567,102,nie
1456_poprawny_L1C_class,multi-layer perceptron,Percentile,92.1438,92.2770,0.1332,7,8,1.0000,1.0000,102,nie
1456_poprawny_L1C_class,multi-layer perceptron,OneClassSVM,92.1438,92.2770,0.1332,3,4,1.0000,1.0000,102,nie
1456_poprawny_L1C_class,multi-layer perceptron,GMM,92.1438,92.0107,-0.1332,4,3,1.0000,1.0000,102,nie
1456_poprawny_L1C_class,multi-layer perceptron,PCA,92.1438,86.9507,-5.1931,52,13,0.0000,0.0002,102,TAK
1456_poprawny_L1C_class,support vector machine,MAD,94.9401,95.3395,0.3995,1,4,0.3750,1.0000,102,nie
1456_poprawny_L1C_class,support vector machine,IQR,94.9401,95.3395,0.3995,1,4,0.3750,1.0000,102,nie
1456_poprawny_L1C_class,support vector machine,SAM,94.9401,94.8069,-0.1332,2,1,1.0000,1.0000,102,nie
1456_poprawny_L1C_class,support vector machine,PCA_Reconstruction,94.9401,94.6738,-0.2663,3,1,0.6250,1.0000,102,nie
1456_poprawny_L1C_class,support vector machine,Mahalanobis,94.9401,94.1411,-0.7989,9,3,0.1460,1.0000,102,nie
1456_poprawny_L1C_class,support vector machine,EllipticEnvelope,94.9401,94.8069,-0.1332,2,1,1.0000,1.0000,102,nie
1456_poprawny_L1C_class,support vector machine,Band_Z-score,94.9401,94.6738,-0.2663,2,0,0.5000,1.0000,102,nie
1456_poprawny_L1C_class,support vector machine,OneClassSVM,94.9401,94.4075,-0.5326,5,1,0.2188,1.0000,102,nie
1456_poprawny_L1C_class,support vector machine,GMM,94.9401,94.6738,-0.2663,3,1,0.6250,1.0000,102,nie
1456_poprawny_L1C_class,support vector machine,PCA,94.9401,90.9454,-3.9947,47,17,0.0003,0.0257,102,TAK
1456_poprawny_L1C_class,support vector machine,Percentile,94.9401,94.5406,-0.3995,6,3,0.5078,1.0000,102,nie
1456_poprawny_L1C_class,support vector machine,Erosion,94.9401,92.2770,-2.6631,25,5,0.0005,0.0455,102,TAK
1456_poprawny_L1C_class,support vector machine,IsolationForest,94.9401,94.5406,-0.3995,3,0,0.2500,1.0000,102,nie
1456_poprawny_L1C_class,support vector machine,HotellingT2,94.9401,94.2743,-0.6658,8,3,0.2266,1.0000,102,nie
1456_poprawny_L1C_class,support vector machine,LOF,94.9401,94.8069,-0.1332,2,1,1.0000,1.0000,102,nie
1456_poprawny_L1C_class,support vector machine,kNN,94.9401,94.8069,-0.1332,2,1,1.0000,1.0000,102,nie
1456_poprawny_L1C_class,support vector machine,Robust_Mahalanobis,94.9401,88.4154,-6.5246,53,4,0.0000,0.0000,102,TAK
1456_poprawny_L1C_class,spectral angle mapping,PCA_Reconstruction,90.9454,90.5459,-0.3995,3,0,0.2500,1.0000,102,nie
1456_poprawny_L1C_class,spectral angle mapping,SAM,90.9454,90.5459,-0.3995,3,0,0.2500,1.0000,102,nie
1456_poprawny_L1C_class,spectral angle mapping,EllipticEnvelope,90.9454,90.5459,-0.3995,3,0,0.2500,1.0000,102,nie
1456_poprawny_L1C_class,spectral angle mapping,Band_Z-score,90.9454,90.6791,-0.2663,2,0,0.5000,1.0000,102,nie
1456_poprawny_L1C_class,spectral angle mapping,Mahalanobis,90.9454,90.2796,-0.6658,5,0,0.0625,1.0000,102,nie
1456_poprawny_L1C_class,spectral angle mapping,MAD,90.9454,90.5459,-0.3995,3,0,0.2500,1.0000,102,nie
1456_poprawny_L1C_class,spectral angle mapping,IQR,90.9454,90.6791,-0.2663,2,0,0.5000,1.0000,102,nie
1456_poprawny_L1C_class,spectral angle mapping,IsolationForest,90.9454,90.5459,-0.3995,3,0,0.2500,1.0000,102,nie
1456_poprawny_L1C_class,spectral angle mapping,Erosion,90.9454,90.6791,-0.2663,6,4,0.7539,1.0000,102,nie
1456_poprawny_L1C_class,spectral angle mapping,Robust_Mahalanobis,90.9454,91.0786,0.1332,16,17,1.0000,1.0000,102,nie
1456_poprawny_L1C_class,spectral angle mapping,HotellingT2,90.9454,90.4128,-0.5326,5,1,0.2188,1.0000,102,nie
1456_poprawny_L1C_class,spectral angle mapping,kNN,90.9454,90.5459,-0.3995,3,0,0.2500,1.0000,102,nie
1456_poprawny_L1C_class,spectral angle mapping,LOF,90.9454,90.5459,-0.3995,3,0,0.2500,1.0000,102,nie
1456_poprawny_L1C_class,spectral angle mapping,PCA,90.9454,89.4807,-1.4647,23,12,0.0910,1.0000,102,nie
1456_poprawny_L1C_class,spectral angle mapping,GMM,90.9454,90.5459,-0.3995,3,0,0.2500,1.0000,102,nie
1456_poprawny_L1C_class,spectral angle mapping,OneClassSVM,90.9454,90.5459,-0.3995,3,0,0.2500,1.0000,102,nie
1456_poprawny_L1C_class,spectral angle mapping,Percentile,90.9454,90.6791,-0.2663,2,0,0.5000,1.0000,102,nie
1456_poprawny_L1C_class,minimum distance,GMM,88.5486,88.4154,-0.1332,1,0,1.0000,1.0000,102,nie
1456_poprawny_L1C_class,minimum distance,OneClassSVM,88.5486,88.5486,0.0000,0,0,1.0000,1.0000,102,nie
1456_poprawny_L1C_class,minimum distance,Erosion,88.5486,88.4154,-0.1332,4,3,1.0000,1.0000,102,nie
1456_poprawny_L1C_class,minimum distance,PCA,88.5486,88.2823,-0.2663,42,40,0.9121,1.0000,102,nie
1456_poprawny_L1C_class,minimum distance,Percentile,88.5486,88.8149,0.2663,0,2,0.5000,1.0000,102,nie
1456_poprawny_L1C_class,minimum distance,IsolationForest,88.5486,88.5486,0.0000,0,0,1.0000,1.0000,102,nie
1456_poprawny_L1C_class,minimum distance,LOF,88.5486,88.4154,-0.1332,1,0,1.0000,1.0000,102,nie
1456_poprawny_L1C_class,minimum distance,Mahalanobis,88.5486,88.9481,0.3995,0,3,0.2500,1.0000,102,nie
1456_poprawny_L1C_class,minimum distance,EllipticEnvelope,88.5486,88.5486,0.0000,0,0,1.0000,1.0000,102,nie
1456_poprawny_L1C_class,minimum distance,PCA_Reconstruction,88.5486,88.5486,0.0000,0,0,1.0000,1.0000,102,nie
1456_poprawny_L1C_class,minimum distance,IQR,88.5486,87.2170,-1.3316,11,1,0.0063,0.5078,102,nie
1456_poprawny_L1C_class,minimum distance,Robust_Mahalanobis,88.5486,87.7497,-0.7989,17,11,0.3447,1.0000,102,nie
1456_poprawny_L1C_class,minimum distance,HotellingT2,88.5486,88.6818,0.1332,2,3,1.0000,1.0000,102,nie
1456_poprawny_L1C_class,minimum distance,kNN,88.5486,88.4154,-0.1332,1,0,1.0000,1.0000,102,nie
1456_poprawny_L1C_class,minimum distance,Band_Z-score,88.5486,88.5486,0.0000,0,0,1.0000,1.0000,102,nie
1456_poprawny_L1C_class,minimum distance,MAD,88.5486,88.4154,-0.1332,1,0,1.0000,1.0000,102,nie
1456_poprawny_L1C_class,minimum distance,SAM,88.5486,88.5486,0.0000,0,0,1.0000,1.0000,102,nie
1456_poprawny_L1C_roi,maximum likelihood,GMM,78.0293,81.6245,3.5952,3,30,0.0000,0.0005,102,TAK
1456_poprawny_L1C_roi,maximum likelihood,Mahalanobis,78.0293,85.8855,7.8562,3,62,0.0000,0.0000,102,TAK
1456_poprawny_L1C_roi,maximum likelihood,IsolationForest,78.0293,77.7630,-0.2663,7,5,0.7744,1.0000,102,nie
1456_poprawny_L1C_roi,maximum likelihood,PCA_Reconstruction,78.0293,78.1625,0.1332,8,9,1.0000,1.0000,102,nie
1456_poprawny_L1C_roi,maximum likelihood,Robust_Mahalanobis,78.0293,78.2956,0.2663,85,87,0.9392,1.0000,102,nie
1456_poprawny_L1C_roi,maximum likelihood,SAM,78.0293,76.9640,-1.0652,12,4,0.0768,1.0000,102,nie
1456_poprawny_L1C_roi,maximum likelihood,HotellingT2,78.0293,86.2850,8.2557,2,64,0.0000,0.0000,102,TAK
1456_poprawny_L1C_roi,maximum likelihood,MAD,78.0293,23.7017,-54.3276,409,1,0.0000,0.0000,102,TAK
1456_poprawny_L1C_roi,maximum likelihood,IQR,78.0293,23.7017,-54.3276,409,1,0.0000,0.0000,102,TAK
1456_poprawny_L1C_roi,maximum likelihood,EllipticEnvelope,78.0293,78.2956,0.2663,9,11,0.8238,1.0000,102,nie
1456_poprawny_L1C_roi,maximum likelihood,OneClassSVM,78.0293,81.2250,3.1957,4,28,0.0000,0.0041,102,TAK
1456_poprawny_L1C_roi,maximum likelihood,LOF,78.0293,79.2277,1.1984,4,13,0.0490,1.0000,102,nie
1456_poprawny_L1C_roi,maximum likelihood,Erosion,78.0293,23.7017,-54.3276,409,1,0.0000,0.0000,102,TAK
1456_poprawny_L1C_roi,maximum likelihood,kNN,78.0293,78.5619,0.5326,8,12,0.5034,1.0000,102,nie
1456_poprawny_L1C_roi,maximum likelihood,PCA,78.0293,3.8615,-74.1678,571,14,0.0000,0.0000,102,TAK
1456_poprawny_L1C_roi,maximum likelihood,Percentile,78.0293,84.5539,6.5246,3,52,0.0000,0.0000,102,TAK
1456_poprawny_L1C_roi,maximum likelihood,Band_Z-score,78.0293,85.3529,7.3236,4,59,0.0000,0.0000,102,TAK
1456_poprawny_L1C_roi,random forest,GMM,78.1625,79.7603,1.5979,0,12,0.0005,0.0415,102,TAK
1456_poprawny_L1C_roi,random forest,Robust_Mahalanobis,78.1625,66.4447,-11.7177,108,20,0.0000,0.0000,102,TAK
1456_poprawny_L1C_roi,random forest,Mahalanobis,78.1625,79.3609,1.1984,2,11,0.0225,1.0000,102,nie
1456_poprawny_L1C_roi,random forest,OneClassSVM,78.1625,75.8988,-2.2636,26,9,0.0068,0.5131,102,nie
1456_poprawny_L1C_roi,random forest,PCA,78.1625,59.9201,-18.2423,151,14,0.0000,0.0000,102,TAK
1456_poprawny_L1C_roi,random forest,SAM,78.1625,79.7603,1.5979,0,12,0.0005,0.0415,102,TAK
1456_poprawny_L1C_roi,random forest,EllipticEnvelope,78.1625,79.6272,1.4647,0,11,0.0010,0.0771,102,nie
1456_poprawny_L1C_roi,random forest,kNN,78.1625,79.6272,1.4647,0,11,0.0010,0.0771,102,nie
1456_poprawny_L1C_roi,random forest,LOF,78.1625,79.7603,1.5979,0,12,0.0005,0.0415,102,TAK
1456_poprawny_L1C_roi,random forest,Percentile,78.1625,77.2304,-0.9321,28,21,0.3914,1.0000,102,nie
1456_poprawny_L1C_roi,random forest,IQR,78.1625,69.9068,-8.2557,90,28,0.0000,0.0000,102,TAK
1456_poprawny_L1C_roi,random forest,Erosion,78.1625,77.4967,-0.6658,37,32,0.6301,1.0000,102,nie
1456_poprawny_L1C_roi,random forest,PCA_Reconstruction,78.1625,78.1625,0.0000,0,0,1.0000,1.0000,102,nie
1456_poprawny_L1C_roi,random forest,Band_Z-score,78.1625,79.3609,1.1984,2,11,0.0225,1.0000,102,nie
1456_poprawny_L1C_roi,random forest,IsolationForest,78.1625,79.7603,1.5979,0,12,0.0005,0.0415,102,TAK
1456_poprawny_L1C_roi,random forest,MAD,78.1625,77.2304,-0.9321,27,20,0.3815,1.0000,102,nie
1456_poprawny_L1C_roi,random forest,HotellingT2,78.1625,79.3609,1.1984,2,11,0.0225,1.0000,102,nie
1456_poprawny_L1C_roi,multi-layer perceptron,Mahalanobis,92.1438,91.7443,-0.3995,6,3,0.5078,1.0000,102,nie
1456_poprawny_L1C_roi,multi-layer perceptron,Band_Z-score,92.1438,92.4101,0.2663,4,6,0.7539,1.0000,102,nie
1456_poprawny_L1C_roi,multi-layer perceptron,EllipticEnvelope,92.1438,89.0812,-3.0626,25,2,0.0000,0.0020,102,TAK
1456_poprawny_L1C_roi,multi-layer perceptron,SAM,92.1438,87.3502,-4.7936,41,5,0.0000,0.0000,102,TAK
1456_poprawny_L1C_roi,multi-layer perceptron,PCA_Reconstruction,92.1438,91.2117,-0.9321,9,2,0.0654,1.0000,102,nie
1456_poprawny_L1C_roi,multi-layer perceptron,IQR,92.1438,91.4780,-0.6658,10,5,0.3018,1.0000,102,nie
1456_poprawny_L1C_roi,multi-layer perceptron,MAD,92.1438,90.0133,-2.1305,21,5,0.0033,0.2513,102,nie
1456_poprawny_L1C_roi,multi-layer perceptron,kNN,92.1438,91.3449,-0.7989,7,1,0.0703,1.0000,102,nie
1456_poprawny_L1C_roi,multi-layer perceptron,LOF,92.1438,92.6764,0.5326,1,5,0.2188,1.0000,102,nie
1456_poprawny_L1C_roi,multi-layer perceptron,HotellingT2,92.1438,90.2796,-1.8642,18,4,0.0043,0.3301,102,nie
1456_poprawny_L1C_roi,multi-layer perceptron,Robust_Mahalanobis,92.1438,84.1545,-7.9893,66,6,0.0000,0.0000,102,TAK
1456_poprawny_L1C_roi,multi-layer perceptron,Erosion,92.1438,81.6245,-10.5193,97,18,0.0000,0.0000,102,TAK
1456_poprawny_L1C_roi,multi-layer perceptron,IsolationForest,92.1438,92.2770,0.1332,3,4,1.0000,1.0000,102,nie
1456_poprawny_L1C_roi,multi-layer perceptron,Percentile,92.1438,92.6764,0.5326,4,8,0.3877,1.0000,102,nie
1456_poprawny_L1C_roi,multi-layer perceptron,OneClassSVM,92.1438,92.1438,0.0000,6,6,1.0000,1.0000,102,nie
1456_poprawny_L1C_roi,multi-layer perceptron,GMM,92.1438,90.6791,-1.4647,14,3,0.0127,0.9417,102,nie
1456_poprawny_L1C_roi,multi-layer perceptron,PCA,92.1438,90.1465,-1.9973,17,2,0.0007,0.0583,102,nie
1456_poprawny_L1C_roi,support vector machine,MAD,94.9401,94.4075,-0.5326,6,2,0.2891,1.0000,102,nie
1456_poprawny_L1C_roi,support vector machine,IQR,94.9401,94.4075,-0.5326,6,2,0.2891,1.0000,102,nie
1456_poprawny_L1C_roi,support vector machine,SAM,94.9401,94.5406,-0.3995,4,1,0.3750,1.0000,102,nie
1456_poprawny_L1C_roi,support vector machine,PCA_Reconstruction,94.9401,94.8069,-0.1332,2,1,1.0000,1.0000,102,nie
1456_poprawny_L1C_roi,support vector machine,Mahalanobis,94.9401,94.9401,0.0000,1,1,1.0000,1.0000,102,nie
1456_poprawny_L1C_roi,support vector machine,EllipticEnvelope,94.9401,94.8069,-0.1332,2,1,1.0000,1.0000,102,nie
1456_poprawny_L1C_roi,support vector machine,Band_Z-score,94.9401,94.1411,-0.7989,6,0,0.0312,1.0000,102,nie
1456_poprawny_L1C_roi,support vector machine,OneClassSVM,94.9401,94.2743,-0.6658,5,0,0.0625,1.0000,102,nie
1456_poprawny_L1C_roi,support vector machine,GMM,94.9401,94.8069,-0.1332,2,1,1.0000,1.0000,102,nie
1456_poprawny_L1C_roi,support vector machine,PCA,94.9401,94.4075,-0.5326,6,2,0.2891,1.0000,102,nie
1456_poprawny_L1C_roi,support vector machine,Percentile,94.9401,94.4075,-0.5326,5,1,0.2188,1.0000,102,nie
1456_poprawny_L1C_roi,support vector machine,Erosion,94.9401,92.2770,-2.6631,25,5,0.0005,0.0423,102,TAK
1456_poprawny_L1C_roi,support vector machine,IsolationForest,94.9401,94.8069,-0.1332,2,1,1.0000,1.0000,102,nie
1456_poprawny_L1C_roi,support vector machine,HotellingT2,94.9401,94.9401,0.0000,1,1,1.0000,1.0000,102,nie
1456_poprawny_L1C_roi,support vector machine,LOF,94.9401,94.8069,-0.1332,2,1,1.0000,1.0000,102,nie
1456_poprawny_L1C_roi,support vector machine,kNN,94.9401,94.8069,-0.1332,2,1,1.0000,1.0000,102,nie
1456_poprawny_L1C_roi,support vector machine,Robust_Mahalanobis,94.9401,94.4075,-0.5326,6,2,0.2891,1.0000,102,nie
1456_poprawny_L1C_roi,spectral angle mapping,PCA_Reconstruction,90.9454,90.6791,-0.2663,3,1,0.6250,1.0000,102,nie
1456_poprawny_L1C_roi,spectral angle mapping,SAM,90.9454,90.5459,-0.3995,3,0,0.2500,1.0000,102,nie
1456_poprawny_L1C_roi,spectral angle mapping,EllipticEnvelope,90.9454,90.5459,-0.3995,3,0,0.2500,1.0000,102,nie
1456_poprawny_L1C_roi,spectral angle mapping,Band_Z-score,90.9454,90.5459,-0.3995,3,0,0.2500,1.0000,102,nie
1456_poprawny_L1C_roi,spectral angle mapping,Mahalanobis,90.9454,90.5459,-0.3995,3,0,0.2500,1.0000,102,nie
1456_poprawny_L1C_roi,spectral angle mapping,MAD,90.9454,90.9454,0.0000,3,3,1.0000,1.0000,102,nie
1456_poprawny_L1C_roi,spectral angle mapping,IQR,90.9454,90.8123,-0.1332,5,4,1.0000,1.0000,102,nie
1456_poprawny_L1C_roi,spectral angle mapping,IsolationForest,90.9454,90.5459,-0.3995,3,0,0.2500,1.0000,102,nie
1456_poprawny_L1C_roi,spectral angle mapping,Erosion,90.9454,90.6791,-0.2663,6,4,0.7539,1.0000,102,nie
1456_poprawny_L1C_roi,spectral angle mapping,Robust_Mahalanobis,90.9454,90.9454,0.0000,5,5,1.0000,1.0000,102,nie
1456_poprawny_L1C_roi,spectral angle mapping,HotellingT2,90.9454,90.5459,-0.3995,3,0,0.2500,1.0000,102,nie
1456_poprawny_L1C_roi,spectral angle mapping,kNN,90.9454,90.5459,-0.3995,3,0,0.2500,1.0000,102,nie
1456_poprawny_L1C_roi,spectral angle mapping,LOF,90.9454,90.5459,-0.3995,3,0,0.2500,1.0000,102,nie
1456_poprawny_L1C_roi,spectral angle mapping,PCA,90.9454,90.6791,-0.2663,6,4,0.7539,1.0000,102,nie
1456_poprawny_L1C_roi,spectral angle mapping,GMM,90.9454,90.5459,-0.3995,3,0,0.2500,1.0000,102,nie
1456_poprawny_L1C_roi,spectral angle mapping,OneClassSVM,90.9454,90.6791,-0.2663,3,1,0.6250,1.0000,102,nie
1456_poprawny_L1C_roi,spectral angle mapping,Percentile,90.9454,90.5459,-0.3995,3,0,0.2500,1.0000,102,nie
1456_poprawny_L1C_roi,minimum distance,GMM,88.5486,88.5486,0.0000,0,0,1.0000,1.0000,102,nie
1456_poprawny_L1C_roi,minimum distance,OneClassSVM,88.5486,88.6818,0.1332,0,1,1.0000,1.0000,102,nie
1456_poprawny_L1C_roi,minimum distance,Erosion,88.5486,88.4154,-0.1332,4,3,1.0000,1.0000,102,nie
1456_poprawny_L1C_roi,minimum distance,PCA,88.5486,88.4154,-0.1332,2,1,1.0000,1.0000,102,nie
1456_poprawny_L1C_roi,minimum distance,Percentile,88.5486,88.5486,0.0000,0,0,1.0000,1.0000,102,nie
1456_poprawny_L1C_roi,minimum distance,IsolationForest,88.5486,88.5486,0.0000,0,0,1.0000,1.0000,102,nie
1456_poprawny_L1C_roi,minimum distance,LOF,88.5486,88.4154,-0.1332,1,0,1.0000,1.0000,102,nie
1456_poprawny_L1C_roi,minimum distance,Mahalanobis,88.5486,88.4154,-0.1332,1,0,1.0000,1.0000,102,nie
1456_poprawny_L1C_roi,minimum distance,EllipticEnvelope,88.5486,88.4154,-0.1332,1,0,1.0000,1.0000,102,nie
1456_poprawny_L1C_roi,minimum distance,PCA_Reconstruction,88.5486,88.4154,-0.1332,1,0,1.0000,1.0000,102,nie
1456_poprawny_L1C_roi,minimum distance,IQR,88.5486,88.5486,0.0000,1,1,1.0000,1.0000,102,nie
1456_poprawny_L1C_roi,minimum distance,Robust_Mahalanobis,88.5486,88.5486,0.0000,3,3,1.0000,1.0000,102,nie
1456_poprawny_L1C_roi,minimum distance,HotellingT2,88.5486,88.4154,-0.1332,1,0,1.0000,1.0000,102,nie
1456_poprawny_L1C_roi,minimum distance,kNN,88.5486,88.5486,0.0000,0,0,1.0000,1.0000,102,nie
1456_poprawny_L1C_roi,minimum distance,Band_Z-score,88.5486,88.5486,0.0000,0,0,1.0000,1.0000,102,nie
1456_poprawny_L1C_roi,minimum distance,MAD,88.5486,88.5486,0.0000,1,1,1.0000,1.0000,102,nie
1456_poprawny_L1C_roi,minimum distance,SAM,88.5486,88.5486,0.0000,0,0,1.0000,1.0000,102,nie
1456_poprawny_L2A_class,maximum likelihood,GMM,79.6272,79.7603,0.1332,3,4,1.0000,1.0000,102,nie
1456_poprawny_L2A_class,maximum likelihood,Mahalanobis,79.6272,80.0266,0.3995,6,9,0.6072,1.0000,102,nie
1456_poprawny_L2A_class,maximum likelihood,IsolationForest,79.6272,80.5593,0.9321,1,8,0.0391,1.0000,102,nie
1456_poprawny_L2A_class,maximum likelihood,PCA_Reconstruction,79.6272,80.0266,0.3995,2,5,0.4531,1.0000,102,nie
1456_poprawny_L2A_class,maximum likelihood,Robust_Mahalanobis,79.6272,78.8282,-0.7989,51,45,0.6098,1.0000,102,nie
1456_poprawny_L2A_class,maximum likelihood,SAM,79.6272,80.0266,0.3995,2,5,0.4531,1.0000,102,nie
1456_poprawny_L2A_class,maximum likelihood,HotellingT2,79.6272,79.8935,0.2663,8,10,0.8145,1.0000,102,nie
1456_poprawny_L2A_class,maximum likelihood,MAD,79.6272,80.4261,0.7989,7,13,0.2632,1.0000,102,nie
1456_poprawny_L2A_class,maximum likelihood,IQR,79.6272,79.3609,-0.2663,16,14,0.8551,1.0000,102,nie
1456_poprawny_L2A_class,maximum likelihood,EllipticEnvelope,79.6272,80.1598,0.5326,2,6,0.2891,1.0000,102,nie
1456_poprawny_L2A_class,maximum likelihood,OneClassSVM,79.6272,80.5593,0.9321,1,8,0.0391,1.0000,102,nie
1456_poprawny_L2A_class,maximum likelihood,LOF,79.6272,80.4261,0.7989,0,6,0.0312,1.0000,102,nie
1456_poprawny_L2A_class,maximum likelihood,Erosion,79.6272,79.0945,-0.5326,19,15,0.6069,1.0000,102,nie
1456_poprawny_L2A_class,maximum likelihood,kNN,79.6272,80.1598,0.5326,2,6,0.2891,1.0000,102,nie
1456_poprawny_L2A_class,maximum likelihood,PCA,79.6272,79.6272,0.0000,8,8,1.0000,1.0000,102,nie
1456_poprawny_L2A_class,maximum likelihood,Percentile,79.6272,81.7577,2.1305,1,17,0.0001,0.0132,102,TAK
1456_poprawny_L2A_class,maximum likelihood,Band_Z-score,79.6272,80.1598,0.5326,3,7,0.3438,1.0000,102,nie
1456_poprawny_L2A_class,random forest,GMM,84.0213,86.4181,2.3968,0,18,0.0000,0.0007,102,TAK
1456_poprawny_L2A_class,random forest,Robust_Mahalanobis,84.0213,81.8908,-2.1305,40,24,0.0608,1.0000,102,nie
1456_poprawny_L2A_class,random forest,Mahalanobis,84.0213,84.5539,0.5326,13,17,0.5839,1.0000,102,nie
1456_poprawny_L2A_class,random forest,OneClassSVM,84.0213,84.8202,0.7989,2,8,0.1094,1.0000,102,nie
1456_poprawny_L2A_class,random forest,PCA,84.0213,83.6218,-0.3995,30,27,0.7911,1.0000,102,nie
1456_poprawny_L2A_class,random forest,SAM,84.0213,84.9534,0.9321,1,8,0.0391,1.0000,102,nie
1456_poprawny_L2A_class,random forest,EllipticEnvelope,84.0213,84.8202,0.7989,1,7,0.0703,1.0000,102,nie
1456_poprawny_L2A_class,random forest,kNN,84.0213,86.1518,2.1305,1,17,0.0001,0.0132,102,TAK
1456_poprawny_L2A_class,random forest,LOF,84.0213,83.8881,-0.1332,8,7,1.0000,1.0000,102,nie
1456_poprawny_L2A_class,random forest,Percentile,84.0213,81.7577,-2.2636,23,6,0.0030,0.2522,102,nie
1456_poprawny_L2A_class,random forest,IQR,84.0213,82.4234,-1.5979,17,5,0.0169,1.0000,102,nie
1456_poprawny_L2A_class,random forest,Erosion,84.0213,82.8229,-1.1984,23,14,0.1884,1.0000,102,nie
1456_poprawny_L2A_class,random forest,PCA_Reconstruction,84.0213,83.6218,-0.3995,7,4,0.5488,1.0000,102,nie
1456_poprawny_L2A_class,random forest,Band_Z-score,84.0213,86.1518,2.1305,0,16,0.0000,0.0028,102,TAK
1456_poprawny_L2A_class,random forest,IsolationForest,84.0213,82.2903,-1.7310,19,6,0.0164,1.0000,102,nie
1456_poprawny_L2A_class,random forest,MAD,84.0213,82.8229,-1.1984,13,4,0.0490,1.0000,102,nie
1456_poprawny_L2A_class,random forest,HotellingT2,84.0213,86.0186,1.9973,3,18,0.0015,0.1281,102,nie
1456_poprawny_L2A_class,multi-layer perceptron,Mahalanobis,86.4181,80.2929,-6.1252,50,4,0.0000,0.0000,102,TAK
1456_poprawny_L2A_class,multi-layer perceptron,Band_Z-score,86.4181,86.5513,0.1332,21,22,1.0000,1.0000,102,nie
1456_poprawny_L2A_class,multi-layer perceptron,EllipticEnvelope,86.4181,83.7550,-2.6631,32,12,0.0042,0.3426,102,nie
1456_poprawny_L2A_class,multi-layer perceptron,SAM,86.4181,85.6192,-0.7989,14,8,0.2863,1.0000,102,nie
1456_poprawny_L2A_class,multi-layer perceptron,PCA_Reconstruction,86.4181,81.8908,-4.5273,39,5,0.0000,0.0001,102,TAK
1456_poprawny_L2A_class,multi-layer perceptron,IQR,86.4181,87.2170,0.7989,16,22,0.4173,1.0000,102,nie
1456_poprawny_L2A_class,multi-layer perceptron,MAD,86.4181,87.2170,0.7989,14,20,0.3912,1.0000,102,nie
1456_poprawny_L2A_class,multi-layer perceptron,kNN,86.4181,85.6192,-0.7989,11,5,0.2101,1.0000,102,nie
1456_poprawny_L2A_class,multi-layer perceptron,LOF,86.4181,83.6218,-2.7963,27,6,0.0005,0.0444,102,TAK
1456_poprawny_L2A_class,multi-layer perceptron,HotellingT2,86.4181,80.4261,-5.9920,46,1,0.0000,0.0000,102,TAK
1456_poprawny_L2A_class,multi-layer perceptron,Robust_Mahalanobis,86.4181,75.3662,-11.0519,101,18,0.0000,0.0000,102,TAK
1456_poprawny_L2A_class,multi-layer perceptron,Erosion,86.4181,79.6272,-6.7909,52,1,0.0000,0.0000,102,TAK
1456_poprawny_L2A_class,multi-layer perceptron,IsolationForest,86.4181,86.4181,0.0000,8,8,1.0000,1.0000,102,nie
1456_poprawny_L2A_class,multi-layer perceptron,Percentile,86.4181,81.3582,-5.0599,39,1,0.0000,0.0000,102,TAK
1456_poprawny_L2A_class,multi-layer perceptron,OneClassSVM,86.4181,84.2876,-2.1305,19,3,0.0009,0.0753,102,nie
1456_poprawny_L2A_class,multi-layer perceptron,GMM,86.4181,84.4208,-1.9973,24,9,0.0148,1.0000,102,nie
1456_poprawny_L2A_class,multi-layer perceptron,PCA,86.4181,87.3502,0.9321,26,33,0.4347,1.0000,102,nie
1456_poprawny_L2A_class,support vector machine,MAD,90.6791,91.3449,0.6658,0,5,0.0625,1.0000,102,nie
1456_poprawny_L2A_class,support vector machine,IQR,90.6791,91.4780,0.7989,0,6,0.0312,1.0000,102,nie
1456_poprawny_L2A_class,support vector machine,SAM,90.6791,91.3449,0.6658,1,6,0.1250,1.0000,102,nie
1456_poprawny_L2A_class,support vector machine,PCA_Reconstruction,90.6791,90.9454,0.2663,2,4,0.6875,1.0000,102,nie
1456_poprawny_L2A_class,support vector machine,Mahalanobis,90.6791,90.1465,-0.5326,9,5,0.4240,1.0000,102,nie
1456_poprawny_L2A_class,support vector machine,EllipticEnvelope,90.6791,91.2117,0.5326,0,4,0.1250,1.0000,102,nie
1456_poprawny_L2A_class,support vector machine,Band_Z-score,90.6791,91.2117,0.5326,0,4,0.1250,1.0000,102,nie
1456_poprawny_L2A_class,support vector machine,OneClassSVM,90.6791,91.0786,0.3995,2,5,0.4531,1.0000,102,nie
1456_poprawny_L2A_class,support vector machine,GMM,90.6791,91.0786,0.3995,2,5,0.4531,1.0000,102,nie
1456_poprawny_L2A_class,support vector machine,PCA,90.6791,93.4754,2.7963,13,34,0.0035,0.2931,102,nie
1456_poprawny_L2A_class,support vector machine,Percentile,90.6791,90.1465,-0.5326,6,2,0.2891,1.0000,102,nie
1456_poprawny_L2A_class,support vector machine,Erosion,90.6791,87.7497,-2.9294,23,1,0.0000,0.0003,102,TAK
1456_poprawny_L2A_class,support vector machine,IsolationForest,90.6791,91.0786,0.3995,2,5,0.4531,1.0000,102,nie
1456_poprawny_L2A_class,support vector machine,HotellingT2,90.6791,90.1465,-0.5326,9,5,0.4240,1.0000,102,nie
1456_poprawny_L2A_class,support vector machine,LOF,90.6791,91.0786,0.3995,1,4,0.3750,1.0000,102,nie
1456_poprawny_L2A_class,support vector machine,kNN,90.6791,91.0786,0.3995,2,5,0.4531,1.0000,102,nie
1456_poprawny_L2A_class,support vector machine,Robust_Mahalanobis,90.6791,87.7497,-2.9294,49,27,0.0160,1.0000,102,nie
1456_poprawny_L2A_class,spectral angle mapping,PCA_Reconstruction,88.1491,88.1491,0.0000,0,0,1.0000,1.0000,102,nie
1456_poprawny_L2A_class,spectral angle mapping,SAM,88.1491,88.6818,0.5326,0,4,0.1250,1.0000,102,nie
1456_poprawny_L2A_class,spectral angle mapping,EllipticEnvelope,88.1491,88.6818,0.5326,0,4,0.1250,1.0000,102,nie
1456_poprawny_L2A_class,spectral angle mapping,Band_Z-score,88.1491,88.8149,0.6658,2,7,0.1797,1.0000,102,nie
1456_poprawny_L2A_class,spectral angle mapping,Mahalanobis,88.1491,88.8149,0.6658,3,8,0.2266,1.0000,102,nie
1456_poprawny_L2A_class,spectral angle mapping,MAD,88.1491,88.6818,0.5326,4,8,0.3877,1.0000,102,nie
1456_poprawny_L2A_class,spectral angle mapping,IQR,88.1491,88.6818,0.5326,4,8,0.3877,1.0000,102,nie
1456_poprawny_L2A_class,spectral angle mapping,IsolationForest,88.1491,88.6818,0.5326,0,4,0.1250,1.0000,102,nie
1456_poprawny_L2A_class,spectral angle mapping,Erosion,88.1491,89.0812,0.9321,4,11,0.1185,1.0000,102,nie
1456_poprawny_L2A_class,spectral angle mapping,Robust_Mahalanobis,88.1491,80.5593,-7.5899,75,18,0.0000,0.0000,102,TAK
1456_poprawny_L2A_class,spectral angle mapping,HotellingT2,88.1491,88.8149,0.6658,4,9,0.2668,1.0000,102,nie
1456_poprawny_L2A_class,spectral angle mapping,kNN,88.1491,88.2823,0.1332,0,1,1.0000,1.0000,102,nie
1456_poprawny_L2A_class,spectral angle mapping,LOF,88.1491,88.1491,0.0000,0,0,1.0000,1.0000,102,nie
1456_poprawny_L2A_class,spectral angle mapping,PCA,88.1491,90.8123,2.6631,7,27,0.0011,0.0975,102,nie
1456_poprawny_L2A_class,spectral angle mapping,GMM,88.1491,88.4154,0.2663,0,2,0.5000,1.0000,102,nie
1456_poprawny_L2A_class,spectral angle mapping,OneClassSVM,88.1491,88.2823,0.1332,0,1,1.0000,1.0000,102,nie
1456_poprawny_L2A_class,spectral angle mapping,Percentile,88.1491,88.4154,0.2663,1,3,0.6250,1.0000,102,nie
1456_poprawny_L2A_class,minimum distance,GMM,86.8176,86.6844,-0.1332,1,0,1.0000,1.0000,102,nie
1456_poprawny_L2A_class,minimum distance,OneClassSVM,86.8176,86.8176,0.0000,0,0,1.0000,1.0000,102,nie
1456_poprawny_L2A_class,minimum distance,Erosion,86.8176,86.9507,0.1332,6,7,1.0000,1.0000,102,nie
1456_poprawny_L2A_class,minimum distance,PCA,86.8176,91.0786,4.2610,5,37,0.0000,0.0002,102,TAK
1456_poprawny_L2A_class,minimum distance,Percentile,86.8176,86.8176,0.0000,0,0,1.0000,1.0000,102,nie
1456_poprawny_L2A_class,minimum distance,IsolationForest,86.8176,86.6844,-0.1332,1,0,1.0000,1.0000,102,nie
1456_poprawny_L2A_class,minimum distance,LOF,86.8176,86.9507,0.1332,0,1,1.0000,1.0000,102,nie
1456_poprawny_L2A_class,minimum distance,Mahalanobis,86.8176,86.6844,-0.1332,2,1,1.0000,1.0000,102,nie
1456_poprawny_L2A_class,minimum distance,EllipticEnvelope,86.8176,86.5513,-0.2663,2,0,0.5000,1.0000,102,nie
1456_poprawny_L2A_class,minimum distance,PCA_Reconstruction,86.8176,86.8176,0.0000,0,0,1.0000,1.0000,102,nie
1456_poprawny_L2A_class,minimum distance,IQR,86.8176,85.3529,-1.4647,12,1,0.0034,0.2871,102,nie
1456_poprawny_L2A_class,minimum distance,Robust_Mahalanobis,86.8176,85.8855,-0.9321,36,29,0.4568,1.0000,102,nie
1456_poprawny_L2A_class,minimum distance,HotellingT2,86.8176,86.8176,0.0000,2,2,1.0000,1.0000,102,nie
1456_poprawny_L2A_class,minimum distance,kNN,86.8176,86.8176,0.0000,0,0,1.0000,1.0000,102,nie
1456_poprawny_L2A_class,minimum distance,Band_Z-score,86.8176,86.9507,0.1332,0,1,1.0000,1.0000,102,nie
1456_poprawny_L2A_class,minimum distance,MAD,86.8176,86.9507,0.1332,0,1,1.0000,1.0000,102,nie
1456_poprawny_L2A_class,minimum distance,SAM,86.8176,86.6844,-0.1332,1,0,1.0000,1.0000,102,nie
1456_poprawny_L2A_roi,maximum likelihood,GMM,79.6272,80.0266,0.3995,4,7,0.5488,1.0000,102,nie
1456_poprawny_L2A_roi,maximum likelihood,Mahalanobis,79.6272,80.4261,0.7989,6,12,0.2379,1.0000,102,nie
1456_poprawny_L2A_roi,maximum likelihood,IsolationForest,79.6272,80.4261,0.7989,1,7,0.0703,1.0000,102,nie
1456_poprawny_L2A_roi,maximum likelihood,PCA_Reconstruction,79.6272,80.0266,0.3995,3,6,0.5078,1.0000,102,nie
1456_poprawny_L2A_roi,maximum likelihood,Robust_Mahalanobis,79.6272,84.2876,4.6605,21,56,0.0001,0.0106,102,TAK
1456_poprawny_L2A_roi,maximum likelihood,SAM,79.6272,80.5593,0.9321,1,8,0.0391,1.0000,102,nie
1456_poprawny_L2A_roi,maximum likelihood,HotellingT2,79.6272,80.5593,0.9321,5,12,0.1435,1.0000,102,nie
1456_poprawny_L2A_roi,maximum likelihood,MAD,79.6272,79.0945,-0.5326,16,12,0.5708,1.0000,102,nie
1456_poprawny_L2A_roi,maximum likelihood,IQR,79.6272,78.4288,-1.1984,25,16,0.2115,1.0000,102,nie
1456_poprawny_L2A_roi,maximum likelihood,EllipticEnvelope,79.6272,80.8256,1.1984,1,10,0.0117,1.0000,102,nie
1456_poprawny_L2A_roi,maximum likelihood,OneClassSVM,79.6272,79.0945,-0.5326,11,7,0.4807,1.0000,102,nie
1456_poprawny_L2A_roi,maximum likelihood,LOF,79.6272,80.1598,0.5326,5,9,0.4240,1.0000,102,nie
1456_poprawny_L2A_roi,maximum likelihood,Erosion,79.6272,79.0945,-0.5326,19,15,0.6069,1.0000,102,nie
1456_poprawny_L2A_roi,maximum likelihood,kNN,79.6272,79.7603,0.1332,7,8,1.0000,1.0000,102,nie
1456_poprawny_L2A_roi,maximum likelihood,PCA,79.6272,82.9561,3.3289,24,49,0.0050,0.4522,102,nie
1456_poprawny_L2A_roi,maximum likelihood,Percentile,79.6272,80.1598,0.5326,6,10,0.4545,1.0000,102,nie
1456_poprawny_L2A_roi,maximum likelihood,Band_Z-score,79.6272,81.2250,1.5979,4,16,0.0118,1.0000,102,nie
1456_poprawny_L2A_roi,random forest,GMM,83.4887,85.6192,2.1305,1,17,0.0001,0.0141,102,TAK
1456_poprawny_L2A_roi,random forest,Robust_Mahalanobis,83.4887,84.8202,1.3316,12,22,0.1227,1.0000,102,nie
1456_poprawny_L2A_roi,random forest,Mahalanobis,83.4887,83.6218,0.1332,3,4,1.0000,1.0000,102,nie
1456_poprawny_L2A_roi,random forest,OneClassSVM,83.4887,84.5539,1.0652,2,10,0.0386,1.0000,102,nie
1456_poprawny_L2A_roi,random forest,PCA,83.4887,83.6218,0.1332,7,8,1.0000,1.0000,102,nie
1456_poprawny_L2A_roi,random forest,SAM,83.4887,85.0866,1.5979,0,12,0.0005,0.0469,102,TAK
1456_poprawny_L2A_roi,random forest,EllipticEnvelope,83.4887,85.7523,2.2636,3,20,0.0005,0.0469,102,TAK
1456_poprawny_L2A_roi,random forest,kNN,83.4887,85.8855,2.3968,2,20,0.0001,0.0119,102,TAK
1456_poprawny_L2A_roi,random forest,LOF,83.4887,84.4208,0.9321,1,8,0.0391,1.0000,102,nie
1456_poprawny_L2A_roi,random forest,Percentile,83.4887,83.7550,0.2663,1,3,0.6250,1.0000,102,nie
1456_poprawny_L2A_roi,random forest,IQR,83.4887,84.9534,1.4647,3,14,0.0127,1.0000,102,nie
1456_poprawny_L2A_roi,random forest,Erosion,83.4887,82.2903,-1.1984,20,11,0.1508,1.0000,102,nie
1456_poprawny_L2A_roi,random forest,PCA_Reconstruction,83.4887,83.6218,0.1332,3,4,1.0000,1.0000,102,nie
1456_poprawny_L2A_roi,random forest,Band_Z-score,83.4887,85.4860,1.9973,3,18,0.0015,0.1400,102,nie
1456_poprawny_L2A_roi,random forest,IsolationForest,83.4887,86.0186,2.5300,1,20,0.0000,0.0021,102,TAK
1456_poprawny_L2A_roi,random forest,MAD,83.4887,83.8881,0.3995,3,6,0.5078,1.0000,102,nie
1456_poprawny_L2A_roi,random forest,HotellingT2,83.4887,84.4208,0.9321,3,10,0.0923,1.0000,102,nie
1456_poprawny_L2A_roi,multi-layer perceptron,Mahalanobis,83.4887,84.8202,1.3316,3,13,0.0213,1.0000,102,nie
1456_poprawny_L2A_roi,multi-layer perceptron,Band_Z-score,83.4887,81.0919,-2.3968,27,9,0.0046,0.4238,102,nie
1456_poprawny_L2A_roi,multi-layer perceptron,EllipticEnvelope,83.4887,82.2903,-1.1984,58,49,0.4393,1.0000,102,nie
1456_poprawny_L2A_roi,multi-layer perceptron,SAM,83.4887,84.4208,0.9321,6,13,0.1671,1.0000,102,nie
1456_poprawny_L2A_roi,multi-layer perceptron,PCA_Reconstruction,83.4887,82.2903,-1.1984,22,13,0.1763,1.0000,102,nie
1456_poprawny_L2A_roi,multi-layer perceptron,IQR,83.4887,82.6897,-0.7989,35,29,0.5320,1.0000,102,nie
1456_poprawny_L2A_roi,multi-layer perceptron,MAD,83.4887,81.3582,-2.1305,30,14,0.0237,1.0000,102,nie
1456_poprawny_L2A_roi,multi-layer perceptron,kNN,83.4887,82.1571,-1.3316,47,37,0.3261,1.0000,102,nie
1456_poprawny_L2A_roi,multi-layer perceptron,LOF,83.4887,83.8881,0.3995,4,7,0.5488,1.0000,102,nie
1456_poprawny_L2A_roi,multi-layer perceptron,HotellingT2,83.4887,84.6871,1.1984,14,23,0.1884,1.0000,102,nie
1456_poprawny_L2A_roi,multi-layer perceptron,Robust_Mahalanobis,83.4887,81.0919,-2.3968,46,28,0.0481,1.0000,102,nie
1456_poprawny_L2A_roi,multi-layer perceptron,Erosion,83.4887,79.7603,-3.7284,37,9,0.0001,0.0069,102,TAK
1456_poprawny_L2A_roi,multi-layer perceptron,IsolationForest,83.4887,84.5539,1.0652,8,16,0.1516,1.0000,102,nie
1456_poprawny_L2A_roi,multi-layer perceptron,Percentile,83.4887,85.7523,2.2636,9,26,0.0068,0.6157,102,nie
1456_poprawny_L2A_roi,multi-layer perceptron,OneClassSVM,83.4887,82.8229,-0.6658,16,11,0.4414,1.0000,102,nie
1456_poprawny_L2A_roi,multi-layer perceptron,GMM,83.4887,85.7523,2.2636,24,41,0.0472,1.0000,102,nie
1456_poprawny_L2A_roi,multi-layer perceptron,PCA,83.4887,80.6924,-2.7963,35,14,0.0043,0.3976,102,nie
1456_poprawny_L2A_roi,support vector machine,MAD,90.6791,90.4128,-0.2663,6,4,0.7539,1.0000,102,nie
1456_poprawny_L2A_roi,support vector machine,IQR,90.6791,90.6791,0.0000,4,4,1.0000,1.0000,102,nie
1456_poprawny_L2A_roi,support vector machine,SAM,90.6791,90.9454,0.2663,2,4,0.6875,1.0000,102,nie
1456_poprawny_L2A_roi,support vector machine,PCA_Reconstruction,90.6791,91.0786,0.3995,1,4,0.3750,1.0000,102,nie
1456_poprawny_L2A_roi,support vector machine,Mahalanobis,90.6791,91.2117,0.5326,1,5,0.2188,1.0000,102,nie
1456_poprawny_L2A_roi,support vector machine,EllipticEnvelope,90.6791,91.2117,0.5326,0,4,0.1250,1.0000,102,nie
1456_poprawny_L2A_roi,support vector machine,Band_Z-score,90.6791,91.0786,0.3995,2,5,0.4531,1.0000,102,nie
1456_poprawny_L2A_roi,support vector machine,OneClassSVM,90.6791,90.8123,0.1332,3,4,1.0000,1.0000,102,nie
1456_poprawny_L2A_roi,support vector machine,GMM,90.6791,91.0786,0.3995,1,4,0.3750,1.0000,102,nie
1456_poprawny_L2A_roi,support vector machine,PCA,90.6791,90.6791,0.0000,6,6,1.0000,1.0000,102,nie
1456_poprawny_L2A_roi,support vector machine,Percentile,90.6791,90.8123,0.1332,3,4,1.0000,1.0000,102,nie
1456_poprawny_L2A_roi,support vector machine,Erosion,90.6791,87.7497,-2.9294,23,1,0.0000,0.0003,102,TAK
1456_poprawny_L2A_roi,support vector machine,IsolationForest,90.6791,91.0786,0.3995,1,4,0.3750,1.0000,102,nie
1456_poprawny_L2A_roi,support vector machine,HotellingT2,90.6791,91.3449,0.6658,0,5,0.0625,1.0000,102,nie
1456_poprawny_L2A_roi,support vector machine,LOF,90.6791,90.9454,0.2663,2,4,0.6875,1.0000,102,nie
1456_poprawny_L2A_roi,support vector machine,kNN,90.6791,90.9454,0.2663,2,4,0.6875,1.0000,102,nie
1456_poprawny_L2A_roi,support vector machine,Robust_Mahalanobis,90.6791,89.6138,-1.0652,10,2,0.0386,1.0000,102,nie
1456_poprawny_L2A_roi,spectral angle mapping,PCA_Reconstruction,88.1491,88.1491,0.0000,0,0,1.0000,1.0000,102,nie
1456_poprawny_L2A_roi,spectral angle mapping,SAM,88.1491,88.4154,0.2663,0,2,0.5000,1.0000,102,nie
1456_poprawny_L2A_roi,spectral angle mapping,EllipticEnvelope,88.1491,88.4154,0.2663,0,2,0.5000,1.0000,102,nie
1456_poprawny_L2A_roi,spectral angle mapping,Band_Z-score,88.1491,88.2823,0.1332,0,1,1.0000,1.0000,102,nie
1456_poprawny_L2A_roi,spectral angle mapping,Mahalanobis,88.1491,88.2823,0.1332,0,1,1.0000,1.0000,102,nie
1456_poprawny_L2A_roi,spectral angle mapping,MAD,88.1491,88.8149,0.6658,4,9,0.2668,1.0000,102,nie
1456_poprawny_L2A_roi,spectral angle mapping,IQR,88.1491,89.2144,1.0652,2,10,0.0386,1.0000,102,nie
1456_poprawny_L2A_roi,spectral angle mapping,IsolationForest,88.1491,88.2823,0.1332,0,1,1.0000,1.0000,102,nie
1456_poprawny_L2A_roi,spectral angle mapping,Erosion,88.1491,89.0812,0.9321,4,11,0.1185,1.0000,102,nie
1456_poprawny_L2A_roi,spectral angle mapping,Robust_Mahalanobis,88.1491,88.8149,0.6658,7,12,0.3593,1.0000,102,nie
1456_poprawny_L2A_roi,spectral angle mapping,HotellingT2,88.1491,88.2823,0.1332,0,1,1.0000,1.0000,102,nie
1456_poprawny_L2A_roi,spectral angle mapping,kNN,88.1491,88.2823,0.1332,0,1,1.0000,1.0000,102,nie
1456_poprawny_L2A_roi,spectral angle mapping,LOF,88.1491,88.2823,0.1332,0,1,1.0000,1.0000,102,nie
1456_poprawny_L2A_roi,spectral angle mapping,PCA,88.1491,88.5486,0.3995,9,12,0.6636,1.0000,102,nie
1456_poprawny_L2A_roi,spectral angle mapping,GMM,88.1491,88.1491,0.0000,0,0,1.0000,1.0000,102,nie
1456_poprawny_L2A_roi,spectral angle mapping,OneClassSVM,88.1491,88.2823,0.1332,1,2,1.0000,1.0000,102,nie
1456_poprawny_L2A_roi,spectral angle mapping,Percentile,88.1491,88.4154,0.2663,0,2,0.5000,1.0000,102,nie
1456_poprawny_L2A_roi,minimum distance,GMM,86.8176,86.9507,0.1332,0,1,1.0000,1.0000,102,nie
1456_poprawny_L2A_roi,minimum distance,OneClassSVM,86.8176,87.0839,0.2663,1,3,0.6250,1.0000,102,nie
1456_poprawny_L2A_roi,minimum distance,Erosion,86.8176,86.9507,0.1332,6,7,1.0000,1.0000,102,nie
1456_poprawny_L2A_roi,minimum distance,PCA,86.8176,86.9507,0.1332,2,3,1.0000,1.0000,102,nie
1456_poprawny_L2A_roi,minimum distance,Percentile,86.8176,86.9507,0.1332,0,1,1.0000,1.0000,102,nie
1456_poprawny_L2A_roi,minimum distance,IsolationForest,86.8176,86.8176,0.0000,0,0,1.0000,1.0000,102,nie
1456_poprawny_L2A_roi,minimum distance,LOF,86.8176,86.8176,0.0000,0,0,1.0000,1.0000,102,nie
1456_poprawny_L2A_roi,minimum distance,Mahalanobis,86.8176,86.8176,0.0000,0,0,1.0000,1.0000,102,nie
1456_poprawny_L2A_roi,minimum distance,EllipticEnvelope,86.8176,86.8176,0.0000,0,0,1.0000,1.0000,102,nie
1456_poprawny_L2A_roi,minimum distance,PCA_Reconstruction,86.8176,86.8176,0.0000,1,1,1.0000,1.0000,102,nie
1456_poprawny_L2A_roi,minimum distance,IQR,86.8176,86.9507,0.1332,0,1,1.0000,1.0000,102,nie
1456_poprawny_L2A_roi,minimum distance,Robust_Mahalanobis,86.8176,87.0839,0.2663,3,5,0.7266,1.0000,102,nie
1456_poprawny_L2A_roi,minimum distance,HotellingT2,86.8176,86.8176,0.0000,0,0,1.0000,1.0000,102,nie
1456_poprawny_L2A_roi,minimum distance,kNN,86.8176,86.9507,0.1332,0,1,1.0000,1.0000,102,nie
1456_poprawny_L2A_roi,minimum distance,Band_Z-score,86.8176,86.8176,0.0000,0,0,1.0000,1.0000,102,nie
1456_poprawny_L2A_roi,minimum distance,MAD,86.8176,87.0839,0.2663,0,2,0.5000,1.0000,102,nie
1456_poprawny_L2A_roi,minimum distance,SAM,86.8176,86.9507,0.1332,0,1,1.0000,1.0000,102,nie
1456_zbledami_L1C_class,maximum likelihood,GMM,70.8389,71.9041,1.0652,3,11,0.0574,1.0000,102,nie
1456_zbledami_L1C_class,maximum likelihood,Mahalanobis,70.8389,37.9494,-32.8895,265,18,0.0000,0.0000,102,TAK
1456_zbledami_L1C_class,maximum likelihood,IsolationForest,70.8389,72.3036,1.4647,4,15,0.0192,1.0000,102,nie
1456_zbledami_L1C_class,maximum likelihood,PCA_Reconstruction,70.8389,72.3036,1.4647,5,16,0.0266,1.0000,102,nie
1456_zbledami_L1C_class,maximum likelihood,Robust_Mahalanobis,70.8389,78.6951,7.8562,38,97,0.0000,0.0001,102,TAK
1456_zbledami_L1C_class,maximum likelihood,SAM,70.8389,72.1704,1.3316,7,17,0.0639,1.0000,102,nie
1456_zbledami_L1C_class,maximum likelihood,HotellingT2,70.8389,74.5672,3.7284,14,42,0.0003,0.0259,102,TAK
1456_zbledami_L1C_class,maximum likelihood,MAD,70.8389,74.7004,3.8615,16,45,0.0003,0.0280,102,TAK
1456_zbledami_L1C_class,maximum likelihood,IQR,70.8389,23.7017,-47.1372,357,3,0.0000,0.0000,102,TAK
1456_zbledami_L1C_class,maximum likelihood,EllipticEnvelope,70.8389,72.0373,1.1984,3,12,0.0352,1.0000,102,nie
1456_zbledami_L1C_class,maximum likelihood,OneClassSVM,70.8389,71.9041,1.0652,4,12,0.0768,1.0000,102,nie
1456_zbledami_L1C_class,maximum likelihood,LOF,70.8389,71.5047,0.6658,6,11,0.3323,1.0000,102,nie
1456_zbledami_L1C_class,maximum likelihood,Erosion,70.8389,77.0972,6.2583,19,66,0.0000,0.0001,102,TAK
1456_zbledami_L1C_class,maximum likelihood,kNN,70.8389,71.5047,0.6658,6,11,0.3323,1.0000,102,nie
1456_zbledami_L1C_class,maximum likelihood,PCA,70.8389,9.9867,-60.8522,464,7,0.0000,0.0000,102,TAK
1456_zbledami_L1C_class,maximum likelihood,Percentile,70.8389,74.4341,3.5952,5,32,0.0000,0.0017,102,TAK
1456_zbledami_L1C_class,maximum likelihood,Band_Z-score,70.8389,75.6325,4.7936,4,40,0.0000,0.0000,102,TAK
1456_zbledami_L1C_class,random forest,GMM,69.5073,69.5073,0.0000,0,0,1.0000,1.0000,102,nie
1456_zbledami_L1C_class,random forest,Robust_Mahalanobis,69.5073,72.4368,2.9294,37,59,0.0321,1.0000,102,nie
1456_zbledami_L1C_class,random forest,Mahalanobis,69.5073,69.6405,0.1332,13,14,1.0000,1.0000,102,nie
1456_zbledami_L1C_class,random forest,OneClassSVM,69.5073,69.5073,0.0000,5,5,1.0000,1.0000,102,nie
1456_zbledami_L1C_class,random forest,PCA,69.5073,70.5726,1.0652,53,61,0.5121,1.0000,102,nie
1456_zbledami_L1C_class,random forest,SAM,69.5073,70.1731,0.6658,0,5,0.0625,1.0000,102,nie
1456_zbledami_L1C_class,random forest,EllipticEnvelope,69.5073,70.1731,0.6658,0,5,0.0625,1.0000,102,nie
1456_zbledami_L1C_class,random forest,kNN,69.5073,69.6405,0.1332,4,5,1.0000,1.0000,102,nie
1456_zbledami_L1C_class,random forest,LOF,69.5073,68.9747,-0.5326,4,0,0.1250,1.0000,102,nie
1456_zbledami_L1C_class,random forest,Percentile,69.5073,68.3089,-1.1984,39,30,0.3355,1.0000,102,nie
1456_zbledami_L1C_class,random forest,IQR,69.5073,74.8336,5.3262,8,48,0.0000,0.0000,102,TAK
1456_zbledami_L1C_class,random forest,Erosion,69.5073,69.9068,0.3995,42,45,0.8302,1.0000,102,nie
1456_zbledami_L1C_class,random forest,PCA_Reconstruction,69.5073,70.0399,0.5326,0,4,0.1250,1.0000,102,nie
1456_zbledami_L1C_class,random forest,Band_Z-score,69.5073,72.7031,3.1957,0,24,0.0000,0.0000,102,TAK
1456_zbledami_L1C_class,random forest,IsolationForest,69.5073,70.1731,0.6658,0,5,0.0625,1.0000,102,nie
1456_zbledami_L1C_class,random forest,MAD,69.5073,73.9015,4.3941,16,49,0.0001,0.0061,102,TAK
1456_zbledami_L1C_class,random forest,HotellingT2,69.5073,69.6405,0.1332,13,14,1.0000,1.0000,102,nie
1456_zbledami_L1C_class,multi-layer perceptron,Mahalanobis,94.2743,90.6791,-3.5952,32,5,0.0000,0.0017,102,TAK
1456_zbledami_L1C_class,multi-layer perceptron,Band_Z-score,94.2743,92.2770,-1.9973,37,22,0.0684,1.0000,102,nie
1456_zbledami_L1C_class,multi-layer perceptron,EllipticEnvelope,94.2743,89.4807,-4.7936,48,12,0.0000,0.0006,102,TAK
1456_zbledami_L1C_class,multi-layer perceptron,SAM,94.2743,94.1411,-0.1332,20,19,1.0000,1.0000,102,nie
1456_zbledami_L1C_class,multi-layer perceptron,PCA_Reconstruction,94.2743,93.2091,-1.0652,13,5,0.0963,1.0000,102,nie
1456_zbledami_L1C_class,multi-layer perceptron,IQR,94.2743,95.0732,0.7989,13,19,0.3768,1.0000,102,nie
1456_zbledami_L1C_class,multi-layer perceptron,MAD,94.2743,95.0732,0.7989,14,20,0.3912,1.0000,102,nie
1456_zbledami_L1C_class,multi-layer perceptron,kNN,94.2743,94.9401,0.6658,7,12,0.3593,1.0000,102,nie
1456_zbledami_L1C_class,multi-layer perceptron,LOF,94.2743,95.2064,0.9321,10,17,0.2482,1.0000,102,nie
1456_zbledami_L1C_class,multi-layer perceptron,HotellingT2,94.2743,94.0080,-0.2663,9,7,0.8036,1.0000,102,nie
1456_zbledami_L1C_class,multi-layer perceptron,Robust_Mahalanobis,94.2743,86.4181,-7.8562,66,7,0.0000,0.0000,102,TAK
1456_zbledami_L1C_class,multi-layer perceptron,Erosion,94.2743,91.2117,-3.0626,35,12,0.0013,0.1092,102,nie
1456_zbledami_L1C_class,multi-layer perceptron,IsolationForest,94.2743,89.0812,-5.1931,65,26,0.0001,0.0058,102,TAK
1456_zbledami_L1C_class,multi-layer perceptron,Percentile,94.2743,89.4807,-4.7936,48,12,0.0000,0.0006,102,TAK
1456_zbledami_L1C_class,multi-layer perceptron,OneClassSVM,94.2743,90.2796,-3.9947,41,11,0.0001,0.0050,102,TAK
1456_zbledami_L1C_class,multi-layer perceptron,GMM,94.2743,91.6112,-2.6631,35,15,0.0072,0.5696,102,nie
1456_zbledami_L1C_class,multi-layer perceptron,PCA,94.2743,93.3422,-0.9321,29,22,0.4008,1.0000,102,nie
1456_zbledami_L1C_class,support vector machine,MAD,94.9401,95.6059,0.6658,7,12,0.3593,1.0000,102,nie
1456_zbledami_L1C_class,support vector machine,IQR,94.9401,94.6738,-0.2663,9,7,0.8036,1.0000,102,nie
1456_zbledami_L1C_class,support vector machine,SAM,94.9401,94.4075,-0.5326,4,0,0.1250,1.0000,102,nie
1456_zbledami_L1C_class,support vector machine,PCA_Reconstruction,94.9401,95.6059,0.6658,1,6,0.1250,1.0000,102,nie
1456_zbledami_L1C_class,support vector machine,Mahalanobis,94.9401,95.0732,0.1332,11,12,1.0000,1.0000,102,nie
1456_zbledami_L1C_class,support vector machine,EllipticEnvelope,94.9401,94.6738,-0.2663,3,1,0.6250,1.0000,102,nie
1456_zbledami_L1C_class,support vector machine,Band_Z-score,94.9401,95.2064,0.2663,6,8,0.7905,1.0000,102,nie
1456_zbledami_L1C_class,support vector machine,OneClassSVM,94.9401,95.3395,0.3995,3,6,0.5078,1.0000,102,nie
1456_zbledami_L1C_class,support vector machine,GMM,94.9401,95.0732,0.1332,2,3,1.0000,1.0000,102,nie
1456_zbledami_L1C_class,support vector machine,PCA,94.9401,95.2064,0.2663,12,14,0.8445,1.0000,102,nie
1456_zbledami_L1C_class,support vector machine,Percentile,94.9401,93.4754,-1.4647,12,1,0.0034,0.2769,102,nie
1456_zbledami_L1C_class,support vector machine,Erosion,94.9401,93.4754,-1.4647,13,2,0.0074,0.5760,102,nie
1456_zbledami_L1C_class,support vector machine,IsolationForest,94.9401,94.4075,-0.5326,5,1,0.2188,1.0000,102,nie
1456_zbledami_L1C_class,support vector machine,HotellingT2,94.9401,95.0732,0.1332,10,11,1.0000,1.0000,102,nie
1456_zbledami_L1C_class,support vector machine,LOF,94.9401,94.9401,0.0000,1,1,1.0000,1.0000,102,nie
1456_zbledami_L1C_class,support vector machine,kNN,94.9401,95.0732,0.1332,1,2,1.0000,1.0000,102,nie
1456_zbledami_L1C_class,support vector machine,Robust_Mahalanobis,94.9401,91.3449,-3.5952,28,1,0.0000,0.0001,102,TAK
1456_zbledami_L1C_class,spectral angle mapping,PCA_Reconstruction,92.9427,91.6112,-1.3316,12,2,0.0129,0.9834,102,nie
1456_zbledami_L1C_class,spectral angle mapping,SAM,92.9427,93.7417,0.7989,0,6,0.0312,1.0000,102,nie
1456_zbledami_L1C_class,spectral angle mapping,EllipticEnvelope,92.9427,92.4101,-0.5326,12,8,0.5034,1.0000,102,nie
1456_zbledami_L1C_class,spectral angle mapping,Band_Z-score,92.9427,92.9427,0.0000,5,5,1.0000,1.0000,102,nie
1456_zbledami_L1C_class,spectral angle mapping,Mahalanobis,92.9427,91.2117,-1.7310,22,9,0.0311,1.0000,102,nie
1456_zbledami_L1C_class,spectral angle mapping,MAD,92.9427,92.8096,-0.1332,7,6,1.0000,1.0000,102,nie
1456_zbledami_L1C_class,spectral angle mapping,IQR,92.9427,92.4101,-0.5326,10,6,0.4545,1.0000,102,nie
1456_zbledami_L1C_class,spectral angle mapping,IsolationForest,92.9427,92.9427,0.0000,4,4,1.0000,1.0000,102,nie
1456_zbledami_L1C_class,spectral angle mapping,Erosion,92.9427,91.7443,-1.1984,21,12,0.1637,1.0000,102,nie
1456_zbledami_L1C_class,spectral angle mapping,Robust_Mahalanobis,92.9427,90.5459,-2.3968,31,13,0.0104,0.7994,102,nie
1456_zbledami_L1C_class,spectral angle mapping,HotellingT2,92.9427,91.0786,-1.8642,23,9,0.0216,1.0000,102,nie
1456_zbledami_L1C_class,spectral angle mapping,kNN,92.9427,92.0107,-0.9321,12,5,0.1435,1.0000,102,nie
1456_zbledami_L1C_class,spectral angle mapping,LOF,92.9427,91.8775,-1.0652,10,2,0.0386,1.0000,102,nie
1456_zbledami_L1C_class,spectral angle mapping,PCA,92.9427,91.4780,-1.4647,23,12,0.0910,1.0000,102,nie
1456_zbledami_L1C_class,spectral angle mapping,GMM,92.9427,92.2770,-0.6658,8,3,0.2266,1.0000,102,nie
1456_zbledami_L1C_class,spectral angle mapping,OneClassSVM,92.9427,92.5433,-0.3995,6,3,0.5078,1.0000,102,nie
1456_zbledami_L1C_class,spectral angle mapping,Percentile,92.9427,93.0759,0.1332,5,6,1.0000,1.0000,102,nie
1456_zbledami_L1C_class,minimum distance,GMM,88.9481,89.0812,0.1332,2,3,1.0000,1.0000,102,nie
1456_zbledami_L1C_class,minimum distance,OneClassSVM,88.9481,88.9481,0.0000,1,1,1.0000,1.0000,102,nie
1456_zbledami_L1C_class,minimum distance,Erosion,88.9481,87.4834,-1.4647,12,1,0.0034,0.2769,102,nie
1456_zbledami_L1C_class,minimum distance,PCA,88.9481,94.4075,5.4594,13,54,0.0000,0.0001,102,TAK
1456_zbledami_L1C_class,minimum distance,Percentile,88.9481,88.4154,-0.5326,5,1,0.2188,1.0000,102,nie
1456_zbledami_L1C_class,minimum distance,IsolationForest,88.9481,88.9481,0.0000,1,1,1.0000,1.0000,102,nie
1456_zbledami_L1C_class,minimum distance,LOF,88.9481,88.6818,-0.2663,3,1,0.6250,1.0000,102,nie
1456_zbledami_L1C_class,minimum distance,Mahalanobis,88.9481,88.1491,-0.7989,8,2,0.1094,1.0000,102,nie
1456_zbledami_L1C_class,minimum distance,EllipticEnvelope,88.9481,89.0812,0.1332,3,4,1.0000,1.0000,102,nie
1456_zbledami_L1C_class,minimum distance,PCA_Reconstruction,88.9481,89.2144,0.2663,2,4,0.6875,1.0000,102,nie
1456_zbledami_L1C_class,minimum distance,IQR,88.9481,89.0812,0.1332,3,4,1.0000,1.0000,102,nie
1456_zbledami_L1C_class,minimum distance,Robust_Mahalanobis,88.9481,87.8828,-1.0652,22,14,0.2433,1.0000,102,nie
1456_zbledami_L1C_class,minimum distance,HotellingT2,88.9481,88.1491,-0.7989,8,2,0.1094,1.0000,102,nie
1456_zbledami_L1C_class,minimum distance,kNN,88.9481,88.5486,-0.3995,5,2,0.4531,1.0000,102,nie
1456_zbledami_L1C_class,minimum distance,Band_Z-score,88.9481,88.6818,-0.2663,3,1,0.6250,1.0000,102,nie
1456_zbledami_L1C_class,minimum distance,MAD,88.9481,89.0812,0.1332,3,4,1.0000,1.0000,102,nie
1456_zbledami_L1C_class,minimum distance,SAM,88.9481,88.9481,0.0000,1,1,1.0000,1.0000,102,nie
1456_zbledami_L1C_roi,maximum likelihood,GMM,70.8389,72.7031,1.8642,3,17,0.0026,0.2036,102,nie
1456_zbledami_L1C_roi,maximum likelihood,Mahalanobis,70.8389,70.3063,-0.5326,30,26,0.6885,1.0000,102,nie
1456_zbledami_L1C_roi,maximum likelihood,IsolationForest,70.8389,72.0373,1.1984,5,14,0.0636,1.0000,102,nie
1456_zbledami_L1C_roi,maximum likelihood,PCA_Reconstruction,70.8389,70.7057,-0.1332,13,12,1.0000,1.0000,102,nie
1456_zbledami_L1C_roi,maximum likelihood,Robust_Mahalanobis,70.8389,1.5979,-69.2410,526,6,0.0000,0.0000,102,TAK
1456_zbledami_L1C_roi,maximum likelihood,SAM,70.8389,72.4368,1.5979,4,16,0.0118,0.8154,102,nie
1456_zbledami_L1C_roi,maximum likelihood,HotellingT2,70.8389,69.9068,-0.9321,31,24,0.4185,1.0000,102,nie
1456_zbledami_L1C_roi,maximum likelihood,MAD,70.8389,51.9308,-18.9081,325,183,0.0000,0.0000,102,TAK
1456_zbledami_L1C_roi,maximum likelihood,IQR,70.8389,23.7017,-47.1372,357,3,0.0000,0.0000,102,TAK
1456_zbledami_L1C_roi,maximum likelihood,EllipticEnvelope,70.8389,70.8389,0.0000,11,11,1.0000,1.0000,102,nie
1456_zbledami_L1C_roi,maximum likelihood,OneClassSVM,70.8389,71.1052,0.2663,11,13,0.8388,1.0000,102,nie
1456_zbledami_L1C_roi,maximum likelihood,LOF,70.8389,72.1704,1.3316,3,13,0.0213,1.0000,102,nie
1456_zbledami_L1C_roi,maximum likelihood,Erosion,70.8389,77.0972,6.2583,19,66,0.0000,0.0001,102,TAK
1456_zbledami_L1C_roi,maximum likelihood,kNN,70.8389,70.9720,0.1332,8,9,1.0000,1.0000,102,nie
1456_zbledami_L1C_roi,maximum likelihood,PCA,70.8389,46.3382,-24.5007,330,146,0.0000,0.0000,102,TAK
1456_zbledami_L1C_roi,maximum likelihood,Percentile,70.8389,69.9068,-0.9321,20,13,0.2963,1.0000,102,nie
1456_zbledami_L1C_roi,maximum likelihood,Band_Z-score,70.8389,71.1052,0.2663,22,24,0.8828,1.0000,102,nie
1456_zbledami_L1C_roi,random forest,GMM,69.5073,68.9747,-0.5326,4,0,0.1250,1.0000,102,nie
1456_zbledami_L1C_roi,random forest,Robust_Mahalanobis,69.5073,65.6458,-3.8615,78,49,0.0130,0.8819,102,nie
1456_zbledami_L1C_roi,random forest,Mahalanobis,69.5073,70.7057,1.1984,0,9,0.0039,0.2930,102,nie
1456_zbledami_L1C_roi,random forest,OneClassSVM,69.5073,70.1731,0.6658,0,5,0.0625,1.0000,102,nie
1456_zbledami_L1C_roi,random forest,PCA,69.5073,67.7763,-1.7310,48,35,0.1878,1.0000,102,nie
1456_zbledami_L1C_roi,random forest,SAM,69.5073,68.8415,-0.6658,5,0,0.0625,1.0000,102,nie
1456_zbledami_L1C_roi,random forest,EllipticEnvelope,69.5073,69.5073,0.0000,5,5,1.0000,1.0000,102,nie
1456_zbledami_L1C_roi,random forest,kNN,69.5073,69.2410,-0.2663,7,5,0.7744,1.0000,102,nie
1456_zbledami_L1C_roi,random forest,LOF,69.5073,69.3742,-0.1332,1,0,1.0000,1.0000,102,nie
1456_zbledami_L1C_roi,random forest,Percentile,69.5073,70.3063,0.7989,2,8,0.1094,1.0000,102,nie
1456_zbledami_L1C_roi,random forest,IQR,69.5073,57.9228,-11.5846,131,44,0.0000,0.0000,102,TAK
1456_zbledami_L1C_roi,random forest,Erosion,69.5073,69.2410,-0.2663,42,40,0.9121,1.0000,102,nie
1456_zbledami_L1C_roi,random forest,PCA_Reconstruction,69.5073,70.1731,0.6658,0,5,0.0625,1.0000,102,nie
1456_zbledami_L1C_roi,random forest,Band_Z-score,69.5073,73.3688,3.8615,2,31,0.0000,0.0001,102,TAK
1456_zbledami_L1C_roi,random forest,IsolationForest,69.5073,70.1731,0.6658,0,5,0.0625,1.0000,102,nie
1456_zbledami_L1C_roi,random forest,MAD,69.5073,64.0479,-5.4594,94,53,0.0010,0.0776,102,nie
1456_zbledami_L1C_roi,random forest,HotellingT2,69.5073,70.7057,1.1984,0,9,0.0039,0.2930,102,nie
1456_zbledami_L1C_roi,multi-layer perceptron,Mahalanobis,87.0839,88.1491,1.0652,20,28,0.3123,1.0000,102,nie
1456_zbledami_L1C_roi,multi-layer perceptron,Band_Z-score,87.0839,94.8069,7.7230,11,69,0.0000,0.0000,102,TAK
1456_zbledami_L1C_roi,multi-layer perceptron,EllipticEnvelope,87.0839,89.3475,2.2636,59,76,0.1685,1.0000,102,nie
1456_zbledami_L1C_roi,multi-layer perceptron,SAM,87.0839,95.2064,8.1225,14,75,0.0000,0.0000,102,TAK
1456_zbledami_L1C_roi,multi-layer perceptron,PCA_Reconstruction,87.0839,94.6738,7.5899,11,68,0.0000,0.0000,102,TAK
1456_zbledami_L1C_roi,multi-layer perceptron,IQR,87.0839,91.6112,4.5273,23,57,0.0002,0.0189,102,TAK
1456_zbledami_L1C_roi,multi-layer perceptron,MAD,87.0839,90.5459,3.4621,13,39,0.0005,0.0437,102,TAK
1456_zbledami_L1C_roi,multi-layer perceptron,kNN,87.0839,94.5406,7.4567,7,63,0.0000,0.0000,102,TAK
1456_zbledami_L1C_roi,multi-layer perceptron,LOF,87.0839,95.8722,8.7883,16,82,0.0000,0.0000,102,TAK
1456_zbledami_L1C_roi,multi-layer perceptron,HotellingT2,87.0839,95.2064,8.1225,12,73,0.0000,0.0000,102,TAK
1456_zbledami_L1C_roi,multi-layer perceptron,Robust_Mahalanobis,87.0839,91.2117,4.1278,24,55,0.0007,0.0605,102,nie
1456_zbledami_L1C_roi,multi-layer perceptron,Erosion,87.0839,91.2117,4.1278,9,40,0.0000,0.0016,102,TAK
1456_zbledami_L1C_roi,multi-layer perceptron,IsolationForest,87.0839,78.4288,-8.6551,73,8,0.0000,0.0000,102,TAK
1456_zbledami_L1C_roi,multi-layer perceptron,Percentile,87.0839,88.5486,1.4647,23,34,0.1853,1.0000,102,nie
1456_zbledami_L1C_roi,multi-layer perceptron,OneClassSVM,87.0839,79.2277,-7.8562,86,27,0.0000,0.0000,102,TAK
1456_zbledami_L1C_roi,multi-layer perceptron,GMM,87.0839,94.6738,7.5899,13,70,0.0000,0.0000,102,TAK
1456_zbledami_L1C_roi,multi-layer perceptron,PCA,87.0839,92.0107,4.9268,17,54,0.0000,0.0016,102,TAK
1456_zbledami_L1C_roi,support vector machine,MAD,94.9401,94.0080,-0.9321,13,6,0.1671,1.0000,102,nie
1456_zbledami_L1C_roi,support vector machine,IQR,94.9401,93.6085,-1.3316,16,6,0.0525,1.0000,102,nie
1456_zbledami_L1C_roi,support vector machine,SAM,94.9401,95.0732,0.1332,1,2,1.0000,1.0000,102,nie
1456_zbledami_L1C_roi,support vector machine,PCA_Reconstruction,94.9401,95.0732,0.1332,1,2,1.0000,1.0000,102,nie
1456_zbledami_L1C_roi,support vector machine,Mahalanobis,94.9401,95.6059,0.6658,3,8,0.2266,1.0000,102,nie
1456_zbledami_L1C_roi,support vector machine,EllipticEnvelope,94.9401,95.2064,0.2663,1,3,0.6250,1.0000,102,nie
1456_zbledami_L1C_roi,support vector machine,Band_Z-score,94.9401,94.5406,-0.3995,7,4,0.5488,1.0000,102,nie
1456_zbledami_L1C_roi,support vector machine,OneClassSVM,94.9401,94.8069,-0.1332,3,2,1.0000,1.0000,102,nie
1456_zbledami_L1C_roi,support vector machine,GMM,94.9401,95.2064,0.2663,1,3,0.6250,1.0000,102,nie
1456_zbledami_L1C_roi,support vector machine,PCA,94.9401,94.1411,-0.7989,14,8,0.2863,1.0000,102,nie
1456_zbledami_L1C_roi,support vector machine,Percentile,94.9401,94.6738,-0.2663,4,2,0.6875,1.0000,102,nie
1456_zbledami_L1C_roi,support vector machine,Erosion,94.9401,93.4754,-1.4647,13,2,0.0074,0.5244,102,nie
1456_zbledami_L1C_roi,support vector machine,IsolationForest,94.9401,95.2064,0.2663,1,3,0.6250,1.0000,102,nie
1456_zbledami_L1C_roi,support vector machine,HotellingT2,94.9401,95.8722,0.9321,2,9,0.0654,1.0000,102,nie
1456_zbledami_L1C_roi,support vector machine,LOF,94.9401,95.0732,0.1332,1,2,1.0000,1.0000,102,nie
1456_zbledami_L1C_roi,support vector machine,kNN,94.9401,95.2064,0.2663,1,3,0.6250,1.0000,102,nie
1456_zbledami_L1C_roi,support vector machine,Robust_Mahalanobis,94.9401,93.0759,-1.8642,18,4,0.0043,0.3171,102,nie
1456_zbledami_L1C_roi,spectral angle mapping,PCA_Reconstruction,92.9427,92.4101,-0.5326,6,2,0.2891,1.0000,102,nie
1456_zbledami_L1C_roi,spectral angle mapping,SAM,92.9427,92.5433,-0.3995,8,5,0.5811,1.0000,102,nie
1456_zbledami_L1C_roi,spectral angle mapping,EllipticEnvelope,92.9427,92.2770,-0.6658,8,3,0.2266,1.0000,102,nie
1456_zbledami_L1C_roi,spectral angle mapping,Band_Z-score,92.9427,91.3449,-1.5979,20,8,0.0376,1.0000,102,nie
1456_zbledami_L1C_roi,spectral angle mapping,Mahalanobis,92.9427,92.2770,-0.6658,17,12,0.4576,1.0000,102,nie
1456_zbledami_L1C_roi,spectral angle mapping,MAD,92.9427,91.7443,-1.1984,27,18,0.2330,1.0000,102,nie
1456_zbledami_L1C_roi,spectral angle mapping,IQR,92.9427,94.0080,1.0652,11,19,0.2012,1.0000,102,nie
1456_zbledami_L1C_roi,spectral angle mapping,IsolationForest,92.9427,92.4101,-0.5326,8,4,0.3877,1.0000,102,nie
1456_zbledami_L1C_roi,spectral angle mapping,Erosion,92.9427,91.7443,-1.1984,21,12,0.1637,1.0000,102,nie
1456_zbledami_L1C_roi,spectral angle mapping,Robust_Mahalanobis,92.9427,89.6138,-3.3289,38,13,0.0008,0.0630,102,nie
1456_zbledami_L1C_roi,spectral angle mapping,HotellingT2,92.9427,92.5433,-0.3995,17,14,0.7194,1.0000,102,nie
1456_zbledami_L1C_roi,spectral angle mapping,kNN,92.9427,92.4101,-0.5326,8,4,0.3877,1.0000,102,nie
1456_zbledami_L1C_roi,spectral angle mapping,LOF,92.9427,92.5433,-0.3995,7,4,0.5488,1.0000,102,nie
1456_zbledami_L1C_roi,spectral angle mapping,PCA,92.9427,91.6112,-1.3316,29,19,0.1939,1.0000,102,nie
1456_zbledami_L1C_roi,spectral angle mapping,GMM,92.9427,92.2770,-0.6658,8,3,0.2266,1.0000,102,nie
1456_zbledami_L1C_roi,spectral angle mapping,OneClassSVM,92.9427,92.5433,-0.3995,12,9,0.6636,1.0000,102,nie
1456_zbledami_L1C_roi,spectral angle mapping,Percentile,92.9427,92.0107,-0.9321,14,7,0.1892,1.0000,102,nie
1456_zbledami_L1C_roi,minimum distance,GMM,88.9481,89.0812,0.1332,2,3,1.0000,1.0000,102,nie
1456_zbledami_L1C_roi,minimum distance,OneClassSVM,88.9481,88.4154,-0.5326,5,1,0.2188,1.0000,102,nie
1456_zbledami_L1C_roi,minimum distance,Erosion,88.9481,87.4834,-1.4647,12,1,0.0034,0.2666,102,nie
1456_zbledami_L1C_roi,minimum distance,PCA,88.9481,88.5486,-0.3995,18,15,0.7277,1.0000,102,nie
1456_zbledami_L1C_roi,minimum distance,Percentile,88.9481,88.4154,-0.5326,5,1,0.2188,1.0000,102,nie
1456_zbledami_L1C_roi,minimum distance,IsolationForest,88.9481,88.5486,-0.3995,4,1,0.3750,1.0000,102,nie
1456_zbledami_L1C_roi,minimum distance,LOF,88.9481,89.0812,0.1332,2,3,1.0000,1.0000,102,nie
1456_zbledami_L1C_roi,minimum distance,Mahalanobis,88.9481,87.4834,-1.4647,12,1,0.0034,0.2666,102,nie
1456_zbledami_L1C_roi,minimum distance,EllipticEnvelope,88.9481,88.5486,-0.3995,4,1,0.3750,1.0000,102,nie
1456_zbledami_L1C_roi,minimum distance,PCA_Reconstruction,88.9481,88.5486,-0.3995,4,1,0.3750,1.0000,102,nie
1456_zbledami_L1C_roi,minimum distance,IQR,88.9481,87.0839,-1.8642,18,4,0.0043,0.3171,102,nie
1456_zbledami_L1C_roi,minimum distance,Robust_Mahalanobis,88.9481,87.7497,-1.1984,17,8,0.1096,1.0000,102,nie
1456_zbledami_L1C_roi,minimum distance,HotellingT2,88.9481,87.4834,-1.4647,12,1,0.0034,0.2666,102,nie
1456_zbledami_L1C_roi,minimum distance,kNN,88.9481,88.5486,-0.3995,4,1,0.3750,1.0000,102,nie
1456_zbledami_L1C_roi,minimum distance,Band_Z-score,88.9481,87.8828,-1.0652,10,2,0.0386,1.0000,102,nie
1456_zbledami_L1C_roi,minimum distance,MAD,88.9481,87.2170,-1.7310,18,5,0.0106,0.7435,102,nie
1456_zbledami_L1C_roi,minimum distance,SAM,88.9481,88.5486,-0.3995,4,1,0.3750,1.0000,102,nie
1456_zbledami_L2A_class,maximum likelihood,GMM,80.0266,81.4913,1.4647,3,14,0.0127,0.9035,102,nie
1456_zbledami_L2A_class,maximum likelihood,Mahalanobis,80.0266,83.8881,3.8615,13,42,0.0002,0.0133,102,TAK
1456_zbledami_L2A_class,maximum likelihood,IsolationForest,80.0266,81.7577,1.7310,3,16,0.0044,0.3407,102,nie
1456_zbledami_L2A_class,maximum likelihood,PCA_Reconstruction,80.0266,81.7577,1.7310,4,17,0.0072,0.5326,102,nie
1456_zbledami_L2A_class,maximum likelihood,Robust_Mahalanobis,80.0266,81.2250,1.1984,57,66,0.4707,1.0000,102,nie
1456_zbledami_L2A_class,maximum likelihood,SAM,80.0266,82.1571,2.1305,2,18,0.0004,0.0326,102,TAK
1456_zbledami_L2A_class,maximum likelihood,HotellingT2,80.0266,84.1545,4.1278,12,43,0.0001,0.0045,102,TAK
1456_zbledami_L2A_class,maximum likelihood,MAD,80.0266,82.8229,2.7963,16,37,0.0060,0.4568,102,nie
1456_zbledami_L2A_class,maximum likelihood,IQR,80.0266,72.9694,-7.0573,84,31,0.0000,0.0001,102,TAK
1456_zbledami_L2A_class,maximum likelihood,EllipticEnvelope,80.0266,83.0892,3.0626,2,25,0.0000,0.0020,102,TAK
1456_zbledami_L2A_class,maximum likelihood,OneClassSVM,80.0266,81.7577,1.7310,4,17,0.0072,0.5326,102,nie
1456_zbledami_L2A_class,maximum likelihood,LOF,80.0266,81.7577,1.7310,1,14,0.0010,0.0781,102,nie
1456_zbledami_L2A_class,maximum likelihood,Erosion,80.0266,81.0919,1.0652,20,28,0.3123,1.0000,102,nie
1456_zbledami_L2A_class,maximum likelihood,kNN,80.0266,82.2903,2.2636,2,19,0.0002,0.0181,102,TAK
1456_zbledami_L2A_class,maximum likelihood,PCA,80.0266,28.7617,-51.2650,393,8,0.0000,0.0000,102,TAK
1456_zbledami_L2A_class,maximum likelihood,Percentile,80.0266,84.1545,4.1278,6,37,0.0000,0.0004,102,TAK
1456_zbledami_L2A_class,maximum likelihood,Band_Z-score,80.0266,83.0892,3.0626,5,28,0.0001,0.0109,102,TAK
1456_zbledami_L2A_class,random forest,GMM,90.6791,89.7470,-0.9321,17,10,0.2482,1.0000,102,nie
1456_zbledami_L2A_class,random forest,Robust_Mahalanobis,90.6791,82.5566,-8.1225,78,17,0.0000,0.0000,102,TAK
1456_zbledami_L2A_class,random forest,Mahalanobis,90.6791,89.6138,-1.0652,20,12,0.2159,1.0000,102,nie
1456_zbledami_L2A_class,random forest,OneClassSVM,90.6791,90.8123,0.1332,6,7,1.0000,1.0000,102,nie
1456_zbledami_L2A_class,random forest,PCA,90.6791,88.6818,-1.9973,40,25,0.0825,1.0000,102,nie
1456_zbledami_L2A_class,random forest,SAM,90.6791,90.0133,-0.6658,14,9,0.4049,1.0000,102,nie
1456_zbledami_L2A_class,random forest,EllipticEnvelope,90.6791,90.1465,-0.5326,12,8,0.5034,1.0000,102,nie
1456_zbledami_L2A_class,random forest,kNN,90.6791,89.8802,-0.7989,15,9,0.3075,1.0000,102,nie
1456_zbledami_L2A_class,random forest,LOF,90.6791,89.4807,-1.1984,17,8,0.1096,1.0000,102,nie
1456_zbledami_L2A_class,random forest,Percentile,90.6791,88.4154,-2.2636,26,9,0.0068,0.5131,102,nie
1456_zbledami_L2A_class,random forest,IQR,90.6791,91.4780,0.7989,23,29,0.4881,1.0000,102,nie
1456_zbledami_L2A_class,random forest,Erosion,90.6791,87.4834,-3.1957,42,18,0.0030,0.2358,102,nie
1456_zbledami_L2A_class,random forest,PCA_Reconstruction,90.6791,90.6791,0.0000,5,5,1.0000,1.0000,102,nie
1456_zbledami_L2A_class,random forest,Band_Z-score,90.6791,90.1465,-0.5326,18,14,0.5959,1.0000,102,nie
1456_zbledami_L2A_class,random forest,IsolationForest,90.6791,90.1465,-0.5326,15,11,0.5563,1.0000,102,nie
1456_zbledami_L2A_class,random forest,MAD,90.6791,89.0812,-1.5979,33,21,0.1344,1.0000,102,nie
1456_zbledami_L2A_class,random forest,HotellingT2,90.6791,90.0133,-0.6658,22,17,0.5218,1.0000,102,nie
1456_zbledami_L2A_class,multi-layer perceptron,Mahalanobis,86.0186,93.7417,7.7230,12,70,0.0000,0.0000,102,TAK
1456_zbledami_L2A_class,multi-layer perceptron,Band_Z-score,86.0186,92.8096,6.7909,13,64,0.0000,0.0000,102,TAK
1456_zbledami_L2A_class,multi-layer perceptron,EllipticEnvelope,86.0186,90.9454,4.9268,26,63,0.0001,0.0114,102,TAK
1456_zbledami_L2A_class,multi-layer perceptron,SAM,86.0186,88.5486,2.5300,34,53,0.0536,1.0000,102,nie
1456_zbledami_L2A_class,multi-layer perceptron,PCA_Reconstruction,86.0186,91.8775,5.8589,8,52,0.0000,0.0000,102,TAK
1456_zbledami_L2A_class,multi-layer perceptron,IQR,86.0186,92.4101,6.3915,22,70,0.0000,0.0001,102,TAK
1456_zbledami_L2A_class,multi-layer perceptron,MAD,86.0186,92.6764,6.6578,15,65,0.0000,0.0000,102,TAK
1456_zbledami_L2A_class,multi-layer perceptron,kNN,86.0186,93.6085,7.5899,8,65,0.0000,0.0000,102,TAK
1456_zbledami_L2A_class,multi-layer perceptron,LOF,86.0186,92.5433,6.5246,7,56,0.0000,0.0000,102,TAK
1456_zbledami_L2A_class,multi-layer perceptron,HotellingT2,86.0186,89.7470,3.7284,45,73,0.0129,0.9055,102,nie
1456_zbledami_L2A_class,multi-layer perceptron,Robust_Mahalanobis,86.0186,83.4887,-2.5300,79,60,0.1268,1.0000,102,nie
1456_zbledami_L2A_class,multi-layer perceptron,Erosion,86.0186,89.6138,3.5952,39,66,0.0112,0.8042,102,nie
1456_zbledami_L2A_class,multi-layer perceptron,IsolationForest,86.0186,91.7443,5.7257,30,73,0.0000,0.0030,102,TAK
1456_zbledami_L2A_class,multi-layer perceptron,Percentile,86.0186,88.4154,2.3968,31,49,0.0573,1.0000,102,nie
1456_zbledami_L2A_class,multi-layer perceptron,OneClassSVM,86.0186,91.7443,5.7257,9,52,0.0000,0.0000,102,TAK
1456_zbledami_L2A_class,multi-layer perceptron,GMM,86.0186,92.1438,6.1252,8,54,0.0000,0.0000,102,TAK
1456_zbledami_L2A_class,multi-layer perceptron,PCA,86.0186,92.9427,6.9241,19,71,0.0000,0.0000,102,TAK
1456_zbledami_L2A_class,support vector machine,MAD,94.0080,94.4075,0.3995,11,14,0.6892,1.0000,102,nie
1456_zbledami_L2A_class,support vector machine,IQR,94.0080,94.6738,0.6658,10,15,0.4237,1.0000,102,nie
1456_zbledami_L2A_class,support vector machine,SAM,94.0080,94.0080,0.0000,2,2,1.0000,1.0000,102,nie
1456_zbledami_L2A_class,support vector machine,PCA_Reconstruction,94.0080,94.6738,0.6658,1,6,0.1250,1.0000,102,nie
1456_zbledami_L2A_class,support vector machine,Mahalanobis,94.0080,95.3395,1.3316,5,15,0.0414,1.0000,102,nie
1456_zbledami_L2A_class,support vector machine,EllipticEnvelope,94.0080,94.6738,0.6658,2,7,0.1797,1.0000,102,nie
1456_zbledami_L2A_class,support vector machine,Band_Z-score,94.0080,94.6738,0.6658,7,12,0.3593,1.0000,102,nie
1456_zbledami_L2A_class,support vector machine,OneClassSVM,94.0080,94.9401,0.9321,2,9,0.0654,1.0000,102,nie
1456_zbledami_L2A_class,support vector machine,GMM,94.0080,94.9401,0.9321,2,9,0.0654,1.0000,102,nie
1456_zbledami_L2A_class,support vector machine,PCA,94.0080,93.4754,-0.5326,16,12,0.5708,1.0000,102,nie
1456_zbledami_L2A_class,support vector machine,Percentile,94.0080,93.8748,-0.1332,4,3,1.0000,1.0000,102,nie
1456_zbledami_L2A_class,support vector machine,Erosion,94.0080,93.2091,-0.7989,8,2,0.1094,1.0000,102,nie
1456_zbledami_L2A_class,support vector machine,IsolationForest,94.0080,94.1411,0.1332,3,4,1.0000,1.0000,102,nie
1456_zbledami_L2A_class,support vector machine,HotellingT2,94.0080,95.0732,1.0652,5,13,0.0963,1.0000,102,nie
1456_zbledami_L2A_class,support vector machine,LOF,94.0080,94.0080,0.0000,3,3,1.0000,1.0000,102,nie
1456_zbledami_L2A_class,support vector machine,kNN,94.0080,94.8069,0.7989,2,8,0.1094,1.0000,102,nie
1456_zbledami_L2A_class,support vector machine,Robust_Mahalanobis,94.0080,91.3449,-2.6631,32,12,0.0042,0.3259,102,nie
1456_zbledami_L2A_class,spectral angle mapping,PCA_Reconstruction,88.4154,88.2823,-0.1332,7,6,1.0000,1.0000,102,nie
1456_zbledami_L2A_class,spectral angle mapping,SAM,88.4154,88.9481,0.5326,3,7,0.3438,1.0000,102,nie
1456_zbledami_L2A_class,spectral angle mapping,EllipticEnvelope,88.4154,88.6818,0.2663,6,8,0.7905,1.0000,102,nie
1456_zbledami_L2A_class,spectral angle mapping,Band_Z-score,88.4154,89.8802,1.4647,6,17,0.0347,1.0000,102,nie
1456_zbledami_L2A_class,spectral angle mapping,Mahalanobis,88.4154,88.9481,0.5326,13,17,0.5839,1.0000,102,nie
1456_zbledami_L2A_class,spectral angle mapping,MAD,88.4154,89.6138,1.1984,8,17,0.1096,1.0000,102,nie
1456_zbledami_L2A_class,spectral angle mapping,IQR,88.4154,89.7470,1.3316,9,19,0.0890,1.0000,102,nie
1456_zbledami_L2A_class,spectral angle mapping,IsolationForest,88.4154,88.6818,0.2663,5,7,0.7744,1.0000,102,nie
1456_zbledami_L2A_class,spectral angle mapping,Erosion,88.4154,88.9481,0.5326,7,11,0.4807,1.0000,102,nie
1456_zbledami_L2A_class,spectral angle mapping,Robust_Mahalanobis,88.4154,87.0839,-1.3316,33,23,0.2291,1.0000,102,nie
1456_zbledami_L2A_class,spectral angle mapping,HotellingT2,88.4154,89.2144,0.7989,11,17,0.3447,1.0000,102,nie
1456_zbledami_L2A_class,spectral angle mapping,kNN,88.4154,88.2823,-0.1332,7,6,1.0000,1.0000,102,nie
1456_zbledami_L2A_class,spectral angle mapping,LOF,88.4154,87.4834,-0.9321,7,0,0.0156,1.0000,102,nie
1456_zbledami_L2A_class,spectral angle mapping,PCA,88.4154,89.7470,1.3316,16,26,0.1649,1.0000,102,nie
1456_zbledami_L2A_class,spectral angle mapping,GMM,88.4154,88.4154,0.0000,5,5,1.0000,1.0000,102,nie
1456_zbledami_L2A_class,spectral angle mapping,OneClassSVM,88.4154,88.5486,0.1332,5,6,1.0000,1.0000,102,nie
1456_zbledami_L2A_class,spectral angle mapping,Percentile,88.4154,89.0812,0.6658,11,16,0.4414,1.0000,102,nie
1456_zbledami_L2A_class,minimum distance,GMM,88.2823,88.2823,0.0000,1,1,1.0000,1.0000,102,nie
1456_zbledami_L2A_class,minimum distance,OneClassSVM,88.2823,88.2823,0.0000,1,1,1.0000,1.0000,102,nie
1456_zbledami_L2A_class,minimum distance,Erosion,88.2823,88.2823,0.0000,7,7,1.0000,1.0000,102,nie
1456_zbledami_L2A_class,minimum distance,PCA,88.2823,86.8176,-1.4647,23,12,0.0910,1.0000,102,nie
1456_zbledami_L2A_class,minimum distance,Percentile,88.2823,88.2823,0.0000,2,2,1.0000,1.0000,102,nie
1456_zbledami_L2A_class,minimum distance,IsolationForest,88.2823,88.4154,0.1332,1,2,1.0000,1.0000,102,nie
1456_zbledami_L2A_class,minimum distance,LOF,88.2823,87.8828,-0.3995,3,0,0.2500,1.0000,102,nie
1456_zbledami_L2A_class,minimum distance,Mahalanobis,88.2823,88.4154,0.1332,3,4,1.0000,1.0000,102,nie
1456_zbledami_L2A_class,minimum distance,EllipticEnvelope,88.2823,88.2823,0.0000,1,1,1.0000,1.0000,102,nie
1456_zbledami_L2A_class,minimum distance,PCA_Reconstruction,88.2823,88.1491,-0.1332,1,0,1.0000,1.0000,102,nie
1456_zbledami_L2A_class,minimum distance,IQR,88.2823,88.6818,0.3995,3,6,0.5078,1.0000,102,nie
1456_zbledami_L2A_class,minimum distance,Robust_Mahalanobis,88.2823,86.9507,-1.3316,24,14,0.1443,1.0000,102,nie
1456_zbledami_L2A_class,minimum distance,HotellingT2,88.2823,88.4154,0.1332,3,4,1.0000,1.0000,102,nie
1456_zbledami_L2A_class,minimum distance,kNN,88.2823,88.4154,0.1332,1,2,1.0000,1.0000,102,nie
1456_zbledami_L2A_class,minimum distance,Band_Z-score,88.2823,88.8149,0.5326,1,5,0.2188,1.0000,102,nie
1456_zbledami_L2A_class,minimum distance,MAD,88.2823,88.4154,0.1332,3,4,1.0000,1.0000,102,nie
1456_zbledami_L2A_class,minimum distance,SAM,88.2823,88.1491,-0.1332,1,0,1.0000,1.0000,102,nie
1456_zbledami_L2A_roi,maximum likelihood,GMM,80.0266,81.6245,1.5979,2,14,0.0042,0.3972,102,nie
1456_zbledami_L2A_roi,maximum likelihood,Mahalanobis,80.0266,78.9614,-1.0652,27,19,0.3020,1.0000,102,nie
1456_zbledami_L2A_roi,maximum likelihood,IsolationForest,80.0266,81.0919,1.0652,8,16,0.1516,1.0000,102,nie
1456_zbledami_L2A_roi,maximum likelihood,PCA_Reconstruction,80.0266,80.9587,0.9321,6,13,0.1671,1.0000,102,nie
1456_zbledami_L2A_roi,maximum likelihood,Robust_Mahalanobis,80.0266,82.1571,2.1305,39,55,0.1218,1.0000,102,nie
1456_zbledami_L2A_roi,maximum likelihood,SAM,80.0266,80.9587,0.9321,8,15,0.2100,1.0000,102,nie
1456_zbledami_L2A_roi,maximum likelihood,HotellingT2,80.0266,77.4967,-2.5300,30,11,0.0049,0.4641,102,nie
1456_zbledami_L2A_roi,maximum likelihood,MAD,80.0266,71.5047,-8.5220,87,23,0.0000,0.0000,102,TAK
1456_zbledami_L2A_roi,maximum likelihood,IQR,80.0266,73.3688,-6.6578,70,20,0.0000,0.0000,102,TAK
1456_zbledami_L2A_roi,maximum likelihood,EllipticEnvelope,80.0266,80.5593,0.5326,8,12,0.5034,1.0000,102,nie
1456_zbledami_L2A_roi,maximum likelihood,OneClassSVM,80.0266,81.8908,1.8642,9,23,0.0216,1.0000,102,nie
1456_zbledami_L2A_roi,maximum likelihood,LOF,80.0266,80.5593,0.5326,8,12,0.5034,1.0000,102,nie
1456_zbledami_L2A_roi,maximum likelihood,Erosion,80.0266,81.0919,1.0652,20,28,0.3123,1.0000,102,nie
1456_zbledami_L2A_roi,maximum likelihood,kNN,80.0266,80.5593,0.5326,8,12,0.5034,1.0000,102,nie
1456_zbledami_L2A_roi,maximum likelihood,PCA,80.0266,64.8469,-15.1798,126,12,0.0000,0.0000,102,TAK
1456_zbledami_L2A_roi,maximum likelihood,Percentile,80.0266,78.8282,-1.1984,21,12,0.1637,1.0000,102,nie
1456_zbledami_L2A_roi,maximum likelihood,Band_Z-score,80.0266,79.8935,-0.1332,19,18,1.0000,1.0000,102,nie
1456_zbledami_L2A_roi,random forest,GMM,90.6791,90.5459,-0.1332,8,7,1.0000,1.0000,102,nie
1456_zbledami_L2A_roi,random forest,Robust_Mahalanobis,90.6791,89.2144,-1.4647,27,16,0.1273,1.0000,102,nie
1456_zbledami_L2A_roi,random forest,Mahalanobis,90.6791,89.7470,-0.9321,18,11,0.2652,1.0000,102,nie
1456_zbledami_L2A_roi,random forest,OneClassSVM,90.6791,90.1465,-0.5326,13,9,0.5235,1.0000,102,nie
1456_zbledami_L2A_roi,random forest,PCA,90.6791,86.4181,-4.2610,46,14,0.0001,0.0060,102,TAK
1456_zbledami_L2A_roi,random forest,SAM,90.6791,90.1465,-0.5326,12,8,0.5034,1.0000,102,nie
1456_zbledami_L2A_roi,random forest,EllipticEnvelope,90.6791,90.8123,0.1332,7,8,1.0000,1.0000,102,nie
1456_zbledami_L2A_roi,random forest,kNN,90.6791,90.9454,0.2663,11,13,0.8388,1.0000,102,nie
1456_zbledami_L2A_roi,random forest,LOF,90.6791,90.4128,-0.2663,11,9,0.8238,1.0000,102,nie
1456_zbledami_L2A_roi,random forest,Percentile,90.6791,90.9454,0.2663,10,12,0.8318,1.0000,102,nie
1456_zbledami_L2A_roi,random forest,IQR,90.6791,89.4807,-1.1984,21,12,0.1637,1.0000,102,nie
1456_zbledami_L2A_roi,random forest,Erosion,90.6791,87.8828,-2.7963,39,18,0.0081,0.7506,102,nie
1456_zbledami_L2A_roi,random forest,PCA_Reconstruction,90.6791,90.0133,-0.6658,12,7,0.3593,1.0000,102,nie
1456_zbledami_L2A_roi,random forest,Band_Z-score,90.6791,90.5459,-0.1332,14,13,1.0000,1.0000,102,nie
1456_zbledami_L2A_roi,random forest,IsolationForest,90.6791,90.1465,-0.5326,12,8,0.5034,1.0000,102,nie
1456_zbledami_L2A_roi,random forest,MAD,90.6791,89.0812,-1.5979,26,14,0.0820,1.0000,102,nie
1456_zbledami_L2A_roi,random forest,HotellingT2,90.6791,90.9454,0.2663,14,16,0.8551,1.0000,102,nie
1456_zbledami_L2A_roi,multi-layer perceptron,Mahalanobis,92.1438,92.8096,0.6658,27,32,0.6025,1.0000,102,nie
1456_zbledami_L2A_roi,multi-layer perceptron,Band_Z-score,92.1438,90.5459,-1.5979,50,38,0.2410,1.0000,102,nie
1456_zbledami_L2A_roi,multi-layer perceptron,EllipticEnvelope,92.1438,90.4128,-1.7310,32,19,0.0929,1.0000,102,nie
1456_zbledami_L2A_roi,multi-layer perceptron,SAM,92.1438,92.1438,0.0000,25,25,0.8875,1.0000,102,nie
1456_zbledami_L2A_roi,multi-layer perceptron,PCA_Reconstruction,92.1438,86.1518,-5.9920,75,30,0.0000,0.0017,102,TAK
1456_zbledami_L2A_roi,multi-layer perceptron,IQR,92.1438,89.8802,-2.2636,37,20,0.0341,1.0000,102,nie
1456_zbledami_L2A_roi,multi-layer perceptron,MAD,92.1438,90.8123,-1.3316,31,21,0.2120,1.0000,102,nie
1456_zbledami_L2A_roi,multi-layer perceptron,kNN,92.1438,93.0759,0.9321,26,33,0.4347,1.0000,102,nie
1456_zbledami_L2A_roi,multi-layer perceptron,LOF,92.1438,89.8802,-2.2636,30,13,0.0147,1.0000,102,nie
1456_zbledami_L2A_roi,multi-layer perceptron,HotellingT2,92.1438,92.4101,0.2663,13,15,0.8501,1.0000,102,nie
1456_zbledami_L2A_roi,multi-layer perceptron,Robust_Mahalanobis,92.1438,86.9507,-5.1931,49,10,0.0000,0.0001,102,TAK
1456_zbledami_L2A_roi,multi-layer perceptron,Erosion,92.1438,89.6138,-2.5300,43,24,0.0279,1.0000,102,nie
1456_zbledami_L2A_roi,multi-layer perceptron,IsolationForest,92.1438,92.6764,0.5326,14,18,0.5959,1.0000,102,nie
1456_zbledami_L2A_roi,multi-layer perceptron,Percentile,92.1438,90.4128,-1.7310,20,7,0.0209,1.0000,102,nie
1456_zbledami_L2A_roi,multi-layer perceptron,OneClassSVM,92.1438,92.6764,0.5326,14,18,0.5959,1.0000,102,nie
1456_zbledami_L2A_roi,multi-layer perceptron,GMM,92.1438,89.7470,-2.3968,38,20,0.0256,1.0000,102,nie
1456_zbledami_L2A_roi,multi-layer perceptron,PCA,92.1438,76.9640,-15.1798,133,19,0.0000,0.0000,102,TAK
1456_zbledami_L2A_roi,support vector machine,MAD,94.0080,94.1411,0.1332,9,10,1.0000,1.0000,102,nie
1456_zbledami_L2A_roi,support vector machine,IQR,94.0080,93.8748,-0.1332,11,10,1.0000,1.0000,102,nie
1456_zbledami_L2A_roi,support vector machine,SAM,94.0080,93.4754,-0.5326,5,1,0.2188,1.0000,102,nie
1456_zbledami_L2A_roi,support vector machine,PCA_Reconstruction,94.0080,93.8748,-0.1332,4,3,1.0000,1.0000,102,nie
1456_zbledami_L2A_roi,support vector machine,Mahalanobis,94.0080,94.9401,0.9321,4,11,0.1185,1.0000,102,nie
1456_zbledami_L2A_roi,support vector machine,EllipticEnvelope,94.0080,94.4075,0.3995,2,5,0.4531,1.0000,102,nie
1456_zbledami_L2A_roi,support vector machine,Band_Z-score,94.0080,94.9401,0.9321,2,9,0.0654,1.0000,102,nie
1456_zbledami_L2A_roi,support vector machine,OneClassSVM,94.0080,94.0080,0.0000,3,3,1.0000,1.0000,102,nie
1456_zbledami_L2A_roi,support vector machine,GMM,94.0080,94.2743,0.2663,1,3,0.6250,1.0000,102,nie
1456_zbledami_L2A_roi,support vector machine,PCA,94.0080,93.3422,-0.6658,18,13,0.4725,1.0000,102,nie
1456_zbledami_L2A_roi,support vector machine,Percentile,94.0080,94.0080,0.0000,3,3,1.0000,1.0000,102,nie
1456_zbledami_L2A_roi,support vector machine,Erosion,94.0080,93.2091,-0.7989,8,2,0.1094,1.0000,102,nie
1456_zbledami_L2A_roi,support vector machine,IsolationForest,94.0080,94.0080,0.0000,3,3,1.0000,1.0000,102,nie
1456_zbledami_L2A_roi,support vector machine,HotellingT2,94.0080,94.9401,0.9321,4,11,0.1185,1.0000,102,nie
1456_zbledami_L2A_roi,support vector machine,LOF,94.0080,94.2743,0.2663,1,3,0.6250,1.0000,102,nie
1456_zbledami_L2A_roi,support vector machine,kNN,94.0080,94.0080,0.0000,3,3,1.0000,1.0000,102,nie
1456_zbledami_L2A_roi,support vector machine,Robust_Mahalanobis,94.0080,93.6085,-0.3995,19,16,0.7353,1.0000,102,nie
1456_zbledami_L2A_roi,spectral angle mapping,PCA_Reconstruction,88.4154,88.0160,-0.3995,6,3,0.5078,1.0000,102,nie
1456_zbledami_L2A_roi,spectral angle mapping,SAM,88.4154,88.1491,-0.2663,7,5,0.7744,1.0000,102,nie
1456_zbledami_L2A_roi,spectral angle mapping,EllipticEnvelope,88.4154,87.8828,-0.5326,9,5,0.4240,1.0000,102,nie
1456_zbledami_L2A_roi,spectral angle mapping,Band_Z-score,88.4154,88.9481,0.5326,7,11,0.4807,1.0000,102,nie
1456_zbledami_L2A_roi,spectral angle mapping,Mahalanobis,88.4154,89.2144,0.7989,9,15,0.3075,1.0000,102,nie
1456_zbledami_L2A_roi,spectral angle mapping,MAD,88.4154,89.4807,1.0652,15,23,0.2561,1.0000,102,nie
1456_zbledami_L2A_roi,spectral angle mapping,IQR,88.4154,89.2144,0.7989,18,24,0.4404,1.0000,102,nie
1456_zbledami_L2A_roi,spectral angle mapping,IsolationForest,88.4154,87.8828,-0.5326,9,5,0.4240,1.0000,102,nie
1456_zbledami_L2A_roi,spectral angle mapping,Erosion,88.4154,88.9481,0.5326,7,11,0.4807,1.0000,102,nie
1456_zbledami_L2A_roi,spectral angle mapping,Robust_Mahalanobis,88.4154,88.8149,0.3995,24,27,0.7794,1.0000,102,nie
1456_zbledami_L2A_roi,spectral angle mapping,HotellingT2,88.4154,89.0812,0.6658,9,14,0.4049,1.0000,102,nie
1456_zbledami_L2A_roi,spectral angle mapping,kNN,88.4154,88.1491,-0.2663,6,4,0.7539,1.0000,102,nie
1456_zbledami_L2A_roi,spectral angle mapping,LOF,88.4154,87.8828,-0.5326,8,4,0.3877,1.0000,102,nie
1456_zbledami_L2A_roi,spectral angle mapping,PCA,88.4154,89.3475,0.9321,23,30,0.4098,1.0000,102,nie
1456_zbledami_L2A_roi,spectral angle mapping,GMM,88.4154,87.8828,-0.5326,7,3,0.3438,1.0000,102,nie
1456_zbledami_L2A_roi,spectral angle mapping,OneClassSVM,88.4154,88.2823,-0.1332,6,5,1.0000,1.0000,102,nie
1456_zbledami_L2A_roi,spectral angle mapping,Percentile,88.4154,87.6165,-0.7989,10,4,0.1796,1.0000,102,nie
1456_zbledami_L2A_roi,minimum distance,GMM,88.2823,88.2823,0.0000,1,1,1.0000,1.0000,102,nie
1456_zbledami_L2A_roi,minimum distance,OneClassSVM,88.2823,87.8828,-0.3995,3,0,0.2500,1.0000,102,nie
1456_zbledami_L2A_roi,minimum distance,Erosion,88.2823,88.2823,0.0000,7,7,1.0000,1.0000,102,nie
1456_zbledami_L2A_roi,minimum distance,PCA,88.2823,88.2823,0.0000,16,16,0.8597,1.0000,102,nie
1456_zbledami_L2A_roi,minimum distance,Percentile,88.2823,87.8828,-0.3995,3,0,0.2500,1.0000,102,nie
1456_zbledami_L2A_roi,minimum distance,IsolationForest,88.2823,88.1491,-0.1332,1,0,1.0000,1.0000,102,nie
1456_zbledami_L2A_roi,minimum distance,LOF,88.2823,88.1491,-0.1332,1,0,1.0000,1.0000,102,nie
1456_zbledami_L2A_roi,minimum distance,Mahalanobis,88.2823,87.6165,-0.6658,8,3,0.2266,1.0000,102,nie
1456_zbledami_L2A_roi,minimum distance,EllipticEnvelope,88.2823,88.0160,-0.2663,2,0,0.5000,1.0000,102,nie
1456_zbledami_L2A_roi,minimum distance,PCA_Reconstruction,88.2823,88.1491,-0.1332,1,0,1.0000,1.0000,102,nie
1456_zbledami_L2A_roi,minimum distance,IQR,88.2823,86.6844,-1.5979,18,6,0.0227,1.0000,102,nie
1456_zbledami_L2A_roi,minimum distance,Robust_Mahalanobis,88.2823,87.2170,-1.0652,20,12,0.2159,1.0000,102,nie
1456_zbledami_L2A_roi,minimum distance,HotellingT2,88.2823,87.6165,-0.6658,8,3,0.2266,1.0000,102,nie
1456_zbledami_L2A_roi,minimum distance,kNN,88.2823,88.0160,-0.2663,2,0,0.5000,1.0000,102,nie
1456_zbledami_L2A_roi,minimum distance,Band_Z-score,88.2823,87.8828,-0.3995,6,3,0.5078,1.0000,102,nie
1456_zbledami_L2A_roi,minimum distance,MAD,88.2823,87.6165,-0.6658,15,10,0.4237,1.0000,102,nie
1456_zbledami_L2A_roi,minimum distance,SAM,88.2823,88.1491,-0.1332,1,0,1.0000,1.0000,102,nie
